<?xml version="1.0" encoding="UTF-8" standalone="no"?>
<!-- pycsw 2.4.0 -->
<csw:GetRecordByIdResponse xmlns:csw="http://www.opengis.net/cat/csw/2.0.2" xmlns:dc="http://purl.org/dc/elements/1.1/" xmlns:dct="http://purl.org/dc/terms/" xmlns:dif="http://gcmd.gsfc.nasa.gov/Aboutus/xml/dif/" xmlns:gmd="http://www.isotc211.org/2005/gmd" xmlns:gml="http://www.opengis.net/gml" xmlns:ows="http://www.opengis.net/ows" xmlns:xs="http://www.w3.org/2001/XMLSchema" xmlns:xsi="http://www.w3.org/2001/XMLSchema-instance" xsi:schemaLocation="http://www.opengis.net/cat/csw/2.0.2 http://schemas.opengis.net/csw/2.0.2/CSW-discovery.xsd">
  <dif:DIF xsi:schemaLocation="http://gcmd.gsfc.nasa.gov/Aboutus/xml/dif/ http://gcmd.gsfc.nasa.gov/Aboutus/xml/dif/dif.xsd">
    <dif:Entry_ID>4ba091e0-b565-11e9-a946-0242ac120004</dif:Entry_ID>
    <dif:Entry_Title>AZ Highway Crash Fatalities (2012)</dif:Entry_Title>
    <dif:Data_Set_Citation>
      <dif:Dataset_Creator>pmshea</dif:Dataset_Creator>
      <dif:Dataset_Release_Date>2019-08-02T20:37:00Z</dif:Dataset_Release_Date>
      <dif:Dataset_Publisher>pmshea</dif:Dataset_Publisher>
      <dif:Data_Presentation_Form>vector</dif:Data_Presentation_Form>
    </dif:Data_Set_Citation>
    <dif:ISO_Topic_Category>transportation</dif:ISO_Topic_Category>
    <dif:Keyword>_2012_to_2016_outdoor_deaths_by_Census_Tract_in_Maricopa_County</dif:Keyword>
    <dif:Keyword>arizona</dif:Keyword>
    <dif:Keyword>crashes</dif:Keyword>
    <dif:Keyword>fars</dif:Keyword>
    <dif:Keyword>fatalities</dif:Keyword>
    <dif:Keyword>AZ_HwyCrash_Fatalities_2012</dif:Keyword>
    <dif:Keyword>features</dif:Keyword>
    <dif:Keyword>nhtsa</dif:Keyword>
    <dif:Keyword>safety</dif:Keyword>
    <dif:Keyword>transportation</dif:Keyword>
    <dif:Temporal_Coverage>
      <dif:Start_Date/>
      <dif:End_Date/>
    </dif:Temporal_Coverage>
    <dif:Spatial_Coverage>
      <dif:Southernmost_Latitude>31.33668333</dif:Southernmost_Latitude>
      <dif:Northernmost_Latitude>90.0</dif:Northernmost_Latitude>
      <dif:Westernmost_Longitude>245.264075</dif:Westernmost_Longitude>
      <dif:Easternmost_Longitude>297.572852672</dif:Easternmost_Longitude>
    </dif:Spatial_Coverage>
    <dif:Access_Constraints/>
    <dif:Data_Set_Language>eng</dif:Data_Set_Language>
    <dif:Originating_Center/>
    <dif:Summary>Point layer representing geolocations for all recorded crash fatalities involving at least one vehicle in 2012. Many attributes are associated with each incident location. For a full guide to attribute codes, consult this document: https://www.nber.org/fars/ftp.nhtsa.dot.gov/fars/FARS-DOC/Analytical%20User%20Guide/USERGUIDE-2015.pdf</dif:Summary>
    <dif:DIF_Creation_Date>2019-08-02T20:37:00Z</dif:DIF_Creation_Date>
    <dif:Related_URL>
      <dif:URL/>
    </dif:Related_URL>
    <dif:Related_URL>
      <dif:URL_Content_Type>
        <dif:Type>WWW:DOWNLOAD-1.0-http--download</dif:Type>
      </dif:URL_Content_Type>
      <dif:URL>http://dataexchange.asu.edu:80/gs/ows?service=WMS&amp;request=GetLegendGraphic&amp;format=image/png&amp;WIDTH=20&amp;HEIGHT=20&amp;LAYER=geonode:AZ_HwyCrash_Fatalities_2012&amp;STYLE=AZ_HwyCrash_Fatalities_2012&amp;legend_options=fontAntiAliasing:true;fontSize:12;forceLabels:on</dif:URL>
      <dif:Description>AZ Highway Crash Fatalities (2012) (Legend Format)</dif:Description>
    </dif:Related_URL>
    <dif:Related_URL>
      <dif:URL_Content_Type>
        <dif:Type>WWW:DOWNLOAD-1.0-http--download</dif:Type>
      </dif:URL_Content_Type>
      <dif:URL>http://dataexchange.asu.edu:80/gs/ows?layers=geonode%3AAZ_HwyCrash_Fatalities_2012&amp;service=WMS&amp;format=image%2Fpng&amp;request=GetMap&amp;height=550&amp;width=490&amp;bbox=245.264074999998000%2C31.336683330001600%2C297.572852671585000%2C89.999999999998500&amp;srs=EPSG%3A4326</dif:URL>
      <dif:Description>AZ Highway Crash Fatalities (2012) (PNG Format)</dif:Description>
    </dif:Related_URL>
    <dif:Related_URL>
      <dif:URL_Content_Type>
        <dif:Type>WWW:DOWNLOAD-1.0-http--download</dif:Type>
      </dif:URL_Content_Type>
      <dif:URL>http://dataexchange.asu.edu:80/gs/ows?layers=geonode%3AAZ_HwyCrash_Fatalities_2012&amp;service=WMS&amp;format=application%2Fpdf&amp;request=GetMap&amp;height=550&amp;width=490&amp;bbox=245.264074999998000%2C31.336683330001600%2C297.572852671585000%2C89.999999999998500&amp;srs=EPSG%3A4326</dif:URL>
      <dif:Description>AZ Highway Crash Fatalities (2012) (PDF Format)</dif:Description>
    </dif:Related_URL>
    <dif:Related_URL>
      <dif:URL_Content_Type>
        <dif:Type>WWW:DOWNLOAD-1.0-http--download</dif:Type>
      </dif:URL_Content_Type>
      <dif:URL>http://dataexchange.asu.edu:80/gs/ows?layers=geonode%3AAZ_HwyCrash_Fatalities_2012&amp;service=WMS&amp;format=image%2Fjpeg&amp;request=GetMap&amp;height=550&amp;width=490&amp;bbox=245.264074999998000%2C31.336683330001600%2C297.572852671585000%2C89.999999999998500&amp;srs=EPSG%3A4326</dif:URL>
      <dif:Description>AZ Highway Crash Fatalities (2012) (JPEG Format)</dif:Description>
    </dif:Related_URL>
    <dif:Related_URL>
      <dif:URL_Content_Type>
        <dif:Type>OGC:WMS</dif:Type>
      </dif:URL_Content_Type>
      <dif:URL>http://dataexchange.asu.edu:80/gs/ows</dif:URL>
      <dif:Description>OGC WMS: geonode Service</dif:Description>
    </dif:Related_URL>
    <dif:Related_URL>
      <dif:URL_Content_Type>
        <dif:Type>WWW:LINK-1.0-http--link</dif:Type>
      </dif:URL_Content_Type>
      <dif:URL>http://dataexchange.asu.edu:80/layers/geonode:AZ_HwyCrash_Fatalities_2012</dif:URL>
      <dif:Description>Web address (URL)</dif:Description>
    </dif:Related_URL>
    <dif:Related_URL>
      <dif:URL_Content_Type>
        <dif:Type>WWW:DOWNLOAD-1.0-http--download</dif:Type>
      </dif:URL_Content_Type>
      <dif:URL>http://dataexchange.asu.edu:80/gs/ows?srsName=EPSG%3A4326&amp;outputFormat=json&amp;service=WFS&amp;srs=EPSG%3A4326&amp;request=GetFeature&amp;typename=geonode%3AAZ_HwyCrash_Fatalities_2012&amp;version=1.0.0</dif:URL>
      <dif:Description>AZ Highway Crash Fatalities (2012) (GeoJSON Format)</dif:Description>
    </dif:Related_URL>
    <dif:Related_URL>
      <dif:URL_Content_Type>
        <dif:Type>WWW:DOWNLOAD-1.0-http--download</dif:Type>
      </dif:URL_Content_Type>
      <dif:URL>http://dataexchange.asu.edu:80/gs/ows?outputFormat=excel&amp;service=WFS&amp;srs=EPSG%3A4326&amp;request=GetFeature&amp;typename=geonode%3AAZ_HwyCrash_Fatalities_2012&amp;version=1.0.0</dif:URL>
      <dif:Description>AZ Highway Crash Fatalities (2012) (Excel Format)</dif:Description>
    </dif:Related_URL>
    <dif:Related_URL>
      <dif:URL_Content_Type>
        <dif:Type>WWW:DOWNLOAD-1.0-http--download</dif:Type>
      </dif:URL_Content_Type>
      <dif:URL>http://dataexchange.asu.edu:80/gs/ows?outputFormat=csv&amp;service=WFS&amp;srs=EPSG%3A4326&amp;request=GetFeature&amp;typename=geonode%3AAZ_HwyCrash_Fatalities_2012&amp;version=1.0.0</dif:URL>
      <dif:Description>AZ Highway Crash Fatalities (2012) (CSV Format)</dif:Description>
    </dif:Related_URL>
    <dif:Related_URL>
      <dif:URL_Content_Type>
        <dif:Type>WWW:DOWNLOAD-1.0-http--download</dif:Type>
      </dif:URL_Content_Type>
      <dif:URL>http://dataexchange.asu.edu:80/gs/ows?outputFormat=text%2Fxml%3B+subtype%3Dgml%2F3.1.1&amp;service=WFS&amp;srs=EPSG%3A4326&amp;request=GetFeature&amp;typename=geonode%3AAZ_HwyCrash_Fatalities_2012&amp;version=1.0.0</dif:URL>
      <dif:Description>AZ Highway Crash Fatalities (2012) (GML 3.1.1 Format)</dif:Description>
    </dif:Related_URL>
    <dif:Related_URL>
      <dif:URL_Content_Type>
        <dif:Type>WWW:DOWNLOAD-1.0-http--download</dif:Type>
      </dif:URL_Content_Type>
      <dif:URL>http://dataexchange.asu.edu:80/gs/ows?outputFormat=gml2&amp;service=WFS&amp;srs=EPSG%3A4326&amp;request=GetFeature&amp;typename=geonode%3AAZ_HwyCrash_Fatalities_2012&amp;version=1.0.0</dif:URL>
      <dif:Description>AZ Highway Crash Fatalities (2012) (GML 2.0 Format)</dif:Description>
    </dif:Related_URL>
    <dif:Related_URL>
      <dif:URL_Content_Type>
        <dif:Type>WWW:DOWNLOAD-1.0-http--download</dif:Type>
      </dif:URL_Content_Type>
      <dif:URL>http://dataexchange.asu.edu:80/gs/ows?outputFormat=SHAPE-ZIP&amp;service=WFS&amp;srs=EPSG%3A4326&amp;request=GetFeature&amp;format_options=charset%3AUTF-8&amp;typename=geonode%3AAZ_HwyCrash_Fatalities_2012&amp;version=1.0.0</dif:URL>
      <dif:Description>AZ Highway Crash Fatalities (2012) (Zipped Shapefile Format)</dif:Description>
    </dif:Related_URL>
    <dif:Related_URL>
      <dif:URL_Content_Type>
        <dif:Type>WWW:DOWNLOAD-1.0-http--download</dif:Type>
      </dif:URL_Content_Type>
      <dif:URL>http://dataexchange.asu.edu:80/download/71</dif:URL>
      <dif:Description>AZ Highway Crash Fatalities (2012) (Original Dataset Format)</dif:Description>
    </dif:Related_URL>
    <dif:Metadata_Name>CEOS IDN DIF</dif:Metadata_Name>
    <dif:Metadata_Version>9.7</dif:Metadata_Version>
  </dif:DIF>
</csw:GetRecordByIdResponse>
