<?xml version="1.0" encoding="UTF-8" standalone="no"?>
<!-- pycsw 2.4.0 -->
<csw:GetRecordByIdResponse xmlns:csw="http://www.opengis.net/cat/csw/2.0.2" xmlns:dc="http://purl.org/dc/elements/1.1/" xmlns:dct="http://purl.org/dc/terms/" xmlns:gmd="http://www.isotc211.org/2005/gmd" xmlns:gml="http://www.opengis.net/gml" xmlns:ows="http://www.opengis.net/ows" xmlns:xs="http://www.w3.org/2001/XMLSchema" xmlns:xsi="http://www.w3.org/2001/XMLSchema-instance" xsi:schemaLocation="http://www.opengis.net/cat/csw/2.0.2 http://schemas.opengis.net/csw/2.0.2/CSW-discovery.xsd">
  <metadata xsi:noNamespaceSchemaLocation="http://www.fgdc.gov/metadata/fgdc-std-001-1998.xsd">
    <idinfo>
      <datasetid>4ba091e0-b565-11e9-a946-0242ac120004</datasetid>
      <citation>
        <citeinfo>
          <title>AZ Highway Crash Fatalities (2012)</title>
          <publinfo>
            <publish>pmshea</publish>
          </publinfo>
          <origin>pmshea</origin>
          <geoform>vector</geoform>
          <onlink></onlink>
          <onlink type="WWW:DOWNLOAD-1.0-http--download">http://dataexchange.asu.edu:80/gs/ows?service=WMS&amp;request=GetLegendGraphic&amp;format=image/png&amp;WIDTH=20&amp;HEIGHT=20&amp;LAYER=geonode:AZ_HwyCrash_Fatalities_2012&amp;STYLE=AZ_HwyCrash_Fatalities_2012&amp;legend_options=fontAntiAliasing:true;fontSize:12;forceLabels:on</onlink>
          <onlink type="WWW:DOWNLOAD-1.0-http--download">http://dataexchange.asu.edu:80/gs/ows?layers=geonode%3AAZ_HwyCrash_Fatalities_2012&amp;service=WMS&amp;format=image%2Fpng&amp;request=GetMap&amp;height=550&amp;width=490&amp;bbox=245.264074999998000%2C31.336683330001600%2C297.572852671585000%2C89.999999999998500&amp;srs=EPSG%3A4326</onlink>
          <onlink type="WWW:DOWNLOAD-1.0-http--download">http://dataexchange.asu.edu:80/gs/ows?layers=geonode%3AAZ_HwyCrash_Fatalities_2012&amp;service=WMS&amp;format=application%2Fpdf&amp;request=GetMap&amp;height=550&amp;width=490&amp;bbox=245.264074999998000%2C31.336683330001600%2C297.572852671585000%2C89.999999999998500&amp;srs=EPSG%3A4326</onlink>
          <onlink type="WWW:DOWNLOAD-1.0-http--download">http://dataexchange.asu.edu:80/gs/ows?layers=geonode%3AAZ_HwyCrash_Fatalities_2012&amp;service=WMS&amp;format=image%2Fjpeg&amp;request=GetMap&amp;height=550&amp;width=490&amp;bbox=245.264074999998000%2C31.336683330001600%2C297.572852671585000%2C89.999999999998500&amp;srs=EPSG%3A4326</onlink>
          <onlink type="OGC:WMS">http://dataexchange.asu.edu:80/gs/ows</onlink>
          <onlink type="WWW:LINK-1.0-http--link">http://dataexchange.asu.edu:80/layers/geonode:AZ_HwyCrash_Fatalities_2012</onlink>
          <onlink type="WWW:DOWNLOAD-1.0-http--download">http://dataexchange.asu.edu:80/gs/ows?srsName=EPSG%3A4326&amp;outputFormat=json&amp;service=WFS&amp;srs=EPSG%3A4326&amp;request=GetFeature&amp;typename=geonode%3AAZ_HwyCrash_Fatalities_2012&amp;version=1.0.0</onlink>
          <onlink type="WWW:DOWNLOAD-1.0-http--download">http://dataexchange.asu.edu:80/gs/ows?outputFormat=excel&amp;service=WFS&amp;srs=EPSG%3A4326&amp;request=GetFeature&amp;typename=geonode%3AAZ_HwyCrash_Fatalities_2012&amp;version=1.0.0</onlink>
          <onlink type="WWW:DOWNLOAD-1.0-http--download">http://dataexchange.asu.edu:80/gs/ows?outputFormat=csv&amp;service=WFS&amp;srs=EPSG%3A4326&amp;request=GetFeature&amp;typename=geonode%3AAZ_HwyCrash_Fatalities_2012&amp;version=1.0.0</onlink>
          <onlink type="WWW:DOWNLOAD-1.0-http--download">http://dataexchange.asu.edu:80/gs/ows?outputFormat=text%2Fxml%3B+subtype%3Dgml%2F3.1.1&amp;service=WFS&amp;srs=EPSG%3A4326&amp;request=GetFeature&amp;typename=geonode%3AAZ_HwyCrash_Fatalities_2012&amp;version=1.0.0</onlink>
          <onlink type="WWW:DOWNLOAD-1.0-http--download">http://dataexchange.asu.edu:80/gs/ows?outputFormat=gml2&amp;service=WFS&amp;srs=EPSG%3A4326&amp;request=GetFeature&amp;typename=geonode%3AAZ_HwyCrash_Fatalities_2012&amp;version=1.0.0</onlink>
          <onlink type="WWW:DOWNLOAD-1.0-http--download">http://dataexchange.asu.edu:80/gs/ows?outputFormat=SHAPE-ZIP&amp;service=WFS&amp;srs=EPSG%3A4326&amp;request=GetFeature&amp;format_options=charset%3AUTF-8&amp;typename=geonode%3AAZ_HwyCrash_Fatalities_2012&amp;version=1.0.0</onlink>
          <onlink type="WWW:DOWNLOAD-1.0-http--download">http://dataexchange.asu.edu:80/download/71</onlink>
        </citeinfo>
      </citation>
      <keywords>
        <theme>
          <themekey>_2012_to_2016_outdoor_deaths_by_Census_Tract_in_Maricopa_County</themekey>
          <themekey>arizona</themekey>
          <themekey>crashes</themekey>
          <themekey>fars</themekey>
          <themekey>fatalities</themekey>
          <themekey>AZ_HwyCrash_Fatalities_2012</themekey>
          <themekey>features</themekey>
          <themekey>nhtsa</themekey>
          <themekey>safety</themekey>
          <themekey>transportation</themekey>
        </theme>
      </keywords>
      <accconst></accconst>
      <descript>
        <abstract>Point layer representing geolocations for all recorded crash fatalities involving at least one vehicle in 2012. Many attributes are associated with each incident location. For a full guide to attribute codes, consult this document: https://www.nber.org/fars/ftp.nhtsa.dot.gov/fars/FARS-DOC/Analytical%20User%20Guide/USERGUIDE-2015.pdf</abstract>
      </descript>
      <spdom>
        <bounding>
          <westbc>245.264075</westbc>
          <eastbc>297.572852672</eastbc>
          <northbc>90.0</northbc>
          <southbc>31.33668333</southbc>
        </bounding>
      </spdom>
      <datacred>pmshea</datacred>
      <spdoinfo>
        <direct>dataset</direct>
      </spdoinfo>
    </idinfo>
    <distinfo>
      <stdorder>
        <digform>
          <digtinfo>
            <formname>vector</formname>
          </digtinfo>
        </digform>
      </stdorder>
    </distinfo>
    <lineage>
      <srcinfo>
        <srccite>
          <citeinfo>
            <title></title>
          </citeinfo>
        </srccite>
      </srcinfo>
    </lineage>
    <metainfo>
      <metd>2019-08-02T20:37:00Z</metd>
    </metainfo>
  </metadata>
</csw:GetRecordByIdResponse>
