<?xml version="1.0" encoding="UTF-8" standalone="no"?>
<!-- pycsw 2.4.0 -->
<csw:GetRecordByIdResponse xmlns:atom="http://www.w3.org/2005/Atom" xmlns:csw="http://www.opengis.net/cat/csw/2.0.2" xmlns:dc="http://purl.org/dc/elements/1.1/" xmlns:dct="http://purl.org/dc/terms/" xmlns:gmd="http://www.isotc211.org/2005/gmd" xmlns:gml="http://www.opengis.net/gml" xmlns:ows="http://www.opengis.net/ows" xmlns:xs="http://www.w3.org/2001/XMLSchema" xmlns:xsi="http://www.w3.org/2001/XMLSchema-instance" xsi:schemaLocation="http://www.opengis.net/cat/csw/2.0.2 http://schemas.opengis.net/csw/2.0.2/CSW-discovery.xsd">
  <atom:entry xmlns:georss="http://www.georss.org/georss" xsi:schemaLocation="http://www.w3.org/2005/Atom http://www.kbcafe.com/rss/atom.xsd.xml">
    <atom:author>
      <atom:name>pyager1</atom:name>
    </atom:author>
    <atom:category term="neighborhoods"/>
    <atom:category term="transportation"/>
    <atom:category term="youth"/>
    <atom:contributor>pyager1</atom:contributor>
    <atom:id>4f7198f0-96c5-11e9-abff-0242ac120003</atom:id>
    <dc:identifier>4f7198f0-96c5-11e9-abff-0242ac120003</dc:identifier>
    <atom:link href="http://dataexchange.asu.edu:80/download/57" title=" Arizona" type="Bikeways in Maricopa and Pinal Counties"/>
    <atom:link href="http://dataexchange.asu.edu:80/gs/ows?outputFormat=SHAPE-ZIP&amp;service=WFS&amp;srs=EPSG%3A4326&amp;request=GetFeature&amp;format_options=charset%3AUTF-8&amp;typename=geonode%3ABikeways_in_Maricopa_and_Pinal_Counties_Arizo&amp;version=1.0.0" title=" Arizona" type="Bikeways in Maricopa and Pinal Counties"/>
    <atom:link href="http://dataexchange.asu.edu:80/gs/ows?outputFormat=gml2&amp;service=WFS&amp;srs=EPSG%3A4326&amp;request=GetFeature&amp;typename=geonode%3ABikeways_in_Maricopa_and_Pinal_Counties_Arizo&amp;version=1.0.0" title=" Arizona" type="Bikeways in Maricopa and Pinal Counties"/>
    <atom:link href="http://dataexchange.asu.edu:80/gs/ows?outputFormat=text%2Fxml%3B+subtype%3Dgml%2F3.1.1&amp;service=WFS&amp;srs=EPSG%3A4326&amp;request=GetFeature&amp;typename=geonode%3ABikeways_in_Maricopa_and_Pinal_Counties_Arizo&amp;version=1.0.0" title=" Arizona" type="Bikeways in Maricopa and Pinal Counties"/>
    <atom:link href="http://dataexchange.asu.edu:80/gs/ows?outputFormat=csv&amp;service=WFS&amp;srs=EPSG%3A4326&amp;request=GetFeature&amp;typename=geonode%3ABikeways_in_Maricopa_and_Pinal_Counties_Arizo&amp;version=1.0.0" title=" Arizona" type="Bikeways in Maricopa and Pinal Counties"/>
    <atom:link href="http://dataexchange.asu.edu:80/gs/ows?outputFormat=excel&amp;service=WFS&amp;srs=EPSG%3A4326&amp;request=GetFeature&amp;typename=geonode%3ABikeways_in_Maricopa_and_Pinal_Counties_Arizo&amp;version=1.0.0" title=" Arizona" type="Bikeways in Maricopa and Pinal Counties"/>
    <atom:link href="http://dataexchange.asu.edu:80/gs/ows?srsName=EPSG%3A4326&amp;outputFormat=json&amp;service=WFS&amp;srs=EPSG%3A4326&amp;request=GetFeature&amp;typename=geonode%3ABikeways_in_Maricopa_and_Pinal_Counties_Arizo&amp;version=1.0.0" title=" Arizona" type="Bikeways in Maricopa and Pinal Counties"/>
    <atom:link href="http://dataexchange.asu.edu:80/layers/geonode:Bikeways_in_Maricopa_and_Pinal_Counties_Arizo" title=" Arizona" type="Web address (URL)"/>
    <atom:link href="http://dataexchange.asu.edu:80/gs/ows" title=" Arizona" type="OGC WMS: geonode Service"/>
    <atom:link href="http://dataexchange.asu.edu:80/gs/ows?layers=geonode%3ABikeways_in_Maricopa_and_Pinal_Counties_Arizo&amp;service=WMS&amp;format=image%2Fjpeg&amp;request=GetMap&amp;height=550&amp;width=739&amp;bbox=-113.341064323942000%2C32.500058932939600%2C-110.709132799343000%2C34.458562999111200&amp;srs=EPSG%3A4326" title=" Arizona" type="Bikeways in Maricopa and Pinal Counties"/>
    <atom:link href="http://dataexchange.asu.edu:80/gs/ows?layers=geonode%3ABikeways_in_Maricopa_and_Pinal_Counties_Arizo&amp;service=WMS&amp;format=application%2Fpdf&amp;request=GetMap&amp;height=550&amp;width=739&amp;bbox=-113.341064323942000%2C32.500058932939600%2C-110.709132799343000%2C34.458562999111200&amp;srs=EPSG%3A4326" title=" Arizona" type="Bikeways in Maricopa and Pinal Counties"/>
    <atom:link href="http://dataexchange.asu.edu:80/gs/ows?layers=geonode%3ABikeways_in_Maricopa_and_Pinal_Counties_Arizo&amp;service=WMS&amp;format=image%2Fpng&amp;request=GetMap&amp;height=550&amp;width=739&amp;bbox=-113.341064323942000%2C32.500058932939600%2C-110.709132799343000%2C34.458562999111200&amp;srs=EPSG%3A4326" title=" Arizona" type="Bikeways in Maricopa and Pinal Counties"/>
    <atom:link href="http://dataexchange.asu.edu:80/gs/ows?service=WMS&amp;request=GetLegendGraphic&amp;format=image/png&amp;WIDTH=20&amp;HEIGHT=20&amp;LAYER=geonode:Bikeways_in_Maricopa_and_Pinal_Counties_Arizo&amp;STYLE=Bikeways_in_Maricopa_and_Pinal_Counties_Arizo&amp;legend_options=fontAntiAliasing:true;fontSize:12;forceLabels:on" title=" Arizona" type="Bikeways in Maricopa and Pinal Counties"/>
    <atom:link href="http://dataexchange.asu.edu:80/catalogue/csw?service=CSW&amp;version=2.0.2&amp;request=GetRepositoryItem&amp;id=4f7198f0-96c5-11e9-abff-0242ac120003"/>
    <atom:title>Bikeways in Maricopa and Pinal Counties, Arizona</atom:title>
    <atom:updated>2019-04-26</atom:updated>
    <atom:published>2019-04-26</atom:published>
    <atom:summary>This feature class represents existing, locally designated bicycle facilities routes (working) in Maricopa County.</atom:summary>
    <georss:where>
      <gml:Envelope srsName="http://www.opengis.net/def/crs/EPSG/0/4326">
        <gml:lowerCorner>32.5000589329 -113.341064324</gml:lowerCorner>
        <gml:upperCorner>34.4585629991 -110.709132799</gml:upperCorner>
      </gml:Envelope>
    </georss:where>
  </atom:entry>
</csw:GetRecordByIdResponse>
