<?xml version="1.0" encoding="UTF-8" standalone="no"?>
<!-- pycsw 2.4.0 -->
<csw:GetRecordByIdResponse xmlns:csw="http://www.opengis.net/cat/csw/2.0.2" xmlns:dc="http://purl.org/dc/elements/1.1/" xmlns:dct="http://purl.org/dc/terms/" xmlns:dif="http://gcmd.gsfc.nasa.gov/Aboutus/xml/dif/" xmlns:gmd="http://www.isotc211.org/2005/gmd" xmlns:gml="http://www.opengis.net/gml" xmlns:ows="http://www.opengis.net/ows" xmlns:xs="http://www.w3.org/2001/XMLSchema" xmlns:xsi="http://www.w3.org/2001/XMLSchema-instance" xsi:schemaLocation="http://www.opengis.net/cat/csw/2.0.2 http://schemas.opengis.net/csw/2.0.2/CSW-discovery.xsd">
  <dif:DIF xsi:schemaLocation="http://gcmd.gsfc.nasa.gov/Aboutus/xml/dif/ http://gcmd.gsfc.nasa.gov/Aboutus/xml/dif/dif.xsd">
    <dif:Entry_ID>4f7198f0-96c5-11e9-abff-0242ac120003</dif:Entry_ID>
    <dif:Entry_Title>Bikeways in Maricopa and Pinal Counties, Arizona</dif:Entry_Title>
    <dif:Data_Set_Citation>
      <dif:Dataset_Creator>pyager1</dif:Dataset_Creator>
      <dif:Dataset_Release_Date>2019-04-26</dif:Dataset_Release_Date>
      <dif:Dataset_Publisher>pyager1</dif:Dataset_Publisher>
      <dif:Data_Presentation_Form>vector</dif:Data_Presentation_Form>
    </dif:Data_Set_Citation>
    <dif:ISO_Topic_Category>transportation</dif:ISO_Topic_Category>
    <dif:Keyword>neighborhoods</dif:Keyword>
    <dif:Keyword>transportation</dif:Keyword>
    <dif:Keyword>youth</dif:Keyword>
    <dif:Temporal_Coverage>
      <dif:Start_Date>2016-01-01</dif:Start_Date>
      <dif:End_Date>2016-12-31</dif:End_Date>
    </dif:Temporal_Coverage>
    <dif:Spatial_Coverage>
      <dif:Southernmost_Latitude>32.5000589329</dif:Southernmost_Latitude>
      <dif:Northernmost_Latitude>34.4585629991</dif:Northernmost_Latitude>
      <dif:Westernmost_Longitude>-113.341064324</dif:Westernmost_Longitude>
      <dif:Easternmost_Longitude>-110.709132799</dif:Easternmost_Longitude>
    </dif:Spatial_Coverage>
    <dif:Access_Constraints/>
    <dif:Data_Set_Language>eng</dif:Data_Set_Language>
    <dif:Originating_Center/>
    <dif:Summary>This feature class represents existing, locally designated bicycle facilities routes (working) in Maricopa County.</dif:Summary>
    <dif:DIF_Creation_Date>2019-04-26</dif:DIF_Creation_Date>
    <dif:Related_URL>
      <dif:URL/>
    </dif:Related_URL>
    <dif:Related_URL>
      <dif:URL_Content_Type>
        <dif:Type>Bikeways in Maricopa and Pinal Counties</dif:Type>
      </dif:URL_Content_Type>
      <dif:URL>http://dataexchange.asu.edu:80/download/57</dif:URL>
      <dif:Description> Arizona</dif:Description>
    </dif:Related_URL>
    <dif:Related_URL>
      <dif:URL_Content_Type>
        <dif:Type>Bikeways in Maricopa and Pinal Counties</dif:Type>
      </dif:URL_Content_Type>
      <dif:URL>http://dataexchange.asu.edu:80/gs/ows?outputFormat=SHAPE-ZIP&amp;service=WFS&amp;srs=EPSG%3A4326&amp;request=GetFeature&amp;format_options=charset%3AUTF-8&amp;typename=geonode%3ABikeways_in_Maricopa_and_Pinal_Counties_Arizo&amp;version=1.0.0</dif:URL>
      <dif:Description> Arizona</dif:Description>
    </dif:Related_URL>
    <dif:Related_URL>
      <dif:URL_Content_Type>
        <dif:Type>Bikeways in Maricopa and Pinal Counties</dif:Type>
      </dif:URL_Content_Type>
      <dif:URL>http://dataexchange.asu.edu:80/gs/ows?outputFormat=gml2&amp;service=WFS&amp;srs=EPSG%3A4326&amp;request=GetFeature&amp;typename=geonode%3ABikeways_in_Maricopa_and_Pinal_Counties_Arizo&amp;version=1.0.0</dif:URL>
      <dif:Description> Arizona</dif:Description>
    </dif:Related_URL>
    <dif:Related_URL>
      <dif:URL_Content_Type>
        <dif:Type>Bikeways in Maricopa and Pinal Counties</dif:Type>
      </dif:URL_Content_Type>
      <dif:URL>http://dataexchange.asu.edu:80/gs/ows?outputFormat=text%2Fxml%3B+subtype%3Dgml%2F3.1.1&amp;service=WFS&amp;srs=EPSG%3A4326&amp;request=GetFeature&amp;typename=geonode%3ABikeways_in_Maricopa_and_Pinal_Counties_Arizo&amp;version=1.0.0</dif:URL>
      <dif:Description> Arizona</dif:Description>
    </dif:Related_URL>
    <dif:Related_URL>
      <dif:URL_Content_Type>
        <dif:Type>Bikeways in Maricopa and Pinal Counties</dif:Type>
      </dif:URL_Content_Type>
      <dif:URL>http://dataexchange.asu.edu:80/gs/ows?outputFormat=csv&amp;service=WFS&amp;srs=EPSG%3A4326&amp;request=GetFeature&amp;typename=geonode%3ABikeways_in_Maricopa_and_Pinal_Counties_Arizo&amp;version=1.0.0</dif:URL>
      <dif:Description> Arizona</dif:Description>
    </dif:Related_URL>
    <dif:Related_URL>
      <dif:URL_Content_Type>
        <dif:Type>Bikeways in Maricopa and Pinal Counties</dif:Type>
      </dif:URL_Content_Type>
      <dif:URL>http://dataexchange.asu.edu:80/gs/ows?outputFormat=excel&amp;service=WFS&amp;srs=EPSG%3A4326&amp;request=GetFeature&amp;typename=geonode%3ABikeways_in_Maricopa_and_Pinal_Counties_Arizo&amp;version=1.0.0</dif:URL>
      <dif:Description> Arizona</dif:Description>
    </dif:Related_URL>
    <dif:Related_URL>
      <dif:URL_Content_Type>
        <dif:Type>Bikeways in Maricopa and Pinal Counties</dif:Type>
      </dif:URL_Content_Type>
      <dif:URL>http://dataexchange.asu.edu:80/gs/ows?srsName=EPSG%3A4326&amp;outputFormat=json&amp;service=WFS&amp;srs=EPSG%3A4326&amp;request=GetFeature&amp;typename=geonode%3ABikeways_in_Maricopa_and_Pinal_Counties_Arizo&amp;version=1.0.0</dif:URL>
      <dif:Description> Arizona</dif:Description>
    </dif:Related_URL>
    <dif:Related_URL>
      <dif:URL_Content_Type>
        <dif:Type>Web address (URL)</dif:Type>
      </dif:URL_Content_Type>
      <dif:URL>http://dataexchange.asu.edu:80/layers/geonode:Bikeways_in_Maricopa_and_Pinal_Counties_Arizo</dif:URL>
      <dif:Description> Arizona</dif:Description>
    </dif:Related_URL>
    <dif:Related_URL>
      <dif:URL_Content_Type>
        <dif:Type>OGC WMS: geonode Service</dif:Type>
      </dif:URL_Content_Type>
      <dif:URL>http://dataexchange.asu.edu:80/gs/ows</dif:URL>
      <dif:Description> Arizona</dif:Description>
    </dif:Related_URL>
    <dif:Related_URL>
      <dif:URL_Content_Type>
        <dif:Type>Bikeways in Maricopa and Pinal Counties</dif:Type>
      </dif:URL_Content_Type>
      <dif:URL>http://dataexchange.asu.edu:80/gs/ows?layers=geonode%3ABikeways_in_Maricopa_and_Pinal_Counties_Arizo&amp;service=WMS&amp;format=image%2Fjpeg&amp;request=GetMap&amp;height=550&amp;width=739&amp;bbox=-113.341064323942000%2C32.500058932939600%2C-110.709132799343000%2C34.458562999111200&amp;srs=EPSG%3A4326</dif:URL>
      <dif:Description> Arizona</dif:Description>
    </dif:Related_URL>
    <dif:Related_URL>
      <dif:URL_Content_Type>
        <dif:Type>Bikeways in Maricopa and Pinal Counties</dif:Type>
      </dif:URL_Content_Type>
      <dif:URL>http://dataexchange.asu.edu:80/gs/ows?layers=geonode%3ABikeways_in_Maricopa_and_Pinal_Counties_Arizo&amp;service=WMS&amp;format=application%2Fpdf&amp;request=GetMap&amp;height=550&amp;width=739&amp;bbox=-113.341064323942000%2C32.500058932939600%2C-110.709132799343000%2C34.458562999111200&amp;srs=EPSG%3A4326</dif:URL>
      <dif:Description> Arizona</dif:Description>
    </dif:Related_URL>
    <dif:Related_URL>
      <dif:URL_Content_Type>
        <dif:Type>Bikeways in Maricopa and Pinal Counties</dif:Type>
      </dif:URL_Content_Type>
      <dif:URL>http://dataexchange.asu.edu:80/gs/ows?layers=geonode%3ABikeways_in_Maricopa_and_Pinal_Counties_Arizo&amp;service=WMS&amp;format=image%2Fpng&amp;request=GetMap&amp;height=550&amp;width=739&amp;bbox=-113.341064323942000%2C32.500058932939600%2C-110.709132799343000%2C34.458562999111200&amp;srs=EPSG%3A4326</dif:URL>
      <dif:Description> Arizona</dif:Description>
    </dif:Related_URL>
    <dif:Related_URL>
      <dif:URL_Content_Type>
        <dif:Type>Bikeways in Maricopa and Pinal Counties</dif:Type>
      </dif:URL_Content_Type>
      <dif:URL>http://dataexchange.asu.edu:80/gs/ows?service=WMS&amp;request=GetLegendGraphic&amp;format=image/png&amp;WIDTH=20&amp;HEIGHT=20&amp;LAYER=geonode:Bikeways_in_Maricopa_and_Pinal_Counties_Arizo&amp;STYLE=Bikeways_in_Maricopa_and_Pinal_Counties_Arizo&amp;legend_options=fontAntiAliasing:true;fontSize:12;forceLabels:on</dif:URL>
      <dif:Description> Arizona</dif:Description>
    </dif:Related_URL>
    <dif:Metadata_Name>CEOS IDN DIF</dif:Metadata_Name>
    <dif:Metadata_Version>9.7</dif:Metadata_Version>
  </dif:DIF>
</csw:GetRecordByIdResponse>
