<?xml version="1.0" encoding="UTF-8" standalone="no"?>
<!-- pycsw 2.4.0 -->
<csw:GetRecordByIdResponse xmlns:csw="http://www.opengis.net/cat/csw/2.0.2" xmlns:dc="http://purl.org/dc/elements/1.1/" xmlns:dct="http://purl.org/dc/terms/" xmlns:gmd="http://www.isotc211.org/2005/gmd" xmlns:gml="http://www.opengis.net/gml" xmlns:ows="http://www.opengis.net/ows" xmlns:xs="http://www.w3.org/2001/XMLSchema" xmlns:xsi="http://www.w3.org/2001/XMLSchema-instance" xsi:schemaLocation="http://www.opengis.net/cat/csw/2.0.2 http://schemas.opengis.net/csw/2.0.2/CSW-discovery.xsd">
  <csw:Record>
    <dc:identifier>4f7198f0-96c5-11e9-abff-0242ac120003</dc:identifier>
    <dc:title>Bikeways in Maricopa and Pinal Counties, Arizona</dc:title>
    <dc:type>dataset</dc:type>
    <dc:subject>neighborhoods</dc:subject>
    <dc:subject>transportation</dc:subject>
    <dc:subject>youth</dc:subject>
    <dc:subject scheme="http://www.isotc211.org/2005/resources/Codelist/gmxCodelists.xml#MD_TopicCategoryCode">transportation</dc:subject>
    <dc:format>vector</dc:format>
    <dct:references scheme="Bikeways in Maricopa and Pinal Counties">http://dataexchange.asu.edu:80/download/57</dct:references>
    <dct:references scheme="Bikeways in Maricopa and Pinal Counties">http://dataexchange.asu.edu:80/gs/ows?outputFormat=SHAPE-ZIP&amp;service=WFS&amp;srs=EPSG%3A4326&amp;request=GetFeature&amp;format_options=charset%3AUTF-8&amp;typename=geonode%3ABikeways_in_Maricopa_and_Pinal_Counties_Arizo&amp;version=1.0.0</dct:references>
    <dct:references scheme="Bikeways in Maricopa and Pinal Counties">http://dataexchange.asu.edu:80/gs/ows?outputFormat=gml2&amp;service=WFS&amp;srs=EPSG%3A4326&amp;request=GetFeature&amp;typename=geonode%3ABikeways_in_Maricopa_and_Pinal_Counties_Arizo&amp;version=1.0.0</dct:references>
    <dct:references scheme="Bikeways in Maricopa and Pinal Counties">http://dataexchange.asu.edu:80/gs/ows?outputFormat=text%2Fxml%3B+subtype%3Dgml%2F3.1.1&amp;service=WFS&amp;srs=EPSG%3A4326&amp;request=GetFeature&amp;typename=geonode%3ABikeways_in_Maricopa_and_Pinal_Counties_Arizo&amp;version=1.0.0</dct:references>
    <dct:references scheme="Bikeways in Maricopa and Pinal Counties">http://dataexchange.asu.edu:80/gs/ows?outputFormat=csv&amp;service=WFS&amp;srs=EPSG%3A4326&amp;request=GetFeature&amp;typename=geonode%3ABikeways_in_Maricopa_and_Pinal_Counties_Arizo&amp;version=1.0.0</dct:references>
    <dct:references scheme="Bikeways in Maricopa and Pinal Counties">http://dataexchange.asu.edu:80/gs/ows?outputFormat=excel&amp;service=WFS&amp;srs=EPSG%3A4326&amp;request=GetFeature&amp;typename=geonode%3ABikeways_in_Maricopa_and_Pinal_Counties_Arizo&amp;version=1.0.0</dct:references>
    <dct:references scheme="Bikeways in Maricopa and Pinal Counties">http://dataexchange.asu.edu:80/gs/ows?srsName=EPSG%3A4326&amp;outputFormat=json&amp;service=WFS&amp;srs=EPSG%3A4326&amp;request=GetFeature&amp;typename=geonode%3ABikeways_in_Maricopa_and_Pinal_Counties_Arizo&amp;version=1.0.0</dct:references>
    <dct:references scheme="Web address (URL)">http://dataexchange.asu.edu:80/layers/geonode:Bikeways_in_Maricopa_and_Pinal_Counties_Arizo</dct:references>
    <dct:references scheme="OGC WMS: geonode Service">http://dataexchange.asu.edu:80/gs/ows</dct:references>
    <dct:references scheme="Bikeways in Maricopa and Pinal Counties">http://dataexchange.asu.edu:80/gs/ows?layers=geonode%3ABikeways_in_Maricopa_and_Pinal_Counties_Arizo&amp;service=WMS&amp;format=image%2Fjpeg&amp;request=GetMap&amp;height=550&amp;width=739&amp;bbox=-113.341064323942000%2C32.500058932939600%2C-110.709132799343000%2C34.458562999111200&amp;srs=EPSG%3A4326</dct:references>
    <dct:references scheme="Bikeways in Maricopa and Pinal Counties">http://dataexchange.asu.edu:80/gs/ows?layers=geonode%3ABikeways_in_Maricopa_and_Pinal_Counties_Arizo&amp;service=WMS&amp;format=application%2Fpdf&amp;request=GetMap&amp;height=550&amp;width=739&amp;bbox=-113.341064323942000%2C32.500058932939600%2C-110.709132799343000%2C34.458562999111200&amp;srs=EPSG%3A4326</dct:references>
    <dct:references scheme="Bikeways in Maricopa and Pinal Counties">http://dataexchange.asu.edu:80/gs/ows?layers=geonode%3ABikeways_in_Maricopa_and_Pinal_Counties_Arizo&amp;service=WMS&amp;format=image%2Fpng&amp;request=GetMap&amp;height=550&amp;width=739&amp;bbox=-113.341064323942000%2C32.500058932939600%2C-110.709132799343000%2C34.458562999111200&amp;srs=EPSG%3A4326</dct:references>
    <dct:references scheme="Bikeways in Maricopa and Pinal Counties">http://dataexchange.asu.edu:80/gs/ows?service=WMS&amp;request=GetLegendGraphic&amp;format=image/png&amp;WIDTH=20&amp;HEIGHT=20&amp;LAYER=geonode:Bikeways_in_Maricopa_and_Pinal_Counties_Arizo&amp;STYLE=Bikeways_in_Maricopa_and_Pinal_Counties_Arizo&amp;legend_options=fontAntiAliasing:true;fontSize:12;forceLabels:on</dct:references>
    <dct:modified>2019-04-26</dct:modified>
    <dct:abstract>This feature class represents existing, locally designated bicycle facilities routes (working) in Maricopa County.</dct:abstract>
    <dc:date>2019-04-26</dc:date>
    <dc:creator>pyager1</dc:creator>
    <dc:publisher>pyager1</dc:publisher>
    <dc:contributor>pyager1</dc:contributor>
    <dc:language>eng</dc:language>
    <dct:alternative>geonode:Bikeways_in_Maricopa_and_Pinal_Counties_Arizo</dct:alternative>
    <dct:spatial scheme="http://www.opengis.net/def/crs">EPSG:4326</dct:spatial>
    <ows:BoundingBox crs="urn:x-ogc:def:crs:EPSG:6.11:4326" dimensions="2">
      <ows:LowerCorner>32.5000589329 -113.341064324</ows:LowerCorner>
      <ows:UpperCorner>34.4585629991 -110.709132799</ows:UpperCorner>
    </ows:BoundingBox>
  </csw:Record>
</csw:GetRecordByIdResponse>
