<?xml version="1.0" encoding="UTF-8" standalone="no"?>
<!-- pycsw 2.4.0 -->
<csw:GetRecordByIdResponse xmlns:csw="http://www.opengis.net/cat/csw/2.0.2" xmlns:dc="http://purl.org/dc/elements/1.1/" xmlns:dct="http://purl.org/dc/terms/" xmlns:gmd="http://www.isotc211.org/2005/gmd" xmlns:gml="http://www.opengis.net/gml" xmlns:ows="http://www.opengis.net/ows" xmlns:xs="http://www.w3.org/2001/XMLSchema" xmlns:xsi="http://www.w3.org/2001/XMLSchema-instance" xsi:schemaLocation="http://www.opengis.net/cat/csw/2.0.2 http://schemas.opengis.net/csw/2.0.2/CSW-discovery.xsd">
  <metadata xsi:noNamespaceSchemaLocation="http://www.fgdc.gov/metadata/fgdc-std-001-1998.xsd">
    <idinfo>
      <datasetid>4f7198f0-96c5-11e9-abff-0242ac120003</datasetid>
      <citation>
        <citeinfo>
          <title>Bikeways in Maricopa and Pinal Counties, Arizona</title>
          <publinfo>
            <publish>pyager1</publish>
          </publinfo>
          <origin>pyager1</origin>
          <geoform>vector</geoform>
          <onlink></onlink>
          <onlink type="Bikeways in Maricopa and Pinal Counties">http://dataexchange.asu.edu:80/download/57</onlink>
          <onlink type="Bikeways in Maricopa and Pinal Counties">http://dataexchange.asu.edu:80/gs/ows?outputFormat=SHAPE-ZIP&amp;service=WFS&amp;srs=EPSG%3A4326&amp;request=GetFeature&amp;format_options=charset%3AUTF-8&amp;typename=geonode%3ABikeways_in_Maricopa_and_Pinal_Counties_Arizo&amp;version=1.0.0</onlink>
          <onlink type="Bikeways in Maricopa and Pinal Counties">http://dataexchange.asu.edu:80/gs/ows?outputFormat=gml2&amp;service=WFS&amp;srs=EPSG%3A4326&amp;request=GetFeature&amp;typename=geonode%3ABikeways_in_Maricopa_and_Pinal_Counties_Arizo&amp;version=1.0.0</onlink>
          <onlink type="Bikeways in Maricopa and Pinal Counties">http://dataexchange.asu.edu:80/gs/ows?outputFormat=text%2Fxml%3B+subtype%3Dgml%2F3.1.1&amp;service=WFS&amp;srs=EPSG%3A4326&amp;request=GetFeature&amp;typename=geonode%3ABikeways_in_Maricopa_and_Pinal_Counties_Arizo&amp;version=1.0.0</onlink>
          <onlink type="Bikeways in Maricopa and Pinal Counties">http://dataexchange.asu.edu:80/gs/ows?outputFormat=csv&amp;service=WFS&amp;srs=EPSG%3A4326&amp;request=GetFeature&amp;typename=geonode%3ABikeways_in_Maricopa_and_Pinal_Counties_Arizo&amp;version=1.0.0</onlink>
          <onlink type="Bikeways in Maricopa and Pinal Counties">http://dataexchange.asu.edu:80/gs/ows?outputFormat=excel&amp;service=WFS&amp;srs=EPSG%3A4326&amp;request=GetFeature&amp;typename=geonode%3ABikeways_in_Maricopa_and_Pinal_Counties_Arizo&amp;version=1.0.0</onlink>
          <onlink type="Bikeways in Maricopa and Pinal Counties">http://dataexchange.asu.edu:80/gs/ows?srsName=EPSG%3A4326&amp;outputFormat=json&amp;service=WFS&amp;srs=EPSG%3A4326&amp;request=GetFeature&amp;typename=geonode%3ABikeways_in_Maricopa_and_Pinal_Counties_Arizo&amp;version=1.0.0</onlink>
          <onlink type="Web address (URL)">http://dataexchange.asu.edu:80/layers/geonode:Bikeways_in_Maricopa_and_Pinal_Counties_Arizo</onlink>
          <onlink type="OGC WMS: geonode Service">http://dataexchange.asu.edu:80/gs/ows</onlink>
          <onlink type="Bikeways in Maricopa and Pinal Counties">http://dataexchange.asu.edu:80/gs/ows?layers=geonode%3ABikeways_in_Maricopa_and_Pinal_Counties_Arizo&amp;service=WMS&amp;format=image%2Fjpeg&amp;request=GetMap&amp;height=550&amp;width=739&amp;bbox=-113.341064323942000%2C32.500058932939600%2C-110.709132799343000%2C34.458562999111200&amp;srs=EPSG%3A4326</onlink>
          <onlink type="Bikeways in Maricopa and Pinal Counties">http://dataexchange.asu.edu:80/gs/ows?layers=geonode%3ABikeways_in_Maricopa_and_Pinal_Counties_Arizo&amp;service=WMS&amp;format=application%2Fpdf&amp;request=GetMap&amp;height=550&amp;width=739&amp;bbox=-113.341064323942000%2C32.500058932939600%2C-110.709132799343000%2C34.458562999111200&amp;srs=EPSG%3A4326</onlink>
          <onlink type="Bikeways in Maricopa and Pinal Counties">http://dataexchange.asu.edu:80/gs/ows?layers=geonode%3ABikeways_in_Maricopa_and_Pinal_Counties_Arizo&amp;service=WMS&amp;format=image%2Fpng&amp;request=GetMap&amp;height=550&amp;width=739&amp;bbox=-113.341064323942000%2C32.500058932939600%2C-110.709132799343000%2C34.458562999111200&amp;srs=EPSG%3A4326</onlink>
          <onlink type="Bikeways in Maricopa and Pinal Counties">http://dataexchange.asu.edu:80/gs/ows?service=WMS&amp;request=GetLegendGraphic&amp;format=image/png&amp;WIDTH=20&amp;HEIGHT=20&amp;LAYER=geonode:Bikeways_in_Maricopa_and_Pinal_Counties_Arizo&amp;STYLE=Bikeways_in_Maricopa_and_Pinal_Counties_Arizo&amp;legend_options=fontAntiAliasing:true;fontSize:12;forceLabels:on</onlink>
        </citeinfo>
      </citation>
      <keywords>
        <theme>
          <themekey>neighborhoods</themekey>
          <themekey>transportation</themekey>
          <themekey>youth</themekey>
        </theme>
      </keywords>
      <accconst></accconst>
      <descript>
        <abstract>This feature class represents existing, locally designated bicycle facilities routes (working) in Maricopa County.</abstract>
      </descript>
      <timeperd>
        <timeinfo>
          <timeinfo>
            <begdate>2016-01-01</begdate>
            <enddate>2016-12-31</enddate>
          </timeinfo>
        </timeinfo>
      </timeperd>
      <spdom>
        <bounding>
          <westbc>-113.341064324</westbc>
          <eastbc>-110.709132799</eastbc>
          <northbc>34.4585629991</northbc>
          <southbc>32.5000589329</southbc>
        </bounding>
      </spdom>
      <datacred>pyager1</datacred>
      <spdoinfo>
        <direct>dataset</direct>
      </spdoinfo>
    </idinfo>
    <distinfo>
      <stdorder>
        <digform>
          <digtinfo>
            <formname>vector</formname>
          </digtinfo>
        </digform>
      </stdorder>
    </distinfo>
    <lineage>
      <srcinfo>
        <srccite>
          <citeinfo>
            <title></title>
          </citeinfo>
        </srccite>
      </srcinfo>
    </lineage>
    <metainfo>
      <metd>2019-04-26</metd>
    </metainfo>
  </metadata>
</csw:GetRecordByIdResponse>
