<?xml version="1.0" encoding="UTF-8"?><MD_Metadata xmlns:xlink="http://www.w3.org/1999/xlink" xmlns:srv="http://www.isotc211.org/2005/srv" xmlns:gts="http://www.isotc211.org/2005/gts" xmlns:xalan="http://xml.apache.org/xalan" xmlns:gco="http://www.isotc211.org/2005/gco" xmlns:gml="http://www.opengis.net/gml" xmlns:xsi="http://www.w3.org/2001/XMLSchema-instance" xmlns="http://www.isotc211.org/2005/gmd">
<language>
<LanguageCode codeList="http://www.loc.gov/standards/iso639-2/php/code_list.php" codeListValue="eng" codeSpace="ISO639-2">eng</LanguageCode>
</language>
<characterSet>
<MD_CharacterSetCode codeList="http://www.isotc211.org/2005/resources/Codelist/gmxCodelists.xml#MD_CharacterSetCode" codeListValue="utf8" codeSpace="ISOTC211/19115">utf8</MD_CharacterSetCode>
</characterSet>
<hierarchyLevel>
<MD_ScopeCode codeList="http://www.isotc211.org/2005/resources/Codelist/gmxCodelists.xml#MD_ScopeCode" codeListValue="dataset" codeSpace="ISOTC211/19115">dataset</MD_ScopeCode>
</hierarchyLevel>
<hierarchyLevelName>
<gco:CharacterString>dataset</gco:CharacterString>
</hierarchyLevelName>
<contact>
<CI_ResponsibleParty>
<individualName>
<gco:CharacterString>Jason Howard</gco:CharacterString>
</individualName>
<organisationName>
<gco:CharacterString>Maricopa Association of Governments</gco:CharacterString>
</organisationName>
<positionName>
<gco:CharacterString>GIS Program Manager</gco:CharacterString>
</positionName>
<contactInfo>
<CI_Contact>
<phone>
<CI_Telephone>
<voice>
<gco:CharacterString>602.254.6300</gco:CharacterString>
</voice>
<facsimile>
<gco:CharacterString>602.254.6490</gco:CharacterString>
</facsimile>
</CI_Telephone>
</phone>
<address>
<CI_Address>
<deliveryPoint>
<gco:CharacterString>302 North 1st Avenue, Suite 300</gco:CharacterString>
</deliveryPoint>
<city>
<gco:CharacterString>Phoenix</gco:CharacterString>
</city>
<administrativeArea>
<gco:CharacterString>Arizona</gco:CharacterString>
</administrativeArea>
<postalCode>
<gco:CharacterString>85003</gco:CharacterString>
</postalCode>
<country>
<Country codeList="http://www.iso.org/iso/country_codes/iso_3166_code_lists.htm" codeListValue="US" codeSpace="ISO3166-1">US</Country>
</country>
<electronicMailAddress>
<gco:CharacterString>jhoward@azmag.gov</gco:CharacterString>
</electronicMailAddress>
</CI_Address>
</address>
</CI_Contact>
</contactInfo>
<role>
<CI_RoleCode codeList="http://www.isotc211.org/2005/resources/Codelist/gmxCodelists.xml#CI_RoleCode" codeListValue="originator" codeSpace="ISOTC211/19115">originator</CI_RoleCode>
</role>
</CI_ResponsibleParty>
</contact>
<dateStamp>
<gco:Date>2019-04-26</gco:Date>
</dateStamp>
<metadataStandardName>
<gco:CharacterString>ISO 19139 Geographic Information - Metadata - Implementation Specification</gco:CharacterString>
</metadataStandardName>
<metadataStandardVersion>
<gco:CharacterString>2007</gco:CharacterString>
</metadataStandardVersion>
<spatialRepresentationInfo>
<MD_VectorSpatialRepresentation>
<topologyLevel>
<MD_TopologyLevelCode codeList="http://www.isotc211.org/2005/resources/Codelist/gmxCodelists.xml#MD_TopologyLevelCode" codeListValue="geometryOnly" codeSpace="ISOTC211/19115">geometryOnly</MD_TopologyLevelCode>
</topologyLevel>
<geometricObjects>
<MD_GeometricObjects>
<geometricObjectType>
<MD_GeometricObjectTypeCode codeList="http://www.isotc211.org/2005/resources/Codelist/gmxCodelists.xml#MD_GeometricObjectTypeCode" codeListValue="composite" codeSpace="ISOTC211/19115">composite</MD_GeometricObjectTypeCode>
</geometricObjectType>
</MD_GeometricObjects>
</geometricObjects>
</MD_VectorSpatialRepresentation>
</spatialRepresentationInfo>
<referenceSystemInfo>
<MD_ReferenceSystem>
<referenceSystemIdentifier>
<RS_Identifier>
<code>
<gco:CharacterString>2868</gco:CharacterString>
</code>
<codeSpace>
<gco:CharacterString>EPSG</gco:CharacterString>
</codeSpace>
<version>
<gco:CharacterString>6.13(9.0.0)</gco:CharacterString>
</version>
</RS_Identifier>
</referenceSystemIdentifier>
</MD_ReferenceSystem>
</referenceSystemInfo>
<identificationInfo>
<MD_DataIdentification>
<citation>
<CI_Citation>
<title>
<gco:CharacterString>Bikeways in Maricopa and Pinal Counties, Arizona, (Working)</gco:CharacterString>
</title>
<date>
<CI_Date>
<date>
<gco:Date>2017-03-14</gco:Date>
</date>
<dateType>
<CI_DateTypeCode codeList="http://www.isotc211.org/2005/resources/Codelist/gmxCodelists.xml#CI_DateTypeCode" codeListValue="publication" codeSpace="ISOTC211/19115">publication</CI_DateTypeCode>
</dateType>
</CI_Date>
</date>
<citedResponsibleParty>
<CI_ResponsibleParty>
<individualName>
<gco:CharacterString>Jason Howard</gco:CharacterString>
</individualName>
<organisationName>
<gco:CharacterString>Maricopa Association of Governments</gco:CharacterString>
</organisationName>
<positionName>
<gco:CharacterString>GIS Program Manager</gco:CharacterString>
</positionName>
<contactInfo>
<CI_Contact>
<phone>
<CI_Telephone>
<voice>
<gco:CharacterString>602.254.6300</gco:CharacterString>
</voice>
<facsimile>
<gco:CharacterString>602.254.6490</gco:CharacterString>
</facsimile>
</CI_Telephone>
</phone>
<address>
<CI_Address>
<deliveryPoint>
<gco:CharacterString>302 North 1st Avenue, Suite 300</gco:CharacterString>
</deliveryPoint>
<city>
<gco:CharacterString>Phoenix</gco:CharacterString>
</city>
<administrativeArea>
<gco:CharacterString>Arizona</gco:CharacterString>
</administrativeArea>
<postalCode>
<gco:CharacterString>85003</gco:CharacterString>
</postalCode>
<country>
<Country codeList="http://www.iso.org/iso/country_codes/iso_3166_code_lists.htm" codeListValue="US" codeSpace="ISO3166-1">US</Country>
</country>
<electronicMailAddress>
<gco:CharacterString>jhoward@azmag.gov</gco:CharacterString>
</electronicMailAddress>
</CI_Address>
</address>
</CI_Contact>
</contactInfo>
<role>
<CI_RoleCode codeList="http://www.isotc211.org/2005/resources/Codelist/gmxCodelists.xml#CI_RoleCode" codeListValue="originator" codeSpace="ISOTC211/19115">originator</CI_RoleCode>
</role>
</CI_ResponsibleParty>
</citedResponsibleParty>
<presentationForm>
<CI_PresentationFormCode codeList="http://www.isotc211.org/2005/resources/Codelist/gmxCodelists.xml#CI_PresentationFormCode" codeListValue="mapDigital" codeSpace="ISOTC211/19115">mapDigital</CI_PresentationFormCode>
</presentationForm>
</CI_Citation>
</citation>
<abstract>
<gco:CharacterString>This feature class represents existing, locally designated bicycle facilities routes in Maricopa County.</gco:CharacterString>
</abstract>
<purpose>
<gco:CharacterString>The data are created to serve as base information for use in GIS systems for a variety of planning and analysis purposes.
</gco:CharacterString>
</purpose>
<credit>
<gco:CharacterString>Maricopa Association of Governments and the MAG member agencies.</gco:CharacterString>
</credit>
<status>
<MD_ProgressCode codeList="http://www.isotc211.org/2005/resources/Codelist/gmxCodelists.xml#MD_ProgressCode" codeListValue="completed" codeSpace="ISOTC211/19115">completed</MD_ProgressCode>
</status>
<pointOfContact>
<CI_ResponsibleParty>
<individualName>
<gco:CharacterString>Jason Howard</gco:CharacterString>
</individualName>
<organisationName>
<gco:CharacterString>Maricopa Association of Governments</gco:CharacterString>
</organisationName>
<positionName>
<gco:CharacterString>GIS Program Manager</gco:CharacterString>
</positionName>
<contactInfo>
<CI_Contact>
<phone>
<CI_Telephone>
<voice>
<gco:CharacterString>602.254.6300</gco:CharacterString>
</voice>
<facsimile>
<gco:CharacterString>602.254.6490</gco:CharacterString>
</facsimile>
</CI_Telephone>
</phone>
<address>
<CI_Address>
<deliveryPoint>
<gco:CharacterString>302 North 1st Avenue, Suite 300</gco:CharacterString>
</deliveryPoint>
<city>
<gco:CharacterString>Phoenix</gco:CharacterString>
</city>
<administrativeArea>
<gco:CharacterString>Arizona</gco:CharacterString>
</administrativeArea>
<postalCode>
<gco:CharacterString>85003</gco:CharacterString>
</postalCode>
<country>
<Country codeList="http://www.iso.org/iso/country_codes/iso_3166_code_lists.htm" codeListValue="US" codeSpace="ISO3166-1">US</Country>
</country>
<electronicMailAddress>
<gco:CharacterString>jhoward@azmag.gov</gco:CharacterString>
</electronicMailAddress>
</CI_Address>
</address>
</CI_Contact>
</contactInfo>
<role>
<CI_RoleCode codeList="http://www.isotc211.org/2005/resources/Codelist/gmxCodelists.xml#CI_RoleCode" codeListValue="originator" codeSpace="ISOTC211/19115">originator</CI_RoleCode>
</role>
</CI_ResponsibleParty>
</pointOfContact>
<resourceMaintenance>
<MD_MaintenanceInformation>
<maintenanceAndUpdateFrequency>
<MD_MaintenanceFrequencyCode codeList="http://www.isotc211.org/2005/resources/Codelist/gmxCodelists.xml#MD_MaintenanceFrequencyCode" codeListValue="annually" codeSpace="ISOTC211/19115">annually</MD_MaintenanceFrequencyCode>
</maintenanceAndUpdateFrequency>
</MD_MaintenanceInformation>
</resourceMaintenance>
<descriptiveKeywords>
<MD_Keywords>
<keyword>
<gco:CharacterString>Arizona</gco:CharacterString>
</keyword>
<keyword>
<gco:CharacterString>Maricopa County</gco:CharacterString>
</keyword>
<keyword>
<gco:CharacterString>Pinal County</gco:CharacterString>
</keyword>
<type>
<MD_KeywordTypeCode codeList="http://www.isotc211.org/2005/resources/Codelist/gmxCodelists.xml#MD_KeywordTypeCode" codeListValue="place" codeSpace="ISOTC211/19115">place</MD_KeywordTypeCode>
</type>
</MD_Keywords>
</descriptiveKeywords>
<descriptiveKeywords>
<MD_Keywords>
<keyword>
<gco:CharacterString>Arizona</gco:CharacterString>
</keyword>
<keyword>
<gco:CharacterString>Maricopa County</gco:CharacterString>
</keyword>
<keyword>
<gco:CharacterString>Pinal County</gco:CharacterString>
</keyword>
<type>
<MD_KeywordTypeCode codeList="http://www.isotc211.org/2005/resources/Codelist/gmxCodelists.xml#MD_KeywordTypeCode" codeListValue="place" codeSpace="ISOTC211/19115">place</MD_KeywordTypeCode>
</type>
</MD_Keywords>
</descriptiveKeywords>
<descriptiveKeywords>
<MD_Keywords>
<keyword>
<gco:CharacterString>Arizona</gco:CharacterString>
</keyword>
<keyword>
<gco:CharacterString>Maricopa County</gco:CharacterString>
</keyword>
<keyword>
<gco:CharacterString>Pinal County</gco:CharacterString>
</keyword>
<type>
<MD_KeywordTypeCode codeList="http://www.isotc211.org/2005/resources/Codelist/gmxCodelists.xml#MD_KeywordTypeCode" codeListValue="place" codeSpace="ISOTC211/19115">place</MD_KeywordTypeCode>
</type>
</MD_Keywords>
</descriptiveKeywords>
<descriptiveKeywords>
<MD_Keywords>
<keyword>
<gco:CharacterString>2016</gco:CharacterString>
</keyword>
<type>
<MD_KeywordTypeCode codeList="http://www.isotc211.org/2005/resources/Codelist/gmxCodelists.xml#MD_KeywordTypeCode" codeListValue="temporal" codeSpace="ISOTC211/19115">temporal</MD_KeywordTypeCode>
</type>
</MD_Keywords>
</descriptiveKeywords>
<descriptiveKeywords>
<MD_Keywords>
<keyword>
<gco:CharacterString>Bike routes</gco:CharacterString>
</keyword>
<keyword>
<gco:CharacterString>Bike lanes</gco:CharacterString>
</keyword>
<keyword>
<gco:CharacterString>Bicycle facilities</gco:CharacterString>
</keyword>
<type>
<MD_KeywordTypeCode codeList="http://www.isotc211.org/2005/resources/Codelist/gmxCodelists.xml#MD_KeywordTypeCode" codeListValue="theme" codeSpace="ISOTC211/19115">theme</MD_KeywordTypeCode>
</type>
</MD_Keywords>
</descriptiveKeywords>
<descriptiveKeywords>
<MD_Keywords>
<keyword>
<gco:CharacterString>Bike routes</gco:CharacterString>
</keyword>
<keyword>
<gco:CharacterString>Bike lanes</gco:CharacterString>
</keyword>
<keyword>
<gco:CharacterString>Bicycle facilities</gco:CharacterString>
</keyword>
<type>
<MD_KeywordTypeCode codeList="http://www.isotc211.org/2005/resources/Codelist/gmxCodelists.xml#MD_KeywordTypeCode" codeListValue="theme" codeSpace="ISOTC211/19115">theme</MD_KeywordTypeCode>
</type>
</MD_Keywords>
</descriptiveKeywords>
<descriptiveKeywords>
<MD_Keywords>
<keyword>
<gco:CharacterString>Bike routes</gco:CharacterString>
</keyword>
<keyword>
<gco:CharacterString>Bike lanes</gco:CharacterString>
</keyword>
<keyword>
<gco:CharacterString>Bicycle facilities</gco:CharacterString>
</keyword>
<type>
<MD_KeywordTypeCode codeList="http://www.isotc211.org/2005/resources/Codelist/gmxCodelists.xml#MD_KeywordTypeCode" codeListValue="theme" codeSpace="ISOTC211/19115">theme</MD_KeywordTypeCode>
</type>
</MD_Keywords>
</descriptiveKeywords>
<descriptiveKeywords>
<MD_Keywords>
<keyword>
<gco:CharacterString>Downloadable Data</gco:CharacterString>
</keyword>
<thesaurusName uuidref="723f6998-058e-11dc-8314-0800200c9a66"/>
</MD_Keywords>
</descriptiveKeywords>
<resourceConstraints>
<MD_Constraints>
<useLimitation>
<gco:CharacterString>This work is licensed under a Creative Commons Attribution-ShareAlike 4.0 International License.</gco:CharacterString>
</useLimitation>
</MD_Constraints>
</resourceConstraints>
<spatialRepresentationType>
<MD_SpatialRepresentationTypeCode codeList="http://www.isotc211.org/2005/resources/Codelist/gmxCodelists.xml#MD_SpatialRepresentationTypeCode" codeListValue="vector" codeSpace="ISOTC211/19115">vector</MD_SpatialRepresentationTypeCode>
</spatialRepresentationType>
<language>
<LanguageCode codeList="http://www.loc.gov/standards/iso639-2/php/code_list.php" codeListValue="eng" codeSpace="ISO639-2">eng</LanguageCode>
</language>
<characterSet>
<MD_CharacterSetCode codeList="http://www.isotc211.org/2005/resources/Codelist/gmxCodelists.xml#MD_CharacterSetCode" codeListValue="utf8" codeSpace="ISOTC211/19115">utf8</MD_CharacterSetCode>
</characterSet>
<topicCategory>
<MD_TopicCategoryCode>transportation</MD_TopicCategoryCode>
</topicCategory>
<environmentDescription>
<gco:CharacterString> Version 6.2 (Build 9200) ; Esri ArcGIS 10.7.0.10450</gco:CharacterString>
</environmentDescription>
<extent>
<EX_Extent>
<description>
<gco:CharacterString>These data represent bicycle facilities in Maricopa and Pinal Counties, Arizona for the calendar year 2016.</gco:CharacterString>
</description>
<geographicElement>
<EX_GeographicBoundingBox>
<extentTypeCode>
<gco:Boolean>true</gco:Boolean>
</extentTypeCode>
<westBoundLongitude>
<gco:Decimal>-113.367873</gco:Decimal>
</westBoundLongitude>
<eastBoundLongitude>
<gco:Decimal>-110.683194</gco:Decimal>
</eastBoundLongitude>
<southBoundLatitude>
<gco:Decimal>32.395983</gco:Decimal>
</southBoundLatitude>
<northBoundLatitude>
<gco:Decimal>34.458777</gco:Decimal>
</northBoundLatitude>
</EX_GeographicBoundingBox>
</geographicElement>
<temporalElement>
<EX_TemporalExtent>
<extent>
<gml:TimePeriod gml:id="N65818">
<gml:beginPosition>2016-01-01T00:00:00</gml:beginPosition>
<gml:endPosition>2016-12-31T00:00:00</gml:endPosition>
</gml:TimePeriod>
</extent>
</EX_TemporalExtent>
</temporalElement>
</EX_Extent>
</extent>
</MD_DataIdentification>
</identificationInfo>
<distributionInfo>
<MD_Distribution>
<distributionFormat>
<MD_Format>
<name>
<gco:CharacterString>File geodatabase</gco:CharacterString>
</name>
<version>
<gco:CharacterString>ArcGIS 10.3.1</gco:CharacterString>
</version>
</MD_Format>
</distributionFormat>
</MD_Distribution>
</distributionInfo>
<metadataMaintenance>
<MD_MaintenanceInformation>
<maintenanceAndUpdateFrequency>
<MD_MaintenanceFrequencyCode codeList="http://www.isotc211.org/2005/resources/Codelist/gmxCodelists.xml#MD_MaintenanceFrequencyCode" codeListValue="annually" codeSpace="ISOTC211/19115">annually</MD_MaintenanceFrequencyCode>
</maintenanceAndUpdateFrequency>
</MD_MaintenanceInformation>
</metadataMaintenance>
</MD_Metadata>
