<?xml version="1.0" encoding="UTF-8" standalone="no"?>
<!-- pycsw 2.4.0 -->
<csw:GetRecordByIdResponse xmlns:atom="http://www.w3.org/2005/Atom" xmlns:csw="http://www.opengis.net/cat/csw/2.0.2" xmlns:dc="http://purl.org/dc/elements/1.1/" xmlns:dct="http://purl.org/dc/terms/" xmlns:gmd="http://www.isotc211.org/2005/gmd" xmlns:gml="http://www.opengis.net/gml" xmlns:ows="http://www.opengis.net/ows" xmlns:xs="http://www.w3.org/2001/XMLSchema" xmlns:xsi="http://www.w3.org/2001/XMLSchema-instance" xsi:schemaLocation="http://www.opengis.net/cat/csw/2.0.2 http://schemas.opengis.net/csw/2.0.2/CSW-discovery.xsd">
  <atom:entry xmlns:georss="http://www.georss.org/georss" xsi:schemaLocation="http://www.w3.org/2005/Atom http://www.kbcafe.com/rss/atom.xsd.xml">
    <atom:author>
      <atom:name>pmshea</atom:name>
    </atom:author>
    <atom:category term="city"/>
    <atom:category term="city council"/>
    <atom:category term="council"/>
    <atom:category term="Council_Districts_and_Members"/>
    <atom:category term="features"/>
    <atom:category term="government"/>
    <atom:category term="phoenix"/>
    <atom:contributor>pmshea</atom:contributor>
    <atom:id>adfd390c-b55f-11e9-acea-0242ac120004</atom:id>
    <dc:identifier>adfd390c-b55f-11e9-acea-0242ac120004</dc:identifier>
    <atom:link href="http://dataexchange.asu.edu:80/gs/ows?service=WMS&amp;request=GetLegendGraphic&amp;format=image/png&amp;WIDTH=20&amp;HEIGHT=20&amp;LAYER=geonode:Council_Districts_and_Members&amp;STYLE=Council_Districts_and_Members&amp;legend_options=fontAntiAliasing:true;fontSize:12;forceLabels:on" title="Phoenix City Council Districts (post-2018 midterms) (Legend Format)" type="WWW:DOWNLOAD-1.0-http--download"/>
    <atom:link href="http://dataexchange.asu.edu:80/gs/ows" title="OGC WMS: geonode Service" type="OGC:WMS"/>
    <atom:link href="http://dataexchange.asu.edu:80/layers/geonode:Council_Districts_and_Members" title="Web address (URL)" type="WWW:LINK-1.0-http--link"/>
    <atom:link href="http://dataexchange.asu.edu:80/gs/ows?srsName=EPSG%3A2868&amp;outputFormat=json&amp;service=WFS&amp;srs=EPSG%3A2868&amp;request=GetFeature&amp;typename=geonode%3ACouncil_Districts_and_Members&amp;version=1.0.0" title="Phoenix City Council Districts (post-2018 midterms) (GeoJSON Format)" type="WWW:DOWNLOAD-1.0-http--download"/>
    <atom:link href="http://dataexchange.asu.edu:80/gs/ows?outputFormat=excel&amp;service=WFS&amp;srs=EPSG%3A2868&amp;request=GetFeature&amp;typename=geonode%3ACouncil_Districts_and_Members&amp;version=1.0.0" title="Phoenix City Council Districts (post-2018 midterms) (Excel Format)" type="WWW:DOWNLOAD-1.0-http--download"/>
    <atom:link href="http://dataexchange.asu.edu:80/gs/ows?outputFormat=csv&amp;service=WFS&amp;srs=EPSG%3A2868&amp;request=GetFeature&amp;typename=geonode%3ACouncil_Districts_and_Members&amp;version=1.0.0" title="Phoenix City Council Districts (post-2018 midterms) (CSV Format)" type="WWW:DOWNLOAD-1.0-http--download"/>
    <atom:link href="http://dataexchange.asu.edu:80/gs/ows?outputFormat=text%2Fxml%3B+subtype%3Dgml%2F3.1.1&amp;service=WFS&amp;srs=EPSG%3A2868&amp;request=GetFeature&amp;typename=geonode%3ACouncil_Districts_and_Members&amp;version=1.0.0" title="Phoenix City Council Districts (post-2018 midterms) (GML 3.1.1 Format)" type="WWW:DOWNLOAD-1.0-http--download"/>
    <atom:link href="http://dataexchange.asu.edu:80/gs/ows?outputFormat=gml2&amp;service=WFS&amp;srs=EPSG%3A2868&amp;request=GetFeature&amp;typename=geonode%3ACouncil_Districts_and_Members&amp;version=1.0.0" title="Phoenix City Council Districts (post-2018 midterms) (GML 2.0 Format)" type="WWW:DOWNLOAD-1.0-http--download"/>
    <atom:link href="http://dataexchange.asu.edu:80/gs/ows?outputFormat=SHAPE-ZIP&amp;service=WFS&amp;srs=EPSG%3A2868&amp;request=GetFeature&amp;format_options=charset%3AUTF-8&amp;typename=geonode%3ACouncil_Districts_and_Members&amp;version=1.0.0" title="Phoenix City Council Districts (post-2018 midterms) (Zipped Shapefile Format)" type="WWW:DOWNLOAD-1.0-http--download"/>
    <atom:link href="http://dataexchange.asu.edu:80/gs/ows?layers=geonode%3ACouncil_Districts_and_Members&amp;service=WMS&amp;format=image%2Fpng&amp;request=GetMap&amp;height=550&amp;width=292&amp;bbox=575830.329068240000000%2C833269.073162727000000%2C697308.760170605000000%2C1061797.030839900000000&amp;srs=EPSG%3A2868" title="Phoenix City Council Districts (post-2018 midterms) (PNG Format)" type="WWW:DOWNLOAD-1.0-http--download"/>
    <atom:link href="http://dataexchange.asu.edu:80/gs/ows?layers=geonode%3ACouncil_Districts_and_Members&amp;service=WMS&amp;format=application%2Fpdf&amp;request=GetMap&amp;height=550&amp;width=292&amp;bbox=575830.329068240000000%2C833269.073162727000000%2C697308.760170605000000%2C1061797.030839900000000&amp;srs=EPSG%3A2868" title="Phoenix City Council Districts (post-2018 midterms) (PDF Format)" type="WWW:DOWNLOAD-1.0-http--download"/>
    <atom:link href="http://dataexchange.asu.edu:80/gs/ows?layers=geonode%3ACouncil_Districts_and_Members&amp;service=WMS&amp;format=image%2Fjpeg&amp;request=GetMap&amp;height=550&amp;width=292&amp;bbox=575830.329068240000000%2C833269.073162727000000%2C697308.760170605000000%2C1061797.030839900000000&amp;srs=EPSG%3A2868" title="Phoenix City Council Districts (post-2018 midterms) (JPEG Format)" type="WWW:DOWNLOAD-1.0-http--download"/>
    <atom:link href="http://dataexchange.asu.edu:80/download/62" title="Phoenix City Council Districts (post-2018 midterms) (Original Dataset Format)" type="WWW:DOWNLOAD-1.0-http--download"/>
    <atom:link href="http://dataexchange.asu.edu:80/catalogue/csw?service=CSW&amp;version=2.0.2&amp;request=GetRepositoryItem&amp;id=adfd390c-b55f-11e9-acea-0242ac120004"/>
    <atom:title>Phoenix City Council Districts (post-2018 midterms)</atom:title>
    <atom:updated>2019-08-02T19:56:00Z</atom:updated>
    <atom:published>2019-08-02T19:56:00Z</atom:published>
    <atom:summary>Phoenix City Council districts with name of elected council member attribute. These representatives were elected in the 2018 midterms and thus this layer will become outdated as either council boundaries changes or new elections result in different representatives.</atom:summary>
    <georss:where>
      <gml:Envelope srsName="http://www.opengis.net/def/crs/EPSG/0/4326">
        <gml:lowerCorner>33.2899583429 -112.325979584</gml:lowerCorner>
        <gml:upperCorner>33.9186898849 -111.925474079</gml:upperCorner>
      </gml:Envelope>
    </georss:where>
  </atom:entry>
</csw:GetRecordByIdResponse>
