<?xml version="1.0" encoding="UTF-8" standalone="no"?>
<!-- pycsw 2.4.0 -->
<csw:GetRecordByIdResponse xmlns:csw="http://www.opengis.net/cat/csw/2.0.2" xmlns:dc="http://purl.org/dc/elements/1.1/" xmlns:dct="http://purl.org/dc/terms/" xmlns:gmd="http://www.isotc211.org/2005/gmd" xmlns:gml="http://www.opengis.net/gml" xmlns:ows="http://www.opengis.net/ows" xmlns:rim="urn:oasis:names:tc:ebxml-regrep:xsd:rim:3.0" xmlns:xs="http://www.w3.org/2001/XMLSchema" xmlns:xsi="http://www.w3.org/2001/XMLSchema-instance" xsi:schemaLocation="http://www.opengis.net/cat/csw/2.0.2 http://schemas.opengis.net/csw/2.0.2/CSW-discovery.xsd">
  <rim:ExtrinsicObject xsi:schemaLocation="http://www.opengis.net/cat/wrs/1.0 http://schemas.opengis.net/csw/2.0.2/profiles/ebrim/1.0/csw-ebrim.xsd" id="adfd390c-b55f-11e9-acea-0242ac120004" lid="adfd390c-b55f-11e9-acea-0242ac120004" objectType="dataset" status="urn:oasis:names:tc:ebxml-regrep:StatusType:Submitted">
    <rim:VersionInfo versionName=""/>
    <rim:ExternalIdentifier id="adfd390c-b55f-11e9-acea-0242ac120004" identificationScheme="foo" registryObject="None" value="adfd390c-b55f-11e9-acea-0242ac120004"/>
    <rim:Name>
      <rim:LocalizedString value="Phoenix City Council Districts (post-2018 midterms)"/>
    </rim:Name>
    <rim:Description>
      <rim:LocalizedString value="Phoenix City Council districts with name of elected council member attribute. These representatives were elected in the 2018 midterms and thus this layer will become outdated as either council boundaries changes or new elections result in different representatives."/>
    </rim:Description>
    <rim:Slot slotType="urn:ogc:def:dataType:ISO-19107:2003:GM_Envelope">
      <rim:ValueList>
        <rim:Value>
          <ows:BoundingBox crs="urn:x-ogc:def:crs:EPSG:6.11:4326" dimensions="2">
            <ows:LowerCorner>33.2899583429 -112.325979584</ows:LowerCorner>
            <ows:UpperCorner>33.9186898849 -111.925474079</ows:UpperCorner>
          </ows:BoundingBox>
        </rim:Value>
      </rim:ValueList>
    </rim:Slot>
    <rim:Slot name="http://purl.org/dc/elements/1.1/subject">
      <rim:ValueList>
        <rim:Value>city</rim:Value>
        <rim:Value>city council</rim:Value>
        <rim:Value>council</rim:Value>
        <rim:Value>Council_Districts_and_Members</rim:Value>
        <rim:Value>features</rim:Value>
        <rim:Value>government</rim:Value>
        <rim:Value>phoenix</rim:Value>
      </rim:ValueList>
    </rim:Slot>
  </rim:ExtrinsicObject>
</csw:GetRecordByIdResponse>
