<?xml version="1.0" encoding="UTF-8" standalone="no"?>
<!-- pycsw 2.4.0 -->
<csw:GetRecordByIdResponse xmlns:csw="http://www.opengis.net/cat/csw/2.0.2" xmlns:dc="http://purl.org/dc/elements/1.1/" xmlns:dct="http://purl.org/dc/terms/" xmlns:gmd="http://www.isotc211.org/2005/gmd" xmlns:gml="http://www.opengis.net/gml" xmlns:ows="http://www.opengis.net/ows" xmlns:xs="http://www.w3.org/2001/XMLSchema" xmlns:xsi="http://www.w3.org/2001/XMLSchema-instance" xsi:schemaLocation="http://www.opengis.net/cat/csw/2.0.2 http://schemas.opengis.net/csw/2.0.2/CSW-discovery.xsd">
  <metadata xsi:noNamespaceSchemaLocation="http://www.fgdc.gov/metadata/fgdc-std-001-1998.xsd">
    <idinfo>
      <datasetid>adfd390c-b55f-11e9-acea-0242ac120004</datasetid>
      <citation>
        <citeinfo>
          <title>Phoenix City Council Districts (post-2018 midterms)</title>
          <publinfo>
            <publish>pmshea</publish>
          </publinfo>
          <origin>pmshea</origin>
          <geoform>vector</geoform>
          <onlink></onlink>
          <onlink type="WWW:DOWNLOAD-1.0-http--download">http://dataexchange.asu.edu:80/gs/ows?service=WMS&amp;request=GetLegendGraphic&amp;format=image/png&amp;WIDTH=20&amp;HEIGHT=20&amp;LAYER=geonode:Council_Districts_and_Members&amp;STYLE=Council_Districts_and_Members&amp;legend_options=fontAntiAliasing:true;fontSize:12;forceLabels:on</onlink>
          <onlink type="OGC:WMS">http://dataexchange.asu.edu:80/gs/ows</onlink>
          <onlink type="WWW:LINK-1.0-http--link">http://dataexchange.asu.edu:80/layers/geonode:Council_Districts_and_Members</onlink>
          <onlink type="WWW:DOWNLOAD-1.0-http--download">http://dataexchange.asu.edu:80/gs/ows?srsName=EPSG%3A2868&amp;outputFormat=json&amp;service=WFS&amp;srs=EPSG%3A2868&amp;request=GetFeature&amp;typename=geonode%3ACouncil_Districts_and_Members&amp;version=1.0.0</onlink>
          <onlink type="WWW:DOWNLOAD-1.0-http--download">http://dataexchange.asu.edu:80/gs/ows?outputFormat=excel&amp;service=WFS&amp;srs=EPSG%3A2868&amp;request=GetFeature&amp;typename=geonode%3ACouncil_Districts_and_Members&amp;version=1.0.0</onlink>
          <onlink type="WWW:DOWNLOAD-1.0-http--download">http://dataexchange.asu.edu:80/gs/ows?outputFormat=csv&amp;service=WFS&amp;srs=EPSG%3A2868&amp;request=GetFeature&amp;typename=geonode%3ACouncil_Districts_and_Members&amp;version=1.0.0</onlink>
          <onlink type="WWW:DOWNLOAD-1.0-http--download">http://dataexchange.asu.edu:80/gs/ows?outputFormat=text%2Fxml%3B+subtype%3Dgml%2F3.1.1&amp;service=WFS&amp;srs=EPSG%3A2868&amp;request=GetFeature&amp;typename=geonode%3ACouncil_Districts_and_Members&amp;version=1.0.0</onlink>
          <onlink type="WWW:DOWNLOAD-1.0-http--download">http://dataexchange.asu.edu:80/gs/ows?outputFormat=gml2&amp;service=WFS&amp;srs=EPSG%3A2868&amp;request=GetFeature&amp;typename=geonode%3ACouncil_Districts_and_Members&amp;version=1.0.0</onlink>
          <onlink type="WWW:DOWNLOAD-1.0-http--download">http://dataexchange.asu.edu:80/gs/ows?outputFormat=SHAPE-ZIP&amp;service=WFS&amp;srs=EPSG%3A2868&amp;request=GetFeature&amp;format_options=charset%3AUTF-8&amp;typename=geonode%3ACouncil_Districts_and_Members&amp;version=1.0.0</onlink>
          <onlink type="WWW:DOWNLOAD-1.0-http--download">http://dataexchange.asu.edu:80/gs/ows?layers=geonode%3ACouncil_Districts_and_Members&amp;service=WMS&amp;format=image%2Fpng&amp;request=GetMap&amp;height=550&amp;width=292&amp;bbox=575830.329068240000000%2C833269.073162727000000%2C697308.760170605000000%2C1061797.030839900000000&amp;srs=EPSG%3A2868</onlink>
          <onlink type="WWW:DOWNLOAD-1.0-http--download">http://dataexchange.asu.edu:80/gs/ows?layers=geonode%3ACouncil_Districts_and_Members&amp;service=WMS&amp;format=application%2Fpdf&amp;request=GetMap&amp;height=550&amp;width=292&amp;bbox=575830.329068240000000%2C833269.073162727000000%2C697308.760170605000000%2C1061797.030839900000000&amp;srs=EPSG%3A2868</onlink>
          <onlink type="WWW:DOWNLOAD-1.0-http--download">http://dataexchange.asu.edu:80/gs/ows?layers=geonode%3ACouncil_Districts_and_Members&amp;service=WMS&amp;format=image%2Fjpeg&amp;request=GetMap&amp;height=550&amp;width=292&amp;bbox=575830.329068240000000%2C833269.073162727000000%2C697308.760170605000000%2C1061797.030839900000000&amp;srs=EPSG%3A2868</onlink>
          <onlink type="WWW:DOWNLOAD-1.0-http--download">http://dataexchange.asu.edu:80/download/62</onlink>
        </citeinfo>
      </citation>
      <keywords>
        <theme>
          <themekey>city</themekey>
          <themekey>city council</themekey>
          <themekey>council</themekey>
          <themekey>Council_Districts_and_Members</themekey>
          <themekey>features</themekey>
          <themekey>government</themekey>
          <themekey>phoenix</themekey>
        </theme>
      </keywords>
      <accconst></accconst>
      <descript>
        <abstract>Phoenix City Council districts with name of elected council member attribute. These representatives were elected in the 2018 midterms and thus this layer will become outdated as either council boundaries changes or new elections result in different representatives.</abstract>
      </descript>
      <spdom>
        <bounding>
          <westbc>-112.325979584</westbc>
          <eastbc>-111.925474079</eastbc>
          <northbc>33.9186898849</northbc>
          <southbc>33.2899583429</southbc>
        </bounding>
      </spdom>
      <datacred>pmshea</datacred>
      <spdoinfo>
        <direct>dataset</direct>
      </spdoinfo>
    </idinfo>
    <distinfo>
      <stdorder>
        <digform>
          <digtinfo>
            <formname>vector</formname>
          </digtinfo>
        </digform>
      </stdorder>
    </distinfo>
    <lineage>
      <srcinfo>
        <srccite>
          <citeinfo>
            <title></title>
          </citeinfo>
        </srccite>
      </srcinfo>
    </lineage>
    <metainfo>
      <metd>2019-08-02T19:56:00Z</metd>
    </metainfo>
  </metadata>
</csw:GetRecordByIdResponse>
