<?xml version="1.0" encoding="UTF-8" standalone="no"?>
<!-- pycsw 2.4.0 -->
<csw:GetRecordByIdResponse xmlns:atom="http://www.w3.org/2005/Atom" xmlns:csw="http://www.opengis.net/cat/csw/2.0.2" xmlns:dc="http://purl.org/dc/elements/1.1/" xmlns:dct="http://purl.org/dc/terms/" xmlns:gmd="http://www.isotc211.org/2005/gmd" xmlns:gml="http://www.opengis.net/gml" xmlns:ows="http://www.opengis.net/ows" xmlns:xs="http://www.w3.org/2001/XMLSchema" xmlns:xsi="http://www.w3.org/2001/XMLSchema-instance" xsi:schemaLocation="http://www.opengis.net/cat/csw/2.0.2 http://schemas.opengis.net/csw/2.0.2/CSW-discovery.xsd">
  <atom:entry xmlns:georss="http://www.georss.org/georss" xsi:schemaLocation="http://www.w3.org/2005/Atom http://www.kbcafe.com/rss/atom.xsd.xml">
    <atom:author>
      <atom:name>Sarbeswar Praharaj</atom:name>
    </atom:author>
    <atom:category term="Heat deaths"/>
    <atom:category term="Utility Assistance"/>
    <atom:contributor>Sarbeswar Praharaj</atom:contributor>
    <atom:id>dd6bdba8-c1b1-11ea-b3ed-0242ac120006</atom:id>
    <dc:identifier>dd6bdba8-c1b1-11ea-b3ed-0242ac120006</dc:identifier>
    <atom:link href="http://dataexchange.asu.edu:80/download/162" title="Utility Assistance Calls bu ZIP Code (Original Dataset Format)" type="WWW:DOWNLOAD-1.0-http--download"/>
    <atom:link href="http://dataexchange.asu.edu:80/gs/ows?layers=geonode%3Autility_assistance_calls_by_zip_code_US_Censu0&amp;service=WMS&amp;format=image%2Fjpeg&amp;request=GetMap&amp;height=550&amp;width=1100&amp;bbox=-180.000000000000000%2C-90.000000000000000%2C180.000000000000000%2C90.000000000000000&amp;srs=EPSG%3A4326" title="Utility Assistance Calls bu ZIP Code (JPEG Format)" type="WWW:DOWNLOAD-1.0-http--download"/>
    <atom:link href="http://dataexchange.asu.edu:80/gs/ows?layers=geonode%3Autility_assistance_calls_by_zip_code_US_Censu0&amp;service=WMS&amp;format=application%2Fpdf&amp;request=GetMap&amp;height=550&amp;width=1100&amp;bbox=-180.000000000000000%2C-90.000000000000000%2C180.000000000000000%2C90.000000000000000&amp;srs=EPSG%3A4326" title="Utility Assistance Calls bu ZIP Code (PDF Format)" type="WWW:DOWNLOAD-1.0-http--download"/>
    <atom:link href="http://dataexchange.asu.edu:80/gs/ows?layers=geonode%3Autility_assistance_calls_by_zip_code_US_Censu0&amp;service=WMS&amp;format=image%2Fpng&amp;request=GetMap&amp;height=550&amp;width=1100&amp;bbox=-180.000000000000000%2C-90.000000000000000%2C180.000000000000000%2C90.000000000000000&amp;srs=EPSG%3A4326" title="Utility Assistance Calls bu ZIP Code (PNG Format)" type="WWW:DOWNLOAD-1.0-http--download"/>
    <atom:link href="http://dataexchange.asu.edu:80/gs/ows?outputFormat=SHAPE-ZIP&amp;service=WFS&amp;srs=EPSG%3A4326&amp;request=GetFeature&amp;format_options=charset%3AUTF-8&amp;typename=geonode%3Autility_assistance_calls_by_zip_code_US_Censu0&amp;version=1.0.0" title="Utility Assistance Calls bu ZIP Code (Zipped Shapefile Format)" type="WWW:DOWNLOAD-1.0-http--download"/>
    <atom:link href="http://dataexchange.asu.edu:80/gs/ows?outputFormat=gml2&amp;service=WFS&amp;srs=EPSG%3A4326&amp;request=GetFeature&amp;typename=geonode%3Autility_assistance_calls_by_zip_code_US_Censu0&amp;version=1.0.0" title="Utility Assistance Calls bu ZIP Code (GML 2.0 Format)" type="WWW:DOWNLOAD-1.0-http--download"/>
    <atom:link href="http://dataexchange.asu.edu:80/gs/ows?outputFormat=text%2Fxml%3B+subtype%3Dgml%2F3.1.1&amp;service=WFS&amp;srs=EPSG%3A4326&amp;request=GetFeature&amp;typename=geonode%3Autility_assistance_calls_by_zip_code_US_Censu0&amp;version=1.0.0" title="Utility Assistance Calls bu ZIP Code (GML 3.1.1 Format)" type="WWW:DOWNLOAD-1.0-http--download"/>
    <atom:link href="http://dataexchange.asu.edu:80/gs/ows?outputFormat=csv&amp;service=WFS&amp;srs=EPSG%3A4326&amp;request=GetFeature&amp;typename=geonode%3Autility_assistance_calls_by_zip_code_US_Censu0&amp;version=1.0.0" title="Utility Assistance Calls bu ZIP Code (CSV Format)" type="WWW:DOWNLOAD-1.0-http--download"/>
    <atom:link href="http://dataexchange.asu.edu:80/gs/ows?outputFormat=excel&amp;service=WFS&amp;srs=EPSG%3A4326&amp;request=GetFeature&amp;typename=geonode%3Autility_assistance_calls_by_zip_code_US_Censu0&amp;version=1.0.0" title="Utility Assistance Calls bu ZIP Code (Excel Format)" type="WWW:DOWNLOAD-1.0-http--download"/>
    <atom:link href="http://dataexchange.asu.edu:80/gs/ows?srsName=EPSG%3A4326&amp;outputFormat=json&amp;service=WFS&amp;srs=EPSG%3A4326&amp;request=GetFeature&amp;typename=geonode%3Autility_assistance_calls_by_zip_code_US_Censu0&amp;version=1.0.0" title="Utility Assistance Calls bu ZIP Code (GeoJSON Format)" type="WWW:DOWNLOAD-1.0-http--download"/>
    <atom:link href="http://dataexchange.asu.edu:80/layers/geonode:utility_assistance_calls_by_zip_code_US_Censu0" title="Web address (URL)" type="WWW:LINK-1.0-http--link"/>
    <atom:link href="http://dataexchange.asu.edu:80/gs/ows" title="OGC WMS: geonode Service" type="OGC:WMS"/>
    <atom:link href="34.0452480562" title="Utility Assistance Calls bu ZIP Code (Remote Thumbnail Format)" type="WWW:DOWNLOAD-1.0-http--download"/>
    <atom:link href="http://dataexchange.asu.edu:80/uploaded/thumbs/layer-dd6bdba8-c1b1-11ea-b3ed-0242ac120006-thumb.png" title="Utility Assistance Calls bu ZIP Code (Thumbnail Format)" type="WWW:DOWNLOAD-1.0-http--download"/>
    <atom:link href="http://dataexchange.asu.edu:80/gs/ows?outputFormat=SHAPE-ZIP&amp;service=WFS&amp;srs=EPSG%3A2868&amp;request=GetFeature&amp;format_options=charset%3AUTF-8&amp;typename=geonode%3Autility_assistance_calls_by_zip_code_US_Censu0&amp;version=1.0.0" title="Utility Assistance Calls bu ZIP Code (Zipped Shapefile Format)" type="WWW:DOWNLOAD-1.0-http--download"/>
    <atom:link href="http://dataexchange.asu.edu:80/gs/ows?outputFormat=gml2&amp;service=WFS&amp;srs=EPSG%3A2868&amp;request=GetFeature&amp;typename=geonode%3Autility_assistance_calls_by_zip_code_US_Censu0&amp;version=1.0.0" title="Utility Assistance Calls bu ZIP Code (GML 2.0 Format)" type="WWW:DOWNLOAD-1.0-http--download"/>
    <atom:link href="http://dataexchange.asu.edu:80/gs/ows?outputFormat=text%2Fxml%3B+subtype%3Dgml%2F3.1.1&amp;service=WFS&amp;srs=EPSG%3A2868&amp;request=GetFeature&amp;typename=geonode%3Autility_assistance_calls_by_zip_code_US_Censu0&amp;version=1.0.0" title="Utility Assistance Calls bu ZIP Code (GML 3.1.1 Format)" type="WWW:DOWNLOAD-1.0-http--download"/>
    <atom:link href="http://dataexchange.asu.edu:80/gs/ows?outputFormat=csv&amp;service=WFS&amp;srs=EPSG%3A2868&amp;request=GetFeature&amp;typename=geonode%3Autility_assistance_calls_by_zip_code_US_Censu0&amp;version=1.0.0" title="Utility Assistance Calls bu ZIP Code (CSV Format)" type="WWW:DOWNLOAD-1.0-http--download"/>
    <atom:link href="http://dataexchange.asu.edu:80/gs/ows?outputFormat=excel&amp;service=WFS&amp;srs=EPSG%3A2868&amp;request=GetFeature&amp;typename=geonode%3Autility_assistance_calls_by_zip_code_US_Censu0&amp;version=1.0.0" title="Utility Assistance Calls bu ZIP Code (Excel Format)" type="WWW:DOWNLOAD-1.0-http--download"/>
    <atom:link href="http://dataexchange.asu.edu:80/gs/ows?srsName=EPSG%3A2868&amp;outputFormat=json&amp;service=WFS&amp;srs=EPSG%3A2868&amp;request=GetFeature&amp;typename=geonode%3Autility_assistance_calls_by_zip_code_US_Censu0&amp;version=1.0.0" title="Utility Assistance Calls bu ZIP Code (GeoJSON Format)" type="WWW:DOWNLOAD-1.0-http--download"/>
    <atom:link href="http://dataexchange.asu.edu:80/gs/ows?service=WMS&amp;request=GetLegendGraphic&amp;format=image/png&amp;WIDTH=20&amp;HEIGHT=20&amp;LAYER=geonode:utility_assistance_calls_by_zip_code_US_Censu0&amp;STYLE=Utility_calls&amp;legend_options=fontAntiAliasing:true;fontSize:12;forceLabels:on" title="Utility Assistance Calls bu ZIP Code (Legend Format)" type="WWW:DOWNLOAD-1.0-http--download"/>
    <atom:link href="http://dataexchange.asu.edu:80/catalogue/csw?service=CSW&amp;version=2.0.2&amp;request=GetRepositoryItem&amp;id=dd6bdba8-c1b1-11ea-b3ed-0242ac120006"/>
    <atom:title>Utility Assistance Calls bu ZIP Code</atom:title>
    <atom:updated>2018-04-28T07:00:00Z</atom:updated>
    <atom:published>2018-04-28T07:00:00Z</atom:published>
    <atom:rights>formal permission to do something</atom:rights>
    <atom:summary>No abstract provided</atom:summary>
    <georss:where>
      <gml:Envelope srsName="http://www.opengis.net/def/crs/EPSG/0/4326">
        <gml:lowerCorner>32.4983476598 -113.35867057</gml:lowerCorner>
        <gml:upperCorner>34.0452480562 -111.034001576</gml:upperCorner>
      </gml:Envelope>
    </georss:where>
  </atom:entry>
</csw:GetRecordByIdResponse>
