<?xml version="1.0" encoding="UTF-8" standalone="no"?>
<!-- pycsw 2.4.0 -->
<csw:GetRecordByIdResponse xmlns:atom="http://www.w3.org/2005/Atom" xmlns:csw="http://www.opengis.net/cat/csw/2.0.2" xmlns:dc="http://purl.org/dc/elements/1.1/" xmlns:dct="http://purl.org/dc/terms/" xmlns:gmd="http://www.isotc211.org/2005/gmd" xmlns:gml="http://www.opengis.net/gml" xmlns:ows="http://www.opengis.net/ows" xmlns:xs="http://www.w3.org/2001/XMLSchema" xmlns:xsi="http://www.w3.org/2001/XMLSchema-instance" xsi:schemaLocation="http://www.opengis.net/cat/csw/2.0.2 http://schemas.opengis.net/csw/2.0.2/CSW-discovery.xsd">
  <atom:entry xmlns:georss="http://www.georss.org/georss" xsi:schemaLocation="http://www.w3.org/2005/Atom http://www.kbcafe.com/rss/atom.xsd.xml">
    <atom:author>
      <atom:name>pyager1</atom:name>
    </atom:author>
    <atom:category term="population"/>
    <atom:category term="public heath"/>
    <atom:contributor>pyager1</atom:contributor>
    <atom:id>2d3f5fec-90b2-11e9-8159-0242ac120003</atom:id>
    <dc:identifier>2d3f5fec-90b2-11e9-8159-0242ac120003</dc:identifier>
    <atom:link href="http://dataexchange.asu.edu:80/gs/ows?service=WMS&amp;request=GetLegendGraphic&amp;format=image/png&amp;WIDTH=20&amp;HEIGHT=20&amp;LAYER=geonode:a__2012_to_2016_outdoor_deaths_by_Census_Tract_0&amp;STYLE=a__2012_to_2016_outdoor_deaths_by_Census_Tract_0&amp;legend_options=fontAntiAliasing:true;fontSize:12;forceLabels:on" title="Outdoor heat deaths (Legend Format)" type="WWW:DOWNLOAD-1.0-http--download"/>
    <atom:link href="http://dataexchange.asu.edu:80/uploaded/thumbs/layer-2d3f5fec-90b2-11e9-8159-0242ac120003-thumb.png" title="Outdoor heat deaths (Thumbnail Format)" type="WWW:DOWNLOAD-1.0-http--download"/>
    <atom:link href="http://dataexchange.asu.edu:80/gs/ows?layers=geonode%3Aa__2012_to_2016_outdoor_deaths_by_Census_Tract_0&amp;service=WMS&amp;format=image%2Fpng&amp;request=GetMap&amp;height=550&amp;width=690&amp;bbox=263080.830380578000000%2C548087.286745407000000%2C967371.196522310000000%2C1109005.250984250000000&amp;srs=EPSG%3A2868" title="Outdoor heat deaths (PNG Format)" type="WWW:DOWNLOAD-1.0-http--download"/>
    <atom:link href="http://dataexchange.asu.edu:80/gs/ows?layers=geonode%3Aa__2012_to_2016_outdoor_deaths_by_Census_Tract_0&amp;service=WMS&amp;format=application%2Fpdf&amp;request=GetMap&amp;height=550&amp;width=690&amp;bbox=263080.830380578000000%2C548087.286745407000000%2C967371.196522310000000%2C1109005.250984250000000&amp;srs=EPSG%3A2868" title="Outdoor heat deaths (PDF Format)" type="WWW:DOWNLOAD-1.0-http--download"/>
    <atom:link href="http://dataexchange.asu.edu:80/gs/ows?layers=geonode%3Aa__2012_to_2016_outdoor_deaths_by_Census_Tract_0&amp;service=WMS&amp;format=image%2Fjpeg&amp;request=GetMap&amp;height=550&amp;width=690&amp;bbox=263080.830380578000000%2C548087.286745407000000%2C967371.196522310000000%2C1109005.250984250000000&amp;srs=EPSG%3A2868" title="Outdoor heat deaths (JPEG Format)" type="WWW:DOWNLOAD-1.0-http--download"/>
    <atom:link href="http://dataexchange.asu.edu:80/gs/ows" title="OGC WMS: geonode Service" type="OGC:WMS"/>
    <atom:link href="http://dataexchange.asu.edu:80/layers/geonode:a__2012_to_2016_outdoor_deaths_by_Census_Tract_0" title="Web address (URL)" type="WWW:LINK-1.0-http--link"/>
    <atom:link href="http://dataexchange.asu.edu:80/gs/ows?srsName=EPSG%3A2868&amp;outputFormat=json&amp;service=WFS&amp;srs=EPSG%3A2868&amp;request=GetFeature&amp;typename=geonode%3Aa__2012_to_2016_outdoor_deaths_by_Census_Tract_0&amp;version=1.0.0" title="Outdoor heat deaths (GeoJSON Format)" type="WWW:DOWNLOAD-1.0-http--download"/>
    <atom:link href="http://dataexchange.asu.edu:80/gs/ows?outputFormat=excel&amp;service=WFS&amp;srs=EPSG%3A2868&amp;request=GetFeature&amp;typename=geonode%3Aa__2012_to_2016_outdoor_deaths_by_Census_Tract_0&amp;version=1.0.0" title="Outdoor heat deaths (Excel Format)" type="WWW:DOWNLOAD-1.0-http--download"/>
    <atom:link href="http://dataexchange.asu.edu:80/gs/ows?outputFormat=csv&amp;service=WFS&amp;srs=EPSG%3A2868&amp;request=GetFeature&amp;typename=geonode%3Aa__2012_to_2016_outdoor_deaths_by_Census_Tract_0&amp;version=1.0.0" title="Outdoor heat deaths (CSV Format)" type="WWW:DOWNLOAD-1.0-http--download"/>
    <atom:link href="http://dataexchange.asu.edu:80/gs/ows?outputFormat=text%2Fxml%3B+subtype%3Dgml%2F3.1.1&amp;service=WFS&amp;srs=EPSG%3A2868&amp;request=GetFeature&amp;typename=geonode%3Aa__2012_to_2016_outdoor_deaths_by_Census_Tract_0&amp;version=1.0.0" title="Outdoor heat deaths (GML 3.1.1 Format)" type="WWW:DOWNLOAD-1.0-http--download"/>
    <atom:link href="http://dataexchange.asu.edu:80/gs/ows?outputFormat=gml2&amp;service=WFS&amp;srs=EPSG%3A2868&amp;request=GetFeature&amp;typename=geonode%3Aa__2012_to_2016_outdoor_deaths_by_Census_Tract_0&amp;version=1.0.0" title="Outdoor heat deaths (GML 2.0 Format)" type="WWW:DOWNLOAD-1.0-http--download"/>
    <atom:link href="http://dataexchange.asu.edu:80/gs/ows?outputFormat=SHAPE-ZIP&amp;service=WFS&amp;srs=EPSG%3A2868&amp;request=GetFeature&amp;format_options=charset%3AUTF-8&amp;typename=geonode%3Aa__2012_to_2016_outdoor_deaths_by_Census_Tract_0&amp;version=1.0.0" title="Outdoor heat deaths (Zipped Shapefile Format)" type="WWW:DOWNLOAD-1.0-http--download"/>
    <atom:link href="http://dataexchange.asu.edu:80/download/8" title="Outdoor heat deaths (Original Dataset Format)" type="WWW:DOWNLOAD-1.0-http--download"/>
    <atom:link href="http://dataexchange.asu.edu:80/catalogue/csw?service=CSW&amp;version=2.0.2&amp;request=GetRepositoryItem&amp;id=2d3f5fec-90b2-11e9-8159-0242ac120003"/>
    <atom:title>Outdoor heat deaths</atom:title>
    <atom:updated>2019-06-17T03:44:00Z</atom:updated>
    <atom:published>2019-06-17T03:44:00Z</atom:published>
    <atom:summary>Outdoor heat deaths 2012-2016 by census tract in Maricopa County. Provided by Maricopa County Department of Public Health</atom:summary>
    <georss:where>
      <gml:Envelope srsName="http://www.opengis.net/def/crs/EPSG/0/4326">
        <gml:lowerCorner>32.4987820405 -113.358932485</gml:lowerCorner>
        <gml:upperCorner>34.0452567234 -111.034000245</gml:upperCorner>
      </gml:Envelope>
    </georss:where>
  </atom:entry>
</csw:GetRecordByIdResponse>
