<?xml version="1.0" encoding="UTF-8" standalone="no"?>
<!-- pycsw 2.4.0 -->
<csw:GetRecordByIdResponse xmlns:csw="http://www.opengis.net/cat/csw/2.0.2" xmlns:dc="http://purl.org/dc/elements/1.1/" xmlns:dct="http://purl.org/dc/terms/" xmlns:dif="http://gcmd.gsfc.nasa.gov/Aboutus/xml/dif/" xmlns:gmd="http://www.isotc211.org/2005/gmd" xmlns:gml="http://www.opengis.net/gml" xmlns:ows="http://www.opengis.net/ows" xmlns:xs="http://www.w3.org/2001/XMLSchema" xmlns:xsi="http://www.w3.org/2001/XMLSchema-instance" xsi:schemaLocation="http://www.opengis.net/cat/csw/2.0.2 http://schemas.opengis.net/csw/2.0.2/CSW-discovery.xsd">
  <dif:DIF xsi:schemaLocation="http://gcmd.gsfc.nasa.gov/Aboutus/xml/dif/ http://gcmd.gsfc.nasa.gov/Aboutus/xml/dif/dif.xsd">
    <dif:Entry_ID>2d3f5fec-90b2-11e9-8159-0242ac120003</dif:Entry_ID>
    <dif:Entry_Title>Outdoor heat deaths</dif:Entry_Title>
    <dif:Data_Set_Citation>
      <dif:Dataset_Creator>pyager1</dif:Dataset_Creator>
      <dif:Dataset_Release_Date>2019-06-17T03:44:00Z</dif:Dataset_Release_Date>
      <dif:Dataset_Publisher>pyager1</dif:Dataset_Publisher>
      <dif:Data_Presentation_Form>vector</dif:Data_Presentation_Form>
    </dif:Data_Set_Citation>
    <dif:ISO_Topic_Category>health</dif:ISO_Topic_Category>
    <dif:Keyword>population</dif:Keyword>
    <dif:Keyword>public heath</dif:Keyword>
    <dif:Temporal_Coverage>
      <dif:Start_Date>2012-01-01</dif:Start_Date>
      <dif:End_Date>2016-01-01</dif:End_Date>
    </dif:Temporal_Coverage>
    <dif:Spatial_Coverage>
      <dif:Southernmost_Latitude>32.4987820405</dif:Southernmost_Latitude>
      <dif:Northernmost_Latitude>34.0452567234</dif:Northernmost_Latitude>
      <dif:Westernmost_Longitude>-113.358932485</dif:Westernmost_Longitude>
      <dif:Easternmost_Longitude>-111.034000245</dif:Easternmost_Longitude>
    </dif:Spatial_Coverage>
    <dif:Access_Constraints/>
    <dif:Data_Set_Language>eng</dif:Data_Set_Language>
    <dif:Originating_Center/>
    <dif:Summary>Outdoor heat deaths 2012-2016 by census tract in Maricopa County. Provided by Maricopa County Department of Public Health</dif:Summary>
    <dif:DIF_Creation_Date>2019-06-17T03:44:00Z</dif:DIF_Creation_Date>
    <dif:Related_URL>
      <dif:URL/>
    </dif:Related_URL>
    <dif:Related_URL>
      <dif:URL_Content_Type>
        <dif:Type>WWW:DOWNLOAD-1.0-http--download</dif:Type>
      </dif:URL_Content_Type>
      <dif:URL>http://dataexchange.asu.edu:80/gs/ows?service=WMS&amp;request=GetLegendGraphic&amp;format=image/png&amp;WIDTH=20&amp;HEIGHT=20&amp;LAYER=geonode:a__2012_to_2016_outdoor_deaths_by_Census_Tract_0&amp;STYLE=a__2012_to_2016_outdoor_deaths_by_Census_Tract_0&amp;legend_options=fontAntiAliasing:true;fontSize:12;forceLabels:on</dif:URL>
      <dif:Description>Outdoor heat deaths (Legend Format)</dif:Description>
    </dif:Related_URL>
    <dif:Related_URL>
      <dif:URL_Content_Type>
        <dif:Type>WWW:DOWNLOAD-1.0-http--download</dif:Type>
      </dif:URL_Content_Type>
      <dif:URL>http://dataexchange.asu.edu:80/uploaded/thumbs/layer-2d3f5fec-90b2-11e9-8159-0242ac120003-thumb.png</dif:URL>
      <dif:Description>Outdoor heat deaths (Thumbnail Format)</dif:Description>
    </dif:Related_URL>
    <dif:Related_URL>
      <dif:URL_Content_Type>
        <dif:Type>WWW:DOWNLOAD-1.0-http--download</dif:Type>
      </dif:URL_Content_Type>
      <dif:URL>http://dataexchange.asu.edu:80/gs/ows?layers=geonode%3Aa__2012_to_2016_outdoor_deaths_by_Census_Tract_0&amp;service=WMS&amp;format=image%2Fpng&amp;request=GetMap&amp;height=550&amp;width=690&amp;bbox=263080.830380578000000%2C548087.286745407000000%2C967371.196522310000000%2C1109005.250984250000000&amp;srs=EPSG%3A2868</dif:URL>
      <dif:Description>Outdoor heat deaths (PNG Format)</dif:Description>
    </dif:Related_URL>
    <dif:Related_URL>
      <dif:URL_Content_Type>
        <dif:Type>WWW:DOWNLOAD-1.0-http--download</dif:Type>
      </dif:URL_Content_Type>
      <dif:URL>http://dataexchange.asu.edu:80/gs/ows?layers=geonode%3Aa__2012_to_2016_outdoor_deaths_by_Census_Tract_0&amp;service=WMS&amp;format=application%2Fpdf&amp;request=GetMap&amp;height=550&amp;width=690&amp;bbox=263080.830380578000000%2C548087.286745407000000%2C967371.196522310000000%2C1109005.250984250000000&amp;srs=EPSG%3A2868</dif:URL>
      <dif:Description>Outdoor heat deaths (PDF Format)</dif:Description>
    </dif:Related_URL>
    <dif:Related_URL>
      <dif:URL_Content_Type>
        <dif:Type>WWW:DOWNLOAD-1.0-http--download</dif:Type>
      </dif:URL_Content_Type>
      <dif:URL>http://dataexchange.asu.edu:80/gs/ows?layers=geonode%3Aa__2012_to_2016_outdoor_deaths_by_Census_Tract_0&amp;service=WMS&amp;format=image%2Fjpeg&amp;request=GetMap&amp;height=550&amp;width=690&amp;bbox=263080.830380578000000%2C548087.286745407000000%2C967371.196522310000000%2C1109005.250984250000000&amp;srs=EPSG%3A2868</dif:URL>
      <dif:Description>Outdoor heat deaths (JPEG Format)</dif:Description>
    </dif:Related_URL>
    <dif:Related_URL>
      <dif:URL_Content_Type>
        <dif:Type>OGC:WMS</dif:Type>
      </dif:URL_Content_Type>
      <dif:URL>http://dataexchange.asu.edu:80/gs/ows</dif:URL>
      <dif:Description>OGC WMS: geonode Service</dif:Description>
    </dif:Related_URL>
    <dif:Related_URL>
      <dif:URL_Content_Type>
        <dif:Type>WWW:LINK-1.0-http--link</dif:Type>
      </dif:URL_Content_Type>
      <dif:URL>http://dataexchange.asu.edu:80/layers/geonode:a__2012_to_2016_outdoor_deaths_by_Census_Tract_0</dif:URL>
      <dif:Description>Web address (URL)</dif:Description>
    </dif:Related_URL>
    <dif:Related_URL>
      <dif:URL_Content_Type>
        <dif:Type>WWW:DOWNLOAD-1.0-http--download</dif:Type>
      </dif:URL_Content_Type>
      <dif:URL>http://dataexchange.asu.edu:80/gs/ows?srsName=EPSG%3A2868&amp;outputFormat=json&amp;service=WFS&amp;srs=EPSG%3A2868&amp;request=GetFeature&amp;typename=geonode%3Aa__2012_to_2016_outdoor_deaths_by_Census_Tract_0&amp;version=1.0.0</dif:URL>
      <dif:Description>Outdoor heat deaths (GeoJSON Format)</dif:Description>
    </dif:Related_URL>
    <dif:Related_URL>
      <dif:URL_Content_Type>
        <dif:Type>WWW:DOWNLOAD-1.0-http--download</dif:Type>
      </dif:URL_Content_Type>
      <dif:URL>http://dataexchange.asu.edu:80/gs/ows?outputFormat=excel&amp;service=WFS&amp;srs=EPSG%3A2868&amp;request=GetFeature&amp;typename=geonode%3Aa__2012_to_2016_outdoor_deaths_by_Census_Tract_0&amp;version=1.0.0</dif:URL>
      <dif:Description>Outdoor heat deaths (Excel Format)</dif:Description>
    </dif:Related_URL>
    <dif:Related_URL>
      <dif:URL_Content_Type>
        <dif:Type>WWW:DOWNLOAD-1.0-http--download</dif:Type>
      </dif:URL_Content_Type>
      <dif:URL>http://dataexchange.asu.edu:80/gs/ows?outputFormat=csv&amp;service=WFS&amp;srs=EPSG%3A2868&amp;request=GetFeature&amp;typename=geonode%3Aa__2012_to_2016_outdoor_deaths_by_Census_Tract_0&amp;version=1.0.0</dif:URL>
      <dif:Description>Outdoor heat deaths (CSV Format)</dif:Description>
    </dif:Related_URL>
    <dif:Related_URL>
      <dif:URL_Content_Type>
        <dif:Type>WWW:DOWNLOAD-1.0-http--download</dif:Type>
      </dif:URL_Content_Type>
      <dif:URL>http://dataexchange.asu.edu:80/gs/ows?outputFormat=text%2Fxml%3B+subtype%3Dgml%2F3.1.1&amp;service=WFS&amp;srs=EPSG%3A2868&amp;request=GetFeature&amp;typename=geonode%3Aa__2012_to_2016_outdoor_deaths_by_Census_Tract_0&amp;version=1.0.0</dif:URL>
      <dif:Description>Outdoor heat deaths (GML 3.1.1 Format)</dif:Description>
    </dif:Related_URL>
    <dif:Related_URL>
      <dif:URL_Content_Type>
        <dif:Type>WWW:DOWNLOAD-1.0-http--download</dif:Type>
      </dif:URL_Content_Type>
      <dif:URL>http://dataexchange.asu.edu:80/gs/ows?outputFormat=gml2&amp;service=WFS&amp;srs=EPSG%3A2868&amp;request=GetFeature&amp;typename=geonode%3Aa__2012_to_2016_outdoor_deaths_by_Census_Tract_0&amp;version=1.0.0</dif:URL>
      <dif:Description>Outdoor heat deaths (GML 2.0 Format)</dif:Description>
    </dif:Related_URL>
    <dif:Related_URL>
      <dif:URL_Content_Type>
        <dif:Type>WWW:DOWNLOAD-1.0-http--download</dif:Type>
      </dif:URL_Content_Type>
      <dif:URL>http://dataexchange.asu.edu:80/gs/ows?outputFormat=SHAPE-ZIP&amp;service=WFS&amp;srs=EPSG%3A2868&amp;request=GetFeature&amp;format_options=charset%3AUTF-8&amp;typename=geonode%3Aa__2012_to_2016_outdoor_deaths_by_Census_Tract_0&amp;version=1.0.0</dif:URL>
      <dif:Description>Outdoor heat deaths (Zipped Shapefile Format)</dif:Description>
    </dif:Related_URL>
    <dif:Related_URL>
      <dif:URL_Content_Type>
        <dif:Type>WWW:DOWNLOAD-1.0-http--download</dif:Type>
      </dif:URL_Content_Type>
      <dif:URL>http://dataexchange.asu.edu:80/download/8</dif:URL>
      <dif:Description>Outdoor heat deaths (Original Dataset Format)</dif:Description>
    </dif:Related_URL>
    <dif:Metadata_Name>CEOS IDN DIF</dif:Metadata_Name>
    <dif:Metadata_Version>9.7</dif:Metadata_Version>
  </dif:DIF>
</csw:GetRecordByIdResponse>
