<?xml version="1.0" encoding="UTF-8" standalone="no"?>
<!-- pycsw 2.4.0 -->
<csw:GetRecordByIdResponse xmlns:csw="http://www.opengis.net/cat/csw/2.0.2" xmlns:dc="http://purl.org/dc/elements/1.1/" xmlns:dct="http://purl.org/dc/terms/" xmlns:gmd="http://www.isotc211.org/2005/gmd" xmlns:gml="http://www.opengis.net/gml" xmlns:ows="http://www.opengis.net/ows" xmlns:xs="http://www.w3.org/2001/XMLSchema" xmlns:xsi="http://www.w3.org/2001/XMLSchema-instance" xsi:schemaLocation="http://www.opengis.net/cat/csw/2.0.2 http://schemas.opengis.net/csw/2.0.2/CSW-discovery.xsd">
  <csw:Record>
    <dc:identifier>2d3f5fec-90b2-11e9-8159-0242ac120003</dc:identifier>
    <dc:title>Outdoor heat deaths</dc:title>
    <dc:type>dataset</dc:type>
    <dc:subject>population</dc:subject>
    <dc:subject>public heath</dc:subject>
    <dc:subject scheme="http://www.isotc211.org/2005/resources/Codelist/gmxCodelists.xml#MD_TopicCategoryCode">health</dc:subject>
    <dc:format>vector</dc:format>
    <dct:references scheme="WWW:DOWNLOAD-1.0-http--download">http://dataexchange.asu.edu:80/gs/ows?service=WMS&amp;request=GetLegendGraphic&amp;format=image/png&amp;WIDTH=20&amp;HEIGHT=20&amp;LAYER=geonode:a__2012_to_2016_outdoor_deaths_by_Census_Tract_0&amp;STYLE=a__2012_to_2016_outdoor_deaths_by_Census_Tract_0&amp;legend_options=fontAntiAliasing:true;fontSize:12;forceLabels:on</dct:references>
    <dct:references scheme="WWW:DOWNLOAD-1.0-http--download">http://dataexchange.asu.edu:80/uploaded/thumbs/layer-2d3f5fec-90b2-11e9-8159-0242ac120003-thumb.png</dct:references>
    <dct:references scheme="WWW:DOWNLOAD-1.0-http--download">http://dataexchange.asu.edu:80/gs/ows?layers=geonode%3Aa__2012_to_2016_outdoor_deaths_by_Census_Tract_0&amp;service=WMS&amp;format=image%2Fpng&amp;request=GetMap&amp;height=550&amp;width=690&amp;bbox=263080.830380578000000%2C548087.286745407000000%2C967371.196522310000000%2C1109005.250984250000000&amp;srs=EPSG%3A2868</dct:references>
    <dct:references scheme="WWW:DOWNLOAD-1.0-http--download">http://dataexchange.asu.edu:80/gs/ows?layers=geonode%3Aa__2012_to_2016_outdoor_deaths_by_Census_Tract_0&amp;service=WMS&amp;format=application%2Fpdf&amp;request=GetMap&amp;height=550&amp;width=690&amp;bbox=263080.830380578000000%2C548087.286745407000000%2C967371.196522310000000%2C1109005.250984250000000&amp;srs=EPSG%3A2868</dct:references>
    <dct:references scheme="WWW:DOWNLOAD-1.0-http--download">http://dataexchange.asu.edu:80/gs/ows?layers=geonode%3Aa__2012_to_2016_outdoor_deaths_by_Census_Tract_0&amp;service=WMS&amp;format=image%2Fjpeg&amp;request=GetMap&amp;height=550&amp;width=690&amp;bbox=263080.830380578000000%2C548087.286745407000000%2C967371.196522310000000%2C1109005.250984250000000&amp;srs=EPSG%3A2868</dct:references>
    <dct:references scheme="OGC:WMS">http://dataexchange.asu.edu:80/gs/ows</dct:references>
    <dct:references scheme="WWW:LINK-1.0-http--link">http://dataexchange.asu.edu:80/layers/geonode:a__2012_to_2016_outdoor_deaths_by_Census_Tract_0</dct:references>
    <dct:references scheme="WWW:DOWNLOAD-1.0-http--download">http://dataexchange.asu.edu:80/gs/ows?srsName=EPSG%3A2868&amp;outputFormat=json&amp;service=WFS&amp;srs=EPSG%3A2868&amp;request=GetFeature&amp;typename=geonode%3Aa__2012_to_2016_outdoor_deaths_by_Census_Tract_0&amp;version=1.0.0</dct:references>
    <dct:references scheme="WWW:DOWNLOAD-1.0-http--download">http://dataexchange.asu.edu:80/gs/ows?outputFormat=excel&amp;service=WFS&amp;srs=EPSG%3A2868&amp;request=GetFeature&amp;typename=geonode%3Aa__2012_to_2016_outdoor_deaths_by_Census_Tract_0&amp;version=1.0.0</dct:references>
    <dct:references scheme="WWW:DOWNLOAD-1.0-http--download">http://dataexchange.asu.edu:80/gs/ows?outputFormat=csv&amp;service=WFS&amp;srs=EPSG%3A2868&amp;request=GetFeature&amp;typename=geonode%3Aa__2012_to_2016_outdoor_deaths_by_Census_Tract_0&amp;version=1.0.0</dct:references>
    <dct:references scheme="WWW:DOWNLOAD-1.0-http--download">http://dataexchange.asu.edu:80/gs/ows?outputFormat=text%2Fxml%3B+subtype%3Dgml%2F3.1.1&amp;service=WFS&amp;srs=EPSG%3A2868&amp;request=GetFeature&amp;typename=geonode%3Aa__2012_to_2016_outdoor_deaths_by_Census_Tract_0&amp;version=1.0.0</dct:references>
    <dct:references scheme="WWW:DOWNLOAD-1.0-http--download">http://dataexchange.asu.edu:80/gs/ows?outputFormat=gml2&amp;service=WFS&amp;srs=EPSG%3A2868&amp;request=GetFeature&amp;typename=geonode%3Aa__2012_to_2016_outdoor_deaths_by_Census_Tract_0&amp;version=1.0.0</dct:references>
    <dct:references scheme="WWW:DOWNLOAD-1.0-http--download">http://dataexchange.asu.edu:80/gs/ows?outputFormat=SHAPE-ZIP&amp;service=WFS&amp;srs=EPSG%3A2868&amp;request=GetFeature&amp;format_options=charset%3AUTF-8&amp;typename=geonode%3Aa__2012_to_2016_outdoor_deaths_by_Census_Tract_0&amp;version=1.0.0</dct:references>
    <dct:references scheme="WWW:DOWNLOAD-1.0-http--download">http://dataexchange.asu.edu:80/download/8</dct:references>
    <dct:modified>2019-06-17T03:44:00Z</dct:modified>
    <dct:abstract>Outdoor heat deaths 2012-2016 by census tract in Maricopa County. Provided by Maricopa County Department of Public Health</dct:abstract>
    <dc:date>2019-06-17T03:44:00Z</dc:date>
    <dc:creator>pyager1</dc:creator>
    <dc:publisher>pyager1</dc:publisher>
    <dc:contributor>pyager1</dc:contributor>
    <dc:language>eng</dc:language>
    <dct:alternative>geonode:a__2012_to_2016_outdoor_deaths_by_Census_Tract_0</dct:alternative>
    <dct:spatial scheme="http://www.opengis.net/def/crs">EPSG:2868</dct:spatial>
    <ows:BoundingBox crs="urn:x-ogc:def:crs:EPSG:6.11:4326" dimensions="2">
      <ows:LowerCorner>32.4987820405 -113.358932485</ows:LowerCorner>
      <ows:UpperCorner>34.0452567234 -111.034000245</ows:UpperCorner>
    </ows:BoundingBox>
  </csw:Record>
</csw:GetRecordByIdResponse>
