<?xml version="1.0" encoding="UTF-8" standalone="no"?>
<!-- pycsw 2.4.0 -->
<csw:GetRecordByIdResponse xmlns:atom="http://www.w3.org/2005/Atom" xmlns:csw="http://www.opengis.net/cat/csw/2.0.2" xmlns:dc="http://purl.org/dc/elements/1.1/" xmlns:dct="http://purl.org/dc/terms/" xmlns:gmd="http://www.isotc211.org/2005/gmd" xmlns:gml="http://www.opengis.net/gml" xmlns:ows="http://www.opengis.net/ows" xmlns:xs="http://www.w3.org/2001/XMLSchema" xmlns:xsi="http://www.w3.org/2001/XMLSchema-instance" xsi:schemaLocation="http://www.opengis.net/cat/csw/2.0.2 http://schemas.opengis.net/csw/2.0.2/CSW-discovery.xsd">
  <atom:entry xmlns:georss="http://www.georss.org/georss" xsi:schemaLocation="http://www.w3.org/2005/Atom http://www.kbcafe.com/rss/atom.xsd.xml">
    <atom:author>
      <atom:name>pyager1</atom:name>
    </atom:author>
    <atom:category term="environment"/>
    <atom:category term="neighborhoods"/>
    <atom:contributor>pyager1</atom:contributor>
    <atom:id>ec01a07c-8ef8-11e9-aaa8-0242ac120003</atom:id>
    <dc:identifier>ec01a07c-8ef8-11e9-aaa8-0242ac120003</dc:identifier>
    <atom:link href="http://dataexchange.asu.edu:80/gs/ows?service=WMS&amp;request=GetLegendGraphic&amp;format=image/png&amp;WIDTH=20&amp;HEIGHT=20&amp;LAYER=geonode:AZ_State_Local_Parks2015&amp;STYLE=AZ_State_Local_Parks2015&amp;legend_options=fontAntiAliasing:true;fontSize:12;forceLabels:on" title="Arizona Local Parks (Legend Format)" type="WWW:DOWNLOAD-1.0-http--download"/>
    <atom:link href="http://dataexchange.asu.edu:80/gs/ows?service=WMS&amp;request=GetLegendGraphic&amp;format=image/png&amp;WIDTH=20&amp;HEIGHT=20&amp;LAYER=geonode:AZ_State_Local_Parks2015&amp;STYLE=AZ_State_Local_Parks2015&amp;legend_options=fontAntiAliasing:true;fontSize:12;forceLabels:on" title="Arizona Local Parks (Legend Format)" type="WWW:DOWNLOAD-1.0-http--download"/>
    <atom:link href="http://dataexchange.asu.edu:80/uploaded/thumbs/layer-ec01a07c-8ef8-11e9-aaa8-0242ac120003-thumb.png" title="Arizona Local Parks (Thumbnail Format)" type="WWW:DOWNLOAD-1.0-http--download"/>
    <atom:link href="http://dataexchange.asu.edu:80/gs/ows?layers=geonode%3AAZ_State_Local_Parks2015&amp;service=WMS&amp;format=image%2Fpng&amp;request=GetMap&amp;height=550&amp;width=632&amp;bbox=158418.286900000000000%2C3466573.537500000000000%2C649820.278200000000000%2C3894114.547100000000000&amp;srs=EPSG%3A26912" title="Arizona Local Parks (PNG Format)" type="WWW:DOWNLOAD-1.0-http--download"/>
    <atom:link href="http://dataexchange.asu.edu:80/gs/ows?layers=geonode%3AAZ_State_Local_Parks2015&amp;service=WMS&amp;format=application%2Fpdf&amp;request=GetMap&amp;height=550&amp;width=632&amp;bbox=158418.286900000000000%2C3466573.537500000000000%2C649820.278200000000000%2C3894114.547100000000000&amp;srs=EPSG%3A26912" title="Arizona Local Parks (PDF Format)" type="WWW:DOWNLOAD-1.0-http--download"/>
    <atom:link href="http://dataexchange.asu.edu:80/gs/ows?layers=geonode%3AAZ_State_Local_Parks2015&amp;service=WMS&amp;format=image%2Fjpeg&amp;request=GetMap&amp;height=550&amp;width=632&amp;bbox=158418.286900000000000%2C3466573.537500000000000%2C649820.278200000000000%2C3894114.547100000000000&amp;srs=EPSG%3A26912" title="Arizona Local Parks (JPEG Format)" type="WWW:DOWNLOAD-1.0-http--download"/>
    <atom:link href="http://dataexchange.asu.edu:80/gs/ows" title="OGC WMS: geonode Service" type="OGC:WMS"/>
    <atom:link href="http://dataexchange.asu.edu:80/layers/geonode:AZ_State_Local_Parks2015" title="Web address (URL)" type="WWW:LINK-1.0-http--link"/>
    <atom:link href="http://dataexchange.asu.edu:80/gs/ows?srsName=EPSG%3A26912&amp;outputFormat=json&amp;service=WFS&amp;srs=EPSG%3A26912&amp;request=GetFeature&amp;typename=geonode%3AAZ_State_Local_Parks2015&amp;version=1.0.0" title="Arizona Local Parks (GeoJSON Format)" type="WWW:DOWNLOAD-1.0-http--download"/>
    <atom:link href="http://dataexchange.asu.edu:80/gs/ows?outputFormat=excel&amp;service=WFS&amp;srs=EPSG%3A26912&amp;request=GetFeature&amp;typename=geonode%3AAZ_State_Local_Parks2015&amp;version=1.0.0" title="Arizona Local Parks (Excel Format)" type="WWW:DOWNLOAD-1.0-http--download"/>
    <atom:link href="http://dataexchange.asu.edu:80/gs/ows?outputFormat=csv&amp;service=WFS&amp;srs=EPSG%3A26912&amp;request=GetFeature&amp;typename=geonode%3AAZ_State_Local_Parks2015&amp;version=1.0.0" title="Arizona Local Parks (CSV Format)" type="WWW:DOWNLOAD-1.0-http--download"/>
    <atom:link href="http://dataexchange.asu.edu:80/gs/ows?outputFormat=text%2Fxml%3B+subtype%3Dgml%2F3.1.1&amp;service=WFS&amp;srs=EPSG%3A26912&amp;request=GetFeature&amp;typename=geonode%3AAZ_State_Local_Parks2015&amp;version=1.0.0" title="Arizona Local Parks (GML 3.1.1 Format)" type="WWW:DOWNLOAD-1.0-http--download"/>
    <atom:link href="http://dataexchange.asu.edu:80/gs/ows?outputFormat=gml2&amp;service=WFS&amp;srs=EPSG%3A26912&amp;request=GetFeature&amp;typename=geonode%3AAZ_State_Local_Parks2015&amp;version=1.0.0" title="Arizona Local Parks (GML 2.0 Format)" type="WWW:DOWNLOAD-1.0-http--download"/>
    <atom:link href="http://dataexchange.asu.edu:80/gs/ows?outputFormat=SHAPE-ZIP&amp;service=WFS&amp;srs=EPSG%3A26912&amp;request=GetFeature&amp;format_options=charset%3AUTF-8&amp;typename=geonode%3AAZ_State_Local_Parks2015&amp;version=1.0.0" title="Arizona Local Parks (Zipped Shapefile Format)" type="WWW:DOWNLOAD-1.0-http--download"/>
    <atom:link href="http://dataexchange.asu.edu:80/download/5" title="Arizona Local Parks (Original Dataset Format)" type="WWW:DOWNLOAD-1.0-http--download"/>
    <atom:link href="http://dataexchange.asu.edu:80/catalogue/csw?service=CSW&amp;version=2.0.2&amp;request=GetRepositoryItem&amp;id=ec01a07c-8ef8-11e9-aaa8-0242ac120003"/>
    <atom:title>Arizona Local Parks</atom:title>
    <atom:updated>2015-01-01</atom:updated>
    <atom:published>2015-01-01</atom:published>
    <atom:summary>The purpose of these data is to provide a reasonably accurate depiction of who or what agency manages the surface of a given area of land.</atom:summary>
    <georss:where>
      <gml:Envelope srsName="http://www.opengis.net/def/crs/EPSG/0/4326">
        <gml:lowerCorner>31.2834484171 -114.748413374</gml:lowerCorner>
        <gml:upperCorner>35.1788305861 -109.354652514</gml:upperCorner>
      </gml:Envelope>
    </georss:where>
  </atom:entry>
</csw:GetRecordByIdResponse>
