<?xml version="1.0" encoding="UTF-8" standalone="no"?>
<!-- pycsw 2.4.0 -->
<csw:GetRecordByIdResponse xmlns:csw="http://www.opengis.net/cat/csw/2.0.2" xmlns:dc="http://purl.org/dc/elements/1.1/" xmlns:dct="http://purl.org/dc/terms/" xmlns:dif="http://gcmd.gsfc.nasa.gov/Aboutus/xml/dif/" xmlns:gmd="http://www.isotc211.org/2005/gmd" xmlns:gml="http://www.opengis.net/gml" xmlns:ows="http://www.opengis.net/ows" xmlns:xs="http://www.w3.org/2001/XMLSchema" xmlns:xsi="http://www.w3.org/2001/XMLSchema-instance" xsi:schemaLocation="http://www.opengis.net/cat/csw/2.0.2 http://schemas.opengis.net/csw/2.0.2/CSW-discovery.xsd">
  <dif:DIF xsi:schemaLocation="http://gcmd.gsfc.nasa.gov/Aboutus/xml/dif/ http://gcmd.gsfc.nasa.gov/Aboutus/xml/dif/dif.xsd">
    <dif:Entry_ID>cfafd7b6-a128-11ea-888a-0242ac120006</dif:Entry_ID>
    <dif:Entry_Title>Goodwill_locations</dif:Entry_Title>
    <dif:Data_Set_Citation>
      <dif:Dataset_Creator>Kevin jatin Vora</dif:Dataset_Creator>
      <dif:Dataset_Release_Date>2020-05-28T21:18:44Z</dif:Dataset_Release_Date>
      <dif:Dataset_Publisher>Kevin jatin Vora</dif:Dataset_Publisher>
      <dif:Data_Presentation_Form>vector</dif:Data_Presentation_Form>
    </dif:Data_Set_Citation>
    <dif:ISO_Topic_Category/>
    <dif:Keyword>features</dif:Keyword>
    <dif:Keyword>Goodwill_locations</dif:Keyword>
    <dif:Temporal_Coverage>
      <dif:Start_Date/>
      <dif:End_Date/>
    </dif:Temporal_Coverage>
    <dif:Spatial_Coverage>
      <dif:Southernmost_Latitude>32.671073465</dif:Southernmost_Latitude>
      <dif:Northernmost_Latitude>33.8811627689</dif:Northernmost_Latitude>
      <dif:Westernmost_Longitude>-114.672717962</dif:Westernmost_Longitude>
      <dif:Easternmost_Longitude>-111.597694426</dif:Easternmost_Longitude>
    </dif:Spatial_Coverage>
    <dif:Access_Constraints/>
    <dif:Data_Set_Language>eng</dif:Data_Set_Language>
    <dif:Originating_Center/>
    <dif:Summary>No abstract provided</dif:Summary>
    <dif:DIF_Creation_Date>2020-05-28T21:18:44Z</dif:DIF_Creation_Date>
    <dif:Related_URL>
      <dif:URL/>
    </dif:Related_URL>
    <dif:Related_URL>
      <dif:URL_Content_Type>
        <dif:Type>WWW:DOWNLOAD-1.0-http--download</dif:Type>
      </dif:URL_Content_Type>
      <dif:URL>http://dataexchange.asu.edu:80/gs/ows?outputFormat=SHAPE-ZIP&amp;service=WFS&amp;srs=EPSG%3A4326&amp;request=GetFeature&amp;format_options=charset%3AUTF-8&amp;typename=geonode%3AGoodwill_locations&amp;version=1.0.0</dif:URL>
      <dif:Description>Goodwill_locations (Zipped Shapefile Format)</dif:Description>
    </dif:Related_URL>
    <dif:Related_URL>
      <dif:URL_Content_Type>
        <dif:Type>WWW:DOWNLOAD-1.0-http--download</dif:Type>
      </dif:URL_Content_Type>
      <dif:URL>http://dataexchange.asu.edu:80/download/119</dif:URL>
      <dif:Description>Goodwill_locations (Original Dataset Format)</dif:Description>
    </dif:Related_URL>
    <dif:Related_URL>
      <dif:URL_Content_Type>
        <dif:Type>WWW:DOWNLOAD-1.0-http--download</dif:Type>
      </dif:URL_Content_Type>
      <dif:URL>http://dataexchange.asu.edu:80/gs/ows?layers=geonode%3AGoodwill_locations&amp;service=WMS&amp;format=image%2Fjpeg&amp;request=GetMap&amp;height=550&amp;width=1100&amp;bbox=-180.000000000000000%2C-90.000000000000000%2C180.000000000000000%2C90.000000000000000&amp;srs=EPSG%3A4326</dif:URL>
      <dif:Description>Goodwill_locations (JPEG Format)</dif:Description>
    </dif:Related_URL>
    <dif:Related_URL>
      <dif:URL_Content_Type>
        <dif:Type>WWW:DOWNLOAD-1.0-http--download</dif:Type>
      </dif:URL_Content_Type>
      <dif:URL>http://dataexchange.asu.edu:80/gs/ows?layers=geonode%3AGoodwill_locations&amp;service=WMS&amp;format=application%2Fpdf&amp;request=GetMap&amp;height=550&amp;width=1100&amp;bbox=-180.000000000000000%2C-90.000000000000000%2C180.000000000000000%2C90.000000000000000&amp;srs=EPSG%3A4326</dif:URL>
      <dif:Description>Goodwill_locations (PDF Format)</dif:Description>
    </dif:Related_URL>
    <dif:Related_URL>
      <dif:URL_Content_Type>
        <dif:Type>WWW:DOWNLOAD-1.0-http--download</dif:Type>
      </dif:URL_Content_Type>
      <dif:URL>http://dataexchange.asu.edu:80/gs/ows?layers=geonode%3AGoodwill_locations&amp;service=WMS&amp;format=image%2Fpng&amp;request=GetMap&amp;height=550&amp;width=1100&amp;bbox=-180.000000000000000%2C-90.000000000000000%2C180.000000000000000%2C90.000000000000000&amp;srs=EPSG%3A4326</dif:URL>
      <dif:Description>Goodwill_locations (PNG Format)</dif:Description>
    </dif:Related_URL>
    <dif:Related_URL>
      <dif:URL_Content_Type>
        <dif:Type>WWW:DOWNLOAD-1.0-http--download</dif:Type>
      </dif:URL_Content_Type>
      <dif:URL>http://dataexchange.asu.edu:80/gs/ows?outputFormat=gml2&amp;service=WFS&amp;srs=EPSG%3A4326&amp;request=GetFeature&amp;typename=geonode%3AGoodwill_locations&amp;version=1.0.0</dif:URL>
      <dif:Description>Goodwill_locations (GML 2.0 Format)</dif:Description>
    </dif:Related_URL>
    <dif:Related_URL>
      <dif:URL_Content_Type>
        <dif:Type>WWW:DOWNLOAD-1.0-http--download</dif:Type>
      </dif:URL_Content_Type>
      <dif:URL>http://dataexchange.asu.edu:80/gs/ows?outputFormat=text%2Fxml%3B+subtype%3Dgml%2F3.1.1&amp;service=WFS&amp;srs=EPSG%3A4326&amp;request=GetFeature&amp;typename=geonode%3AGoodwill_locations&amp;version=1.0.0</dif:URL>
      <dif:Description>Goodwill_locations (GML 3.1.1 Format)</dif:Description>
    </dif:Related_URL>
    <dif:Related_URL>
      <dif:URL_Content_Type>
        <dif:Type>WWW:DOWNLOAD-1.0-http--download</dif:Type>
      </dif:URL_Content_Type>
      <dif:URL>http://dataexchange.asu.edu:80/gs/ows?outputFormat=csv&amp;service=WFS&amp;srs=EPSG%3A4326&amp;request=GetFeature&amp;typename=geonode%3AGoodwill_locations&amp;version=1.0.0</dif:URL>
      <dif:Description>Goodwill_locations (CSV Format)</dif:Description>
    </dif:Related_URL>
    <dif:Related_URL>
      <dif:URL_Content_Type>
        <dif:Type>WWW:DOWNLOAD-1.0-http--download</dif:Type>
      </dif:URL_Content_Type>
      <dif:URL>http://dataexchange.asu.edu:80/gs/ows?outputFormat=excel&amp;service=WFS&amp;srs=EPSG%3A4326&amp;request=GetFeature&amp;typename=geonode%3AGoodwill_locations&amp;version=1.0.0</dif:URL>
      <dif:Description>Goodwill_locations (Excel Format)</dif:Description>
    </dif:Related_URL>
    <dif:Related_URL>
      <dif:URL_Content_Type>
        <dif:Type>WWW:DOWNLOAD-1.0-http--download</dif:Type>
      </dif:URL_Content_Type>
      <dif:URL>http://dataexchange.asu.edu:80/gs/ows?srsName=EPSG%3A4326&amp;outputFormat=json&amp;service=WFS&amp;srs=EPSG%3A4326&amp;request=GetFeature&amp;typename=geonode%3AGoodwill_locations&amp;version=1.0.0</dif:URL>
      <dif:Description>Goodwill_locations (GeoJSON Format)</dif:Description>
    </dif:Related_URL>
    <dif:Related_URL>
      <dif:URL_Content_Type>
        <dif:Type>WWW:LINK-1.0-http--link</dif:Type>
      </dif:URL_Content_Type>
      <dif:URL>http://dataexchange.asu.edu:80/layers/geonode:Goodwill_locations</dif:URL>
      <dif:Description>Web address (URL)</dif:Description>
    </dif:Related_URL>
    <dif:Related_URL>
      <dif:URL_Content_Type>
        <dif:Type>OGC:WMS</dif:Type>
      </dif:URL_Content_Type>
      <dif:URL>http://dataexchange.asu.edu:80/gs/ows</dif:URL>
      <dif:Description>OGC WMS: geonode Service</dif:Description>
    </dif:Related_URL>
    <dif:Related_URL>
      <dif:URL_Content_Type>
        <dif:Type>WWW:DOWNLOAD-1.0-http--download</dif:Type>
      </dif:URL_Content_Type>
      <dif:URL>33.8811627689</dif:URL>
      <dif:Description>Goodwill_locations (Remote Thumbnail Format)</dif:Description>
    </dif:Related_URL>
    <dif:Related_URL>
      <dif:URL_Content_Type>
        <dif:Type>WWW:DOWNLOAD-1.0-http--download</dif:Type>
      </dif:URL_Content_Type>
      <dif:URL>http://dataexchange.asu.edu:80/uploaded/thumbs/layer-cfafd7b6-a128-11ea-888a-0242ac120006-thumb.png</dif:URL>
      <dif:Description>Goodwill_locations (Thumbnail Format)</dif:Description>
    </dif:Related_URL>
    <dif:Related_URL>
      <dif:URL_Content_Type>
        <dif:Type>WWW:DOWNLOAD-1.0-http--download</dif:Type>
      </dif:URL_Content_Type>
      <dif:URL>http://dataexchange.asu.edu:80/gs/ows?outputFormat=SHAPE-ZIP&amp;service=WFS&amp;srs=EPSG%3A26912&amp;request=GetFeature&amp;format_options=charset%3AUTF-8&amp;typename=geonode%3AGoodwill_locations&amp;version=1.0.0</dif:URL>
      <dif:Description>Goodwill_locations (Zipped Shapefile Format)</dif:Description>
    </dif:Related_URL>
    <dif:Related_URL>
      <dif:URL_Content_Type>
        <dif:Type>WWW:DOWNLOAD-1.0-http--download</dif:Type>
      </dif:URL_Content_Type>
      <dif:URL>http://dataexchange.asu.edu:80/gs/ows?outputFormat=gml2&amp;service=WFS&amp;srs=EPSG%3A26912&amp;request=GetFeature&amp;typename=geonode%3AGoodwill_locations&amp;version=1.0.0</dif:URL>
      <dif:Description>Goodwill_locations (GML 2.0 Format)</dif:Description>
    </dif:Related_URL>
    <dif:Related_URL>
      <dif:URL_Content_Type>
        <dif:Type>WWW:DOWNLOAD-1.0-http--download</dif:Type>
      </dif:URL_Content_Type>
      <dif:URL>http://dataexchange.asu.edu:80/gs/ows?outputFormat=text%2Fxml%3B+subtype%3Dgml%2F3.1.1&amp;service=WFS&amp;srs=EPSG%3A26912&amp;request=GetFeature&amp;typename=geonode%3AGoodwill_locations&amp;version=1.0.0</dif:URL>
      <dif:Description>Goodwill_locations (GML 3.1.1 Format)</dif:Description>
    </dif:Related_URL>
    <dif:Related_URL>
      <dif:URL_Content_Type>
        <dif:Type>WWW:DOWNLOAD-1.0-http--download</dif:Type>
      </dif:URL_Content_Type>
      <dif:URL>http://dataexchange.asu.edu:80/gs/ows?outputFormat=csv&amp;service=WFS&amp;srs=EPSG%3A26912&amp;request=GetFeature&amp;typename=geonode%3AGoodwill_locations&amp;version=1.0.0</dif:URL>
      <dif:Description>Goodwill_locations (CSV Format)</dif:Description>
    </dif:Related_URL>
    <dif:Related_URL>
      <dif:URL_Content_Type>
        <dif:Type>WWW:DOWNLOAD-1.0-http--download</dif:Type>
      </dif:URL_Content_Type>
      <dif:URL>http://dataexchange.asu.edu:80/gs/ows?outputFormat=excel&amp;service=WFS&amp;srs=EPSG%3A26912&amp;request=GetFeature&amp;typename=geonode%3AGoodwill_locations&amp;version=1.0.0</dif:URL>
      <dif:Description>Goodwill_locations (Excel Format)</dif:Description>
    </dif:Related_URL>
    <dif:Related_URL>
      <dif:URL_Content_Type>
        <dif:Type>WWW:DOWNLOAD-1.0-http--download</dif:Type>
      </dif:URL_Content_Type>
      <dif:URL>http://dataexchange.asu.edu:80/gs/ows?srsName=EPSG%3A26912&amp;outputFormat=json&amp;service=WFS&amp;srs=EPSG%3A26912&amp;request=GetFeature&amp;typename=geonode%3AGoodwill_locations&amp;version=1.0.0</dif:URL>
      <dif:Description>Goodwill_locations (GeoJSON Format)</dif:Description>
    </dif:Related_URL>
    <dif:Related_URL>
      <dif:URL_Content_Type>
        <dif:Type>WWW:DOWNLOAD-1.0-http--download</dif:Type>
      </dif:URL_Content_Type>
      <dif:URL>http://dataexchange.asu.edu:80/gs/ows?service=WMS&amp;request=GetLegendGraphic&amp;format=image/png&amp;WIDTH=20&amp;HEIGHT=20&amp;LAYER=geonode:Goodwill_locations&amp;STYLE=Goodwill_locations&amp;legend_options=fontAntiAliasing:true;fontSize:12;forceLabels:on</dif:URL>
      <dif:Description>Goodwill_locations (Legend Format)</dif:Description>
    </dif:Related_URL>
    <dif:Metadata_Name>CEOS IDN DIF</dif:Metadata_Name>
    <dif:Metadata_Version>9.7</dif:Metadata_Version>
  </dif:DIF>
</csw:GetRecordByIdResponse>
