<?xml version="1.0" encoding="UTF-8" standalone="no"?>
<!-- pycsw 2.4.0 -->
<csw:GetRecordByIdResponse xmlns:atom="http://www.w3.org/2005/Atom" xmlns:csw="http://www.opengis.net/cat/csw/2.0.2" xmlns:dc="http://purl.org/dc/elements/1.1/" xmlns:dct="http://purl.org/dc/terms/" xmlns:gmd="http://www.isotc211.org/2005/gmd" xmlns:gml="http://www.opengis.net/gml" xmlns:ows="http://www.opengis.net/ows" xmlns:xs="http://www.w3.org/2001/XMLSchema" xmlns:xsi="http://www.w3.org/2001/XMLSchema-instance" xsi:schemaLocation="http://www.opengis.net/cat/csw/2.0.2 http://schemas.opengis.net/csw/2.0.2/CSW-discovery.xsd">
  <atom:entry xmlns:georss="http://www.georss.org/georss" xsi:schemaLocation="http://www.w3.org/2005/Atom http://www.kbcafe.com/rss/atom.xsd.xml">
    <atom:author>
      <atom:name>Admin</atom:name>
    </atom:author>
    <atom:category term="Healthy Lifestyles to Grow Social Resilience"/>
    <atom:category term="Heat deaths"/>
    <atom:contributor>nnetraga</atom:contributor>
    <atom:id>58bc503c-92b3-11e9-b267-0242ac120008</atom:id>
    <dc:identifier>58bc503c-92b3-11e9-b267-0242ac120008</dc:identifier>
    <atom:link href="http://dataexchange.asu.edu:80/gs/ows?outputFormat=text%2Fxml%3B+subtype%3Dgml%2F3.1.1&amp;service=WFS&amp;srs=EPSG%3A4269&amp;request=GetFeature&amp;typename=geonode%3APHX_HeatCalls_to_qunshan&amp;version=1.0.0" title="PHX HeatCalls (GML 3.1.1 Format)" type="WWW:DOWNLOAD-1.0-http--download"/>
    <atom:link href="http://dataexchange.asu.edu:80/gs/ows?outputFormat=csv&amp;service=WFS&amp;srs=EPSG%3A4269&amp;request=GetFeature&amp;typename=geonode%3APHX_HeatCalls_to_qunshan&amp;version=1.0.0" title="PHX HeatCalls (CSV Format)" type="WWW:DOWNLOAD-1.0-http--download"/>
    <atom:link href="http://dataexchange.asu.edu:80/gs/ows?outputFormat=excel&amp;service=WFS&amp;srs=EPSG%3A4269&amp;request=GetFeature&amp;typename=geonode%3APHX_HeatCalls_to_qunshan&amp;version=1.0.0" title="PHX HeatCalls (Excel Format)" type="WWW:DOWNLOAD-1.0-http--download"/>
    <atom:link href="http://dataexchange.asu.edu:80/download/26" title="PHX HeatCalls (Original Dataset Format)" type="WWW:DOWNLOAD-1.0-http--download"/>
    <atom:link href="http://dataexchange.asu.edu:80/gs/ows?outputFormat=SHAPE-ZIP&amp;service=WFS&amp;srs=EPSG%3A4269&amp;request=GetFeature&amp;format_options=charset%3AUTF-8&amp;typename=geonode%3APHX_HeatCalls_to_qunshan&amp;version=1.0.0" title="PHX HeatCalls (Zipped Shapefile Format)" type="WWW:DOWNLOAD-1.0-http--download"/>
    <atom:link href="http://dataexchange.asu.edu:80/gs/ows?outputFormat=gml2&amp;service=WFS&amp;srs=EPSG%3A4269&amp;request=GetFeature&amp;typename=geonode%3APHX_HeatCalls_to_qunshan&amp;version=1.0.0" title="PHX HeatCalls (GML 2.0 Format)" type="WWW:DOWNLOAD-1.0-http--download"/>
    <atom:link href="http://dataexchange.asu.edu:80/gs/ows?outputFormat=text%2Fxml%3B+subtype%3Dgml%2F3.1.1&amp;service=WFS&amp;srs=EPSG%3A4269&amp;request=GetFeature&amp;typename=geonode%3APHX_HeatCalls_to_qunshan&amp;version=1.0.0" title="PHX HeatCalls (GML 3.1.1 Format)" type="WWW:DOWNLOAD-1.0-http--download"/>
    <atom:link href="http://dataexchange.asu.edu:80/gs/ows?outputFormat=csv&amp;service=WFS&amp;srs=EPSG%3A4269&amp;request=GetFeature&amp;typename=geonode%3APHX_HeatCalls_to_qunshan&amp;version=1.0.0" title="PHX HeatCalls (CSV Format)" type="WWW:DOWNLOAD-1.0-http--download"/>
    <atom:link href="http://dataexchange.asu.edu:80/gs/ows?outputFormat=excel&amp;service=WFS&amp;srs=EPSG%3A4269&amp;request=GetFeature&amp;typename=geonode%3APHX_HeatCalls_to_qunshan&amp;version=1.0.0" title="PHX HeatCalls (Excel Format)" type="WWW:DOWNLOAD-1.0-http--download"/>
    <atom:link href="http://dataexchange.asu.edu:80/gs/ows?srsName=EPSG%3A4269&amp;outputFormat=json&amp;service=WFS&amp;srs=EPSG%3A4269&amp;request=GetFeature&amp;typename=geonode%3APHX_HeatCalls_to_qunshan&amp;version=1.0.0" title="PHX HeatCalls (GeoJSON Format)" type="WWW:DOWNLOAD-1.0-http--download"/>
    <atom:link href="http://dataexchange.asu.edu:80/uploaded/thumbs/layer-58bc503c-92b3-11e9-b267-0242ac120008-thumb.png" title="PHX HeatCalls (Thumbnail Format)" type="WWW:DOWNLOAD-1.0-http--download"/>
    <atom:link href="http://dataexchange.asu.edu:80/gs/ows?layers=geonode%3APHX_HeatCalls_to_qunshan&amp;service=WMS&amp;format=image%2Fpng&amp;request=GetMap&amp;height=550&amp;width=624&amp;bbox=-113.212000000000000%2C32.642780000000000%2C-111.746104000000000%2C33.933418000000000&amp;srs=EPSG%3A4269" title="PHX HeatCalls (PNG Format)" type="WWW:DOWNLOAD-1.0-http--download"/>
    <atom:link href="http://dataexchange.asu.edu:80/gs/ows?layers=geonode%3APHX_HeatCalls_to_qunshan&amp;service=WMS&amp;format=image%2Fjpeg&amp;request=GetMap&amp;height=550&amp;width=624&amp;bbox=-113.212000000000000%2C32.642780000000000%2C-111.746104000000000%2C33.933418000000000&amp;srs=EPSG%3A4269" title="PHX HeatCalls (JPEG Format)" type="WWW:DOWNLOAD-1.0-http--download"/>
    <atom:link href="http://dataexchange.asu.edu:80/gs/ows?layers=geonode%3APHX_HeatCalls_to_qunshan&amp;service=WMS&amp;format=image%2Fjpeg&amp;request=GetMap&amp;height=550&amp;width=624&amp;bbox=-113.212000000000000%2C32.642780000000000%2C-111.746104000000000%2C33.933418000000000&amp;srs=EPSG%3A4269" title="PHX HeatCalls (JPEG Format)" type="WWW:DOWNLOAD-1.0-http--download"/>
    <atom:link href="http://dataexchange.asu.edu:80/gs/ows?layers=geonode%3APHX_HeatCalls_to_qunshan&amp;service=WMS&amp;format=application%2Fpdf&amp;request=GetMap&amp;height=550&amp;width=624&amp;bbox=-113.212000000000000%2C32.642780000000000%2C-111.746104000000000%2C33.933418000000000&amp;srs=EPSG%3A4269" title="PHX HeatCalls (PDF Format)" type="WWW:DOWNLOAD-1.0-http--download"/>
    <atom:link href="http://dataexchange.asu.edu:80/gs/ows?layers=geonode%3APHX_HeatCalls_to_qunshan&amp;service=WMS&amp;format=application%2Fpdf&amp;request=GetMap&amp;height=550&amp;width=624&amp;bbox=-113.212000000000000%2C32.642780000000000%2C-111.746104000000000%2C33.933418000000000&amp;srs=EPSG%3A4269" title="PHX HeatCalls (PDF Format)" type="WWW:DOWNLOAD-1.0-http--download"/>
    <atom:link href="http://dataexchange.asu.edu:80/catalogue/csw?service=CSW&amp;version=2.0.2&amp;request=GetRepositoryItem&amp;id=58bc503c-92b3-11e9-b267-0242ac120008"/>
    <atom:title>PHX HeatCalls</atom:title>
    <atom:updated>2007-07-06T09:57:00Z</atom:updated>
    <atom:published>2007-07-06T09:57:00Z</atom:published>
    <atom:summary>point data about the calls recorded in the phoenix area regarding excessive heat or medical emergencies caused by heatwave for the years 2001 to 2006</atom:summary>
    <georss:where>
      <gml:Envelope srsName="http://www.opengis.net/def/crs/EPSG/0/4326">
        <gml:lowerCorner>32.64278 -113.212</gml:lowerCorner>
        <gml:upperCorner>33.933418 -111.746104</gml:upperCorner>
      </gml:Envelope>
    </georss:where>
  </atom:entry>
</csw:GetRecordByIdResponse>
