<?xml version="1.0" encoding="UTF-8" standalone="no"?>
<!-- pycsw 2.4.0 -->
<csw:GetRecordByIdResponse xmlns:csw="http://www.opengis.net/cat/csw/2.0.2" xmlns:dc="http://purl.org/dc/elements/1.1/" xmlns:dct="http://purl.org/dc/terms/" xmlns:gmd="http://www.isotc211.org/2005/gmd" xmlns:gml="http://www.opengis.net/gml" xmlns:ows="http://www.opengis.net/ows" xmlns:rim="urn:oasis:names:tc:ebxml-regrep:xsd:rim:3.0" xmlns:xs="http://www.w3.org/2001/XMLSchema" xmlns:xsi="http://www.w3.org/2001/XMLSchema-instance" xsi:schemaLocation="http://www.opengis.net/cat/csw/2.0.2 http://schemas.opengis.net/csw/2.0.2/CSW-discovery.xsd">
  <rim:ExtrinsicObject xsi:schemaLocation="http://www.opengis.net/cat/wrs/1.0 http://schemas.opengis.net/csw/2.0.2/profiles/ebrim/1.0/csw-ebrim.xsd" id="58bc503c-92b3-11e9-b267-0242ac120008" lid="58bc503c-92b3-11e9-b267-0242ac120008" objectType="dataset" status="urn:oasis:names:tc:ebxml-regrep:StatusType:Submitted">
    <rim:VersionInfo versionName=""/>
    <rim:ExternalIdentifier id="58bc503c-92b3-11e9-b267-0242ac120008" identificationScheme="foo" registryObject="None" value="58bc503c-92b3-11e9-b267-0242ac120008"/>
    <rim:Name>
      <rim:LocalizedString value="PHX HeatCalls"/>
    </rim:Name>
    <rim:Description>
      <rim:LocalizedString value="point data about the calls recorded in the phoenix area regarding excessive heat or medical emergencies caused by heatwave for the years 2001 to 2006"/>
    </rim:Description>
    <rim:Slot slotType="urn:ogc:def:dataType:ISO-19107:2003:GM_Envelope">
      <rim:ValueList>
        <rim:Value>
          <ows:BoundingBox crs="urn:x-ogc:def:crs:EPSG:6.11:4326" dimensions="2">
            <ows:LowerCorner>32.64278 -113.212</ows:LowerCorner>
            <ows:UpperCorner>33.933418 -111.746104</ows:UpperCorner>
          </ows:BoundingBox>
        </rim:Value>
      </rim:ValueList>
    </rim:Slot>
    <rim:Slot name="http://purl.org/dc/elements/1.1/subject">
      <rim:ValueList>
        <rim:Value>Healthy Lifestyles to Grow Social Resilience</rim:Value>
        <rim:Value>Heat deaths</rim:Value>
      </rim:ValueList>
    </rim:Slot>
  </rim:ExtrinsicObject>
</csw:GetRecordByIdResponse>
