<?xml version="1.0" encoding="UTF-8" standalone="no"?>
<!-- pycsw 2.4.0 -->
<csw:GetRecordByIdResponse xmlns:atom="http://www.w3.org/2005/Atom" xmlns:csw="http://www.opengis.net/cat/csw/2.0.2" xmlns:dc="http://purl.org/dc/elements/1.1/" xmlns:dct="http://purl.org/dc/terms/" xmlns:gmd="http://www.isotc211.org/2005/gmd" xmlns:gml="http://www.opengis.net/gml" xmlns:ows="http://www.opengis.net/ows" xmlns:xs="http://www.w3.org/2001/XMLSchema" xmlns:xsi="http://www.w3.org/2001/XMLSchema-instance" xsi:schemaLocation="http://www.opengis.net/cat/csw/2.0.2 http://schemas.opengis.net/csw/2.0.2/CSW-discovery.xsd">
  <atom:entry xmlns:georss="http://www.georss.org/georss" xsi:schemaLocation="http://www.w3.org/2005/Atom http://www.kbcafe.com/rss/atom.xsd.xml">
    <atom:author>
      <atom:name>pyager1</atom:name>
    </atom:author>
    <atom:category term="neighborhoods"/>
    <atom:category term="transportation"/>
    <atom:category term="Utilities"/>
    <atom:contributor>pyager1</atom:contributor>
    <atom:id>c82ac7d6-96bf-11e9-abff-0242ac120003</atom:id>
    <dc:identifier>c82ac7d6-96bf-11e9-abff-0242ac120003</dc:identifier>
    <atom:link href="http://dataexchange.asu.edu:80/gs/ows?service=WMS&amp;request=GetLegendGraphic&amp;format=image/png&amp;WIDTH=20&amp;HEIGHT=20&amp;LAYER=geonode:busridership&amp;STYLE=busridership&amp;legend_options=fontAntiAliasing:true;fontSize:12;forceLabels:on" title="Valley Metro Bus Ridership (Legend Format)" type="WWW:DOWNLOAD-1.0-http--download"/>
    <atom:link href="http://dataexchange.asu.edu:80/uploaded/thumbs/layer-c82ac7d6-96bf-11e9-abff-0242ac120003-thumb.png" title="Valley Metro Bus Ridership (Thumbnail Format)" type="WWW:DOWNLOAD-1.0-http--download"/>
    <atom:link href="http://dataexchange.asu.edu:80/gs/ows?layers=geonode%3Abusridership&amp;service=WMS&amp;format=image%2Fpng&amp;request=GetMap&amp;height=550&amp;width=424&amp;bbox=405033.588910762000000%2C504274.077427827000000%2C778070.653871395000000%2C987029.951443575000000&amp;srs=EPSG%3A2868" title="Valley Metro Bus Ridership (PNG Format)" type="WWW:DOWNLOAD-1.0-http--download"/>
    <atom:link href="http://dataexchange.asu.edu:80/gs/ows?layers=geonode%3Abusridership&amp;service=WMS&amp;format=application%2Fpdf&amp;request=GetMap&amp;height=550&amp;width=424&amp;bbox=405033.588910762000000%2C504274.077427827000000%2C778070.653871395000000%2C987029.951443575000000&amp;srs=EPSG%3A2868" title="Valley Metro Bus Ridership (PDF Format)" type="WWW:DOWNLOAD-1.0-http--download"/>
    <atom:link href="http://dataexchange.asu.edu:80/gs/ows?layers=geonode%3Abusridership&amp;service=WMS&amp;format=image%2Fjpeg&amp;request=GetMap&amp;height=550&amp;width=424&amp;bbox=405033.588910762000000%2C504274.077427827000000%2C778070.653871395000000%2C987029.951443575000000&amp;srs=EPSG%3A2868" title="Valley Metro Bus Ridership (JPEG Format)" type="WWW:DOWNLOAD-1.0-http--download"/>
    <atom:link href="http://dataexchange.asu.edu:80/gs/ows" title="OGC WMS: geonode Service" type="OGC:WMS"/>
    <atom:link href="http://dataexchange.asu.edu:80/layers/geonode:busridership" title="Web address (URL)" type="WWW:LINK-1.0-http--link"/>
    <atom:link href="http://dataexchange.asu.edu:80/gs/ows?srsName=EPSG%3A2868&amp;outputFormat=json&amp;service=WFS&amp;srs=EPSG%3A2868&amp;request=GetFeature&amp;typename=geonode%3Abusridership&amp;version=1.0.0" title="Valley Metro Bus Ridership (GeoJSON Format)" type="WWW:DOWNLOAD-1.0-http--download"/>
    <atom:link href="http://dataexchange.asu.edu:80/gs/ows?outputFormat=excel&amp;service=WFS&amp;srs=EPSG%3A2868&amp;request=GetFeature&amp;typename=geonode%3Abusridership&amp;version=1.0.0" title="Valley Metro Bus Ridership (Excel Format)" type="WWW:DOWNLOAD-1.0-http--download"/>
    <atom:link href="http://dataexchange.asu.edu:80/gs/ows?outputFormat=csv&amp;service=WFS&amp;srs=EPSG%3A2868&amp;request=GetFeature&amp;typename=geonode%3Abusridership&amp;version=1.0.0" title="Valley Metro Bus Ridership (CSV Format)" type="WWW:DOWNLOAD-1.0-http--download"/>
    <atom:link href="http://dataexchange.asu.edu:80/gs/ows?outputFormat=text%2Fxml%3B+subtype%3Dgml%2F3.1.1&amp;service=WFS&amp;srs=EPSG%3A2868&amp;request=GetFeature&amp;typename=geonode%3Abusridership&amp;version=1.0.0" title="Valley Metro Bus Ridership (GML 3.1.1 Format)" type="WWW:DOWNLOAD-1.0-http--download"/>
    <atom:link href="http://dataexchange.asu.edu:80/gs/ows?outputFormat=gml2&amp;service=WFS&amp;srs=EPSG%3A2868&amp;request=GetFeature&amp;typename=geonode%3Abusridership&amp;version=1.0.0" title="Valley Metro Bus Ridership (GML 2.0 Format)" type="WWW:DOWNLOAD-1.0-http--download"/>
    <atom:link href="http://dataexchange.asu.edu:80/gs/ows?outputFormat=SHAPE-ZIP&amp;service=WFS&amp;srs=EPSG%3A2868&amp;request=GetFeature&amp;format_options=charset%3AUTF-8&amp;typename=geonode%3Abusridership&amp;version=1.0.0" title="Valley Metro Bus Ridership (Zipped Shapefile Format)" type="WWW:DOWNLOAD-1.0-http--download"/>
    <atom:link href="http://dataexchange.asu.edu:80/download/49" title="Valley Metro Bus Ridership (Original Dataset Format)" type="WWW:DOWNLOAD-1.0-http--download"/>
    <atom:link href="http://dataexchange.asu.edu:80/catalogue/csw?service=CSW&amp;version=2.0.2&amp;request=GetRepositoryItem&amp;id=c82ac7d6-96bf-11e9-abff-0242ac120003"/>
    <atom:title>Valley Metro Bus Ridership</atom:title>
    <atom:updated>2020-06-21T17:27:00Z</atom:updated>
    <atom:published>2020-06-21T17:27:00Z</atom:published>
    <atom:rights>formal permission to do something</atom:rights>
    <atom:summary>Average daily ridership for each bus stop by quarter broken on the Valley Metro transit system down by weekdays and weekends.</atom:summary>
    <georss:where>
      <gml:Envelope srsName="http://www.opengis.net/def/crs/EPSG/0/4326">
        <gml:lowerCorner>32.3827068943 -112.886621906</gml:lowerCorner>
        <gml:upperCorner>33.7129466808 -111.659927432</gml:upperCorner>
      </gml:Envelope>
    </georss:where>
  </atom:entry>
</csw:GetRecordByIdResponse>
