<?xml version="1.0" encoding="UTF-8" standalone="no"?>
<!-- pycsw 2.4.0 -->
<csw:GetRecordByIdResponse xmlns:csw="http://www.opengis.net/cat/csw/2.0.2" xmlns:dc="http://purl.org/dc/elements/1.1/" xmlns:dct="http://purl.org/dc/terms/" xmlns:gmd="http://www.isotc211.org/2005/gmd" xmlns:gml="http://www.opengis.net/gml" xmlns:ows="http://www.opengis.net/ows" xmlns:rim="urn:oasis:names:tc:ebxml-regrep:xsd:rim:3.0" xmlns:xs="http://www.w3.org/2001/XMLSchema" xmlns:xsi="http://www.w3.org/2001/XMLSchema-instance" xsi:schemaLocation="http://www.opengis.net/cat/csw/2.0.2 http://schemas.opengis.net/csw/2.0.2/CSW-discovery.xsd">
  <rim:ExtrinsicObject xsi:schemaLocation="http://www.opengis.net/cat/wrs/1.0 http://schemas.opengis.net/csw/2.0.2/profiles/ebrim/1.0/csw-ebrim.xsd" id="d76cb584-9231-11e9-9b01-0242ac120003" lid="d76cb584-9231-11e9-9b01-0242ac120003" objectType="dataset" status="urn:oasis:names:tc:ebxml-regrep:StatusType:Submitted">
    <rim:VersionInfo versionName=""/>
    <rim:ExternalIdentifier id="d76cb584-9231-11e9-9b01-0242ac120003" identificationScheme="foo" registryObject="None" value="d76cb584-9231-11e9-9b01-0242ac120003"/>
    <rim:Name>
      <rim:LocalizedString value="Arizona Block Groups"/>
    </rim:Name>
    <rim:Description>
      <rim:LocalizedString value="Census block groups  are clusters of blocks within the same census tract that have the same first digit of&#13;&#10;their 4-character census block number. Blocks are statistical areas bounded on all sides by visible features, such as streets, roads,&#13;&#10;streams, and railroad tracks, and by non-visible boundaries such as city, town, township, and county&#13;&#10;limits, and short line-of-sight extensions of streets and roads. Generally, census blocks are small in area;&#13;&#10;for example, a block in a city. Census blocks in suburban and rural areas may be large, irregular and&#13;&#10;bounded by a variety of features, such as roads, streams, and/or transmission line rights-of-way. In&#13;&#10;remote areas, census blocks may encompass hundreds of square miles."/>
    </rim:Description>
    <rim:Slot slotType="urn:ogc:def:dataType:ISO-19107:2003:GM_Envelope">
      <rim:ValueList>
        <rim:Value>
          <ows:BoundingBox crs="urn:x-ogc:def:crs:EPSG:6.11:4326" dimensions="2">
            <ows:LowerCorner>31.332177 -114.816591</ows:LowerCorner>
            <ows:UpperCorner>37.003725 -109.045172</ows:UpperCorner>
          </ows:BoundingBox>
        </rim:Value>
      </rim:ValueList>
    </rim:Slot>
    <rim:Slot name="http://purl.org/dc/elements/1.1/subject">
      <rim:ValueList>
        <rim:Value>boundaries</rim:Value>
        <rim:Value>neighborhoods</rim:Value>
      </rim:ValueList>
    </rim:Slot>
  </rim:ExtrinsicObject>
</csw:GetRecordByIdResponse>
