<?xml version="1.0" encoding="UTF-8" standalone="no"?>
<!-- pycsw 2.4.0 -->
<csw:GetRecordByIdResponse xmlns:atom="http://www.w3.org/2005/Atom" xmlns:csw="http://www.opengis.net/cat/csw/2.0.2" xmlns:dc="http://purl.org/dc/elements/1.1/" xmlns:dct="http://purl.org/dc/terms/" xmlns:gmd="http://www.isotc211.org/2005/gmd" xmlns:gml="http://www.opengis.net/gml" xmlns:ows="http://www.opengis.net/ows" xmlns:xs="http://www.w3.org/2001/XMLSchema" xmlns:xsi="http://www.w3.org/2001/XMLSchema-instance" xsi:schemaLocation="http://www.opengis.net/cat/csw/2.0.2 http://schemas.opengis.net/csw/2.0.2/CSW-discovery.xsd">
  <atom:entry xmlns:georss="http://www.georss.org/georss" xsi:schemaLocation="http://www.w3.org/2005/Atom http://www.kbcafe.com/rss/atom.xsd.xml">
    <atom:author>
      <atom:name>Nerrissa</atom:name>
    </atom:author>
    <atom:category term="features"/>
    <atom:category term="InitialUnemploymentInsuranceClaims"/>
    <atom:contributor>Nerrissa</atom:contributor>
    <atom:id>4f2b3c40-c269-11ea-a1ef-0242ac120006</atom:id>
    <dc:identifier>4f2b3c40-c269-11ea-a1ef-0242ac120006</dc:identifier>
    <atom:link href="http://dataexchange.asu.edu:80/download/178" title=" Week-Over-Week Percent Change in Initial Unemployment Insurance Claims (Feb-2020 to May-2020)" type="AZ"/>
    <atom:link href="http://dataexchange.asu.edu:80/gs/ows?layers=geonode%3AInitialUnemploymentInsuranceClaims&amp;service=WMS&amp;format=image%2Fjpeg&amp;request=GetMap&amp;height=550&amp;width=1100&amp;bbox=-180.000000000000000%2C-90.000000000000000%2C180.000000000000000%2C90.000000000000000&amp;srs=EPSG%3A4326" title=" Week-Over-Week Percent Change in Initial Unemployment Insurance Claims (Feb-2020 to May-2020)" type="AZ"/>
    <atom:link href="http://dataexchange.asu.edu:80/gs/ows?layers=geonode%3AInitialUnemploymentInsuranceClaims&amp;service=WMS&amp;format=application%2Fpdf&amp;request=GetMap&amp;height=550&amp;width=1100&amp;bbox=-180.000000000000000%2C-90.000000000000000%2C180.000000000000000%2C90.000000000000000&amp;srs=EPSG%3A4326" title=" Week-Over-Week Percent Change in Initial Unemployment Insurance Claims (Feb-2020 to May-2020)" type="AZ"/>
    <atom:link href="http://dataexchange.asu.edu:80/gs/ows?layers=geonode%3AInitialUnemploymentInsuranceClaims&amp;service=WMS&amp;format=image%2Fpng&amp;request=GetMap&amp;height=550&amp;width=1100&amp;bbox=-180.000000000000000%2C-90.000000000000000%2C180.000000000000000%2C90.000000000000000&amp;srs=EPSG%3A4326" title=" Week-Over-Week Percent Change in Initial Unemployment Insurance Claims (Feb-2020 to May-2020)" type="AZ"/>
    <atom:link href="http://dataexchange.asu.edu:80/gs/ows?outputFormat=SHAPE-ZIP&amp;service=WFS&amp;srs=EPSG%3A4326&amp;request=GetFeature&amp;format_options=charset%3AUTF-8&amp;typename=geonode%3AInitialUnemploymentInsuranceClaims&amp;version=1.0.0" title=" Week-Over-Week Percent Change in Initial Unemployment Insurance Claims (Feb-2020 to May-2020)" type="AZ"/>
    <atom:link href="http://dataexchange.asu.edu:80/gs/ows?outputFormat=gml2&amp;service=WFS&amp;srs=EPSG%3A4326&amp;request=GetFeature&amp;typename=geonode%3AInitialUnemploymentInsuranceClaims&amp;version=1.0.0" title=" Week-Over-Week Percent Change in Initial Unemployment Insurance Claims (Feb-2020 to May-2020)" type="AZ"/>
    <atom:link href="http://dataexchange.asu.edu:80/gs/ows?outputFormat=text%2Fxml%3B+subtype%3Dgml%2F3.1.1&amp;service=WFS&amp;srs=EPSG%3A4326&amp;request=GetFeature&amp;typename=geonode%3AInitialUnemploymentInsuranceClaims&amp;version=1.0.0" title=" Week-Over-Week Percent Change in Initial Unemployment Insurance Claims (Feb-2020 to May-2020)" type="AZ"/>
    <atom:link href="http://dataexchange.asu.edu:80/gs/ows?outputFormat=csv&amp;service=WFS&amp;srs=EPSG%3A4326&amp;request=GetFeature&amp;typename=geonode%3AInitialUnemploymentInsuranceClaims&amp;version=1.0.0" title=" Week-Over-Week Percent Change in Initial Unemployment Insurance Claims (Feb-2020 to May-2020)" type="AZ"/>
    <atom:link href="http://dataexchange.asu.edu:80/gs/ows?outputFormat=excel&amp;service=WFS&amp;srs=EPSG%3A4326&amp;request=GetFeature&amp;typename=geonode%3AInitialUnemploymentInsuranceClaims&amp;version=1.0.0" title=" Week-Over-Week Percent Change in Initial Unemployment Insurance Claims (Feb-2020 to May-2020)" type="AZ"/>
    <atom:link href="http://dataexchange.asu.edu:80/gs/ows?srsName=EPSG%3A4326&amp;outputFormat=json&amp;service=WFS&amp;srs=EPSG%3A4326&amp;request=GetFeature&amp;typename=geonode%3AInitialUnemploymentInsuranceClaims&amp;version=1.0.0" title=" Week-Over-Week Percent Change in Initial Unemployment Insurance Claims (Feb-2020 to May-2020)" type="AZ"/>
    <atom:link href="http://dataexchange.asu.edu:80/layers/geonode:InitialUnemploymentInsuranceClaims" title=" Week-Over-Week Percent Change in Initial Unemployment Insurance Claims (Feb-2020 to May-2020)" type="Web address (URL)"/>
    <atom:link href="http://dataexchange.asu.edu:80/gs/ows" title=" Week-Over-Week Percent Change in Initial Unemployment Insurance Claims (Feb-2020 to May-2020)" type="OGC WMS: geonode Service"/>
    <atom:link href="37.0210181795" title=" Week-Over-Week Percent Change in Initial Unemployment Insurance Claims (Feb-2020 to May-2020)" type="AZ"/>
    <atom:link href="http://dataexchange.asu.edu:80/uploaded/thumbs/layer-4f2b3c40-c269-11ea-a1ef-0242ac120006-thumb.png" title=" Week-Over-Week Percent Change in Initial Unemployment Insurance Claims (Feb-2020 to May-2020)" type="AZ"/>
    <atom:link href="http://dataexchange.asu.edu:80/gs/ows?outputFormat=SHAPE-ZIP&amp;service=WFS&amp;srs=EPSG%3A3742&amp;request=GetFeature&amp;format_options=charset%3AUTF-8&amp;typename=geonode%3AInitialUnemploymentInsuranceClaims&amp;version=1.0.0" title=" Week-Over-Week Percent Change in Initial Unemployment Insurance Claims (Feb-2020 to May-2020)" type="AZ"/>
    <atom:link href="http://dataexchange.asu.edu:80/gs/ows?outputFormat=gml2&amp;service=WFS&amp;srs=EPSG%3A3742&amp;request=GetFeature&amp;typename=geonode%3AInitialUnemploymentInsuranceClaims&amp;version=1.0.0" title=" Week-Over-Week Percent Change in Initial Unemployment Insurance Claims (Feb-2020 to May-2020)" type="AZ"/>
    <atom:link href="http://dataexchange.asu.edu:80/gs/ows?outputFormat=text%2Fxml%3B+subtype%3Dgml%2F3.1.1&amp;service=WFS&amp;srs=EPSG%3A3742&amp;request=GetFeature&amp;typename=geonode%3AInitialUnemploymentInsuranceClaims&amp;version=1.0.0" title=" Week-Over-Week Percent Change in Initial Unemployment Insurance Claims (Feb-2020 to May-2020)" type="AZ"/>
    <atom:link href="http://dataexchange.asu.edu:80/gs/ows?outputFormat=csv&amp;service=WFS&amp;srs=EPSG%3A3742&amp;request=GetFeature&amp;typename=geonode%3AInitialUnemploymentInsuranceClaims&amp;version=1.0.0" title=" Week-Over-Week Percent Change in Initial Unemployment Insurance Claims (Feb-2020 to May-2020)" type="AZ"/>
    <atom:link href="http://dataexchange.asu.edu:80/gs/ows?outputFormat=excel&amp;service=WFS&amp;srs=EPSG%3A3742&amp;request=GetFeature&amp;typename=geonode%3AInitialUnemploymentInsuranceClaims&amp;version=1.0.0" title=" Week-Over-Week Percent Change in Initial Unemployment Insurance Claims (Feb-2020 to May-2020)" type="AZ"/>
    <atom:link href="http://dataexchange.asu.edu:80/gs/ows?srsName=EPSG%3A3742&amp;outputFormat=json&amp;service=WFS&amp;srs=EPSG%3A3742&amp;request=GetFeature&amp;typename=geonode%3AInitialUnemploymentInsuranceClaims&amp;version=1.0.0" title=" Week-Over-Week Percent Change in Initial Unemployment Insurance Claims (Feb-2020 to May-2020)" type="AZ"/>
    <atom:link href="http://dataexchange.asu.edu:80/gs/ows?service=WMS&amp;request=GetLegendGraphic&amp;format=image/png&amp;WIDTH=20&amp;HEIGHT=20&amp;LAYER=geonode:InitialUnemploymentInsuranceClaims&amp;STYLE=InitialUnemploymentInsuranceClaims&amp;legend_options=fontAntiAliasing:true;fontSize:12;forceLabels:on" title=" Week-Over-Week Percent Change in Initial Unemployment Insurance Claims (Feb-2020 to May-2020)" type="AZ"/>
    <atom:link href="http://dataexchange.asu.edu:80/catalogue/csw?service=CSW&amp;version=2.0.2&amp;request=GetRepositoryItem&amp;id=4f2b3c40-c269-11ea-a1ef-0242ac120006"/>
    <atom:title>AZ, Week-Over-Week Percent Change in Initial Unemployment Insurance Claims (Feb-2020 to May-2020)</atom:title>
    <atom:updated>2020-07-10T04:53:00Z</atom:updated>
    <atom:published>2020-07-10T04:53:00Z</atom:published>
    <atom:summary>No abstract provided</atom:summary>
    <georss:where>
      <gml:Envelope srsName="http://www.opengis.net/def/crs/EPSG/0/4326">
        <gml:lowerCorner>31.2771390426 -115.027296413</gml:lowerCorner>
        <gml:upperCorner>37.0210181795 -108.914334846</gml:upperCorner>
      </gml:Envelope>
    </georss:where>
  </atom:entry>
</csw:GetRecordByIdResponse>
