<?xml version="1.0" encoding="UTF-8" standalone="no"?>
<!-- pycsw 2.4.0 -->
<csw:GetRecordByIdResponse xmlns:csw="http://www.opengis.net/cat/csw/2.0.2" xmlns:dc="http://purl.org/dc/elements/1.1/" xmlns:dct="http://purl.org/dc/terms/" xmlns:dif="http://gcmd.gsfc.nasa.gov/Aboutus/xml/dif/" xmlns:gmd="http://www.isotc211.org/2005/gmd" xmlns:gml="http://www.opengis.net/gml" xmlns:ows="http://www.opengis.net/ows" xmlns:xs="http://www.w3.org/2001/XMLSchema" xmlns:xsi="http://www.w3.org/2001/XMLSchema-instance" xsi:schemaLocation="http://www.opengis.net/cat/csw/2.0.2 http://schemas.opengis.net/csw/2.0.2/CSW-discovery.xsd">
  <dif:DIF xsi:schemaLocation="http://gcmd.gsfc.nasa.gov/Aboutus/xml/dif/ http://gcmd.gsfc.nasa.gov/Aboutus/xml/dif/dif.xsd">
    <dif:Entry_ID>4f2b3c40-c269-11ea-a1ef-0242ac120006</dif:Entry_ID>
    <dif:Entry_Title>AZ, Week-Over-Week Percent Change in Initial Unemployment Insurance Claims (Feb-2020 to May-2020)</dif:Entry_Title>
    <dif:Data_Set_Citation>
      <dif:Dataset_Creator>Nerrissa</dif:Dataset_Creator>
      <dif:Dataset_Release_Date>2020-07-10T04:53:00Z</dif:Dataset_Release_Date>
      <dif:Dataset_Publisher>Nerrissa</dif:Dataset_Publisher>
      <dif:Data_Presentation_Form>vector</dif:Data_Presentation_Form>
    </dif:Data_Set_Citation>
    <dif:ISO_Topic_Category>population</dif:ISO_Topic_Category>
    <dif:Keyword>features</dif:Keyword>
    <dif:Keyword>InitialUnemploymentInsuranceClaims</dif:Keyword>
    <dif:Temporal_Coverage>
      <dif:Start_Date/>
      <dif:End_Date/>
    </dif:Temporal_Coverage>
    <dif:Spatial_Coverage>
      <dif:Southernmost_Latitude>31.2771390426</dif:Southernmost_Latitude>
      <dif:Northernmost_Latitude>37.0210181795</dif:Northernmost_Latitude>
      <dif:Westernmost_Longitude>-115.027296413</dif:Westernmost_Longitude>
      <dif:Easternmost_Longitude>-108.914334846</dif:Easternmost_Longitude>
    </dif:Spatial_Coverage>
    <dif:Access_Constraints/>
    <dif:Data_Set_Language>eng</dif:Data_Set_Language>
    <dif:Originating_Center/>
    <dif:Summary>No abstract provided</dif:Summary>
    <dif:DIF_Creation_Date>2020-07-10T04:53:00Z</dif:DIF_Creation_Date>
    <dif:Related_URL>
      <dif:URL/>
    </dif:Related_URL>
    <dif:Related_URL>
      <dif:URL_Content_Type>
        <dif:Type>AZ</dif:Type>
      </dif:URL_Content_Type>
      <dif:URL>http://dataexchange.asu.edu:80/download/178</dif:URL>
      <dif:Description> Week-Over-Week Percent Change in Initial Unemployment Insurance Claims (Feb-2020 to May-2020)</dif:Description>
    </dif:Related_URL>
    <dif:Related_URL>
      <dif:URL_Content_Type>
        <dif:Type>AZ</dif:Type>
      </dif:URL_Content_Type>
      <dif:URL>http://dataexchange.asu.edu:80/gs/ows?layers=geonode%3AInitialUnemploymentInsuranceClaims&amp;service=WMS&amp;format=image%2Fjpeg&amp;request=GetMap&amp;height=550&amp;width=1100&amp;bbox=-180.000000000000000%2C-90.000000000000000%2C180.000000000000000%2C90.000000000000000&amp;srs=EPSG%3A4326</dif:URL>
      <dif:Description> Week-Over-Week Percent Change in Initial Unemployment Insurance Claims (Feb-2020 to May-2020)</dif:Description>
    </dif:Related_URL>
    <dif:Related_URL>
      <dif:URL_Content_Type>
        <dif:Type>AZ</dif:Type>
      </dif:URL_Content_Type>
      <dif:URL>http://dataexchange.asu.edu:80/gs/ows?layers=geonode%3AInitialUnemploymentInsuranceClaims&amp;service=WMS&amp;format=application%2Fpdf&amp;request=GetMap&amp;height=550&amp;width=1100&amp;bbox=-180.000000000000000%2C-90.000000000000000%2C180.000000000000000%2C90.000000000000000&amp;srs=EPSG%3A4326</dif:URL>
      <dif:Description> Week-Over-Week Percent Change in Initial Unemployment Insurance Claims (Feb-2020 to May-2020)</dif:Description>
    </dif:Related_URL>
    <dif:Related_URL>
      <dif:URL_Content_Type>
        <dif:Type>AZ</dif:Type>
      </dif:URL_Content_Type>
      <dif:URL>http://dataexchange.asu.edu:80/gs/ows?layers=geonode%3AInitialUnemploymentInsuranceClaims&amp;service=WMS&amp;format=image%2Fpng&amp;request=GetMap&amp;height=550&amp;width=1100&amp;bbox=-180.000000000000000%2C-90.000000000000000%2C180.000000000000000%2C90.000000000000000&amp;srs=EPSG%3A4326</dif:URL>
      <dif:Description> Week-Over-Week Percent Change in Initial Unemployment Insurance Claims (Feb-2020 to May-2020)</dif:Description>
    </dif:Related_URL>
    <dif:Related_URL>
      <dif:URL_Content_Type>
        <dif:Type>AZ</dif:Type>
      </dif:URL_Content_Type>
      <dif:URL>http://dataexchange.asu.edu:80/gs/ows?outputFormat=SHAPE-ZIP&amp;service=WFS&amp;srs=EPSG%3A4326&amp;request=GetFeature&amp;format_options=charset%3AUTF-8&amp;typename=geonode%3AInitialUnemploymentInsuranceClaims&amp;version=1.0.0</dif:URL>
      <dif:Description> Week-Over-Week Percent Change in Initial Unemployment Insurance Claims (Feb-2020 to May-2020)</dif:Description>
    </dif:Related_URL>
    <dif:Related_URL>
      <dif:URL_Content_Type>
        <dif:Type>AZ</dif:Type>
      </dif:URL_Content_Type>
      <dif:URL>http://dataexchange.asu.edu:80/gs/ows?outputFormat=gml2&amp;service=WFS&amp;srs=EPSG%3A4326&amp;request=GetFeature&amp;typename=geonode%3AInitialUnemploymentInsuranceClaims&amp;version=1.0.0</dif:URL>
      <dif:Description> Week-Over-Week Percent Change in Initial Unemployment Insurance Claims (Feb-2020 to May-2020)</dif:Description>
    </dif:Related_URL>
    <dif:Related_URL>
      <dif:URL_Content_Type>
        <dif:Type>AZ</dif:Type>
      </dif:URL_Content_Type>
      <dif:URL>http://dataexchange.asu.edu:80/gs/ows?outputFormat=text%2Fxml%3B+subtype%3Dgml%2F3.1.1&amp;service=WFS&amp;srs=EPSG%3A4326&amp;request=GetFeature&amp;typename=geonode%3AInitialUnemploymentInsuranceClaims&amp;version=1.0.0</dif:URL>
      <dif:Description> Week-Over-Week Percent Change in Initial Unemployment Insurance Claims (Feb-2020 to May-2020)</dif:Description>
    </dif:Related_URL>
    <dif:Related_URL>
      <dif:URL_Content_Type>
        <dif:Type>AZ</dif:Type>
      </dif:URL_Content_Type>
      <dif:URL>http://dataexchange.asu.edu:80/gs/ows?outputFormat=csv&amp;service=WFS&amp;srs=EPSG%3A4326&amp;request=GetFeature&amp;typename=geonode%3AInitialUnemploymentInsuranceClaims&amp;version=1.0.0</dif:URL>
      <dif:Description> Week-Over-Week Percent Change in Initial Unemployment Insurance Claims (Feb-2020 to May-2020)</dif:Description>
    </dif:Related_URL>
    <dif:Related_URL>
      <dif:URL_Content_Type>
        <dif:Type>AZ</dif:Type>
      </dif:URL_Content_Type>
      <dif:URL>http://dataexchange.asu.edu:80/gs/ows?outputFormat=excel&amp;service=WFS&amp;srs=EPSG%3A4326&amp;request=GetFeature&amp;typename=geonode%3AInitialUnemploymentInsuranceClaims&amp;version=1.0.0</dif:URL>
      <dif:Description> Week-Over-Week Percent Change in Initial Unemployment Insurance Claims (Feb-2020 to May-2020)</dif:Description>
    </dif:Related_URL>
    <dif:Related_URL>
      <dif:URL_Content_Type>
        <dif:Type>AZ</dif:Type>
      </dif:URL_Content_Type>
      <dif:URL>http://dataexchange.asu.edu:80/gs/ows?srsName=EPSG%3A4326&amp;outputFormat=json&amp;service=WFS&amp;srs=EPSG%3A4326&amp;request=GetFeature&amp;typename=geonode%3AInitialUnemploymentInsuranceClaims&amp;version=1.0.0</dif:URL>
      <dif:Description> Week-Over-Week Percent Change in Initial Unemployment Insurance Claims (Feb-2020 to May-2020)</dif:Description>
    </dif:Related_URL>
    <dif:Related_URL>
      <dif:URL_Content_Type>
        <dif:Type>Web address (URL)</dif:Type>
      </dif:URL_Content_Type>
      <dif:URL>http://dataexchange.asu.edu:80/layers/geonode:InitialUnemploymentInsuranceClaims</dif:URL>
      <dif:Description> Week-Over-Week Percent Change in Initial Unemployment Insurance Claims (Feb-2020 to May-2020)</dif:Description>
    </dif:Related_URL>
    <dif:Related_URL>
      <dif:URL_Content_Type>
        <dif:Type>OGC WMS: geonode Service</dif:Type>
      </dif:URL_Content_Type>
      <dif:URL>http://dataexchange.asu.edu:80/gs/ows</dif:URL>
      <dif:Description> Week-Over-Week Percent Change in Initial Unemployment Insurance Claims (Feb-2020 to May-2020)</dif:Description>
    </dif:Related_URL>
    <dif:Related_URL>
      <dif:URL_Content_Type>
        <dif:Type>AZ</dif:Type>
      </dif:URL_Content_Type>
      <dif:URL>37.0210181795</dif:URL>
      <dif:Description> Week-Over-Week Percent Change in Initial Unemployment Insurance Claims (Feb-2020 to May-2020)</dif:Description>
    </dif:Related_URL>
    <dif:Related_URL>
      <dif:URL_Content_Type>
        <dif:Type>AZ</dif:Type>
      </dif:URL_Content_Type>
      <dif:URL>http://dataexchange.asu.edu:80/uploaded/thumbs/layer-4f2b3c40-c269-11ea-a1ef-0242ac120006-thumb.png</dif:URL>
      <dif:Description> Week-Over-Week Percent Change in Initial Unemployment Insurance Claims (Feb-2020 to May-2020)</dif:Description>
    </dif:Related_URL>
    <dif:Related_URL>
      <dif:URL_Content_Type>
        <dif:Type>AZ</dif:Type>
      </dif:URL_Content_Type>
      <dif:URL>http://dataexchange.asu.edu:80/gs/ows?outputFormat=SHAPE-ZIP&amp;service=WFS&amp;srs=EPSG%3A3742&amp;request=GetFeature&amp;format_options=charset%3AUTF-8&amp;typename=geonode%3AInitialUnemploymentInsuranceClaims&amp;version=1.0.0</dif:URL>
      <dif:Description> Week-Over-Week Percent Change in Initial Unemployment Insurance Claims (Feb-2020 to May-2020)</dif:Description>
    </dif:Related_URL>
    <dif:Related_URL>
      <dif:URL_Content_Type>
        <dif:Type>AZ</dif:Type>
      </dif:URL_Content_Type>
      <dif:URL>http://dataexchange.asu.edu:80/gs/ows?outputFormat=gml2&amp;service=WFS&amp;srs=EPSG%3A3742&amp;request=GetFeature&amp;typename=geonode%3AInitialUnemploymentInsuranceClaims&amp;version=1.0.0</dif:URL>
      <dif:Description> Week-Over-Week Percent Change in Initial Unemployment Insurance Claims (Feb-2020 to May-2020)</dif:Description>
    </dif:Related_URL>
    <dif:Related_URL>
      <dif:URL_Content_Type>
        <dif:Type>AZ</dif:Type>
      </dif:URL_Content_Type>
      <dif:URL>http://dataexchange.asu.edu:80/gs/ows?outputFormat=text%2Fxml%3B+subtype%3Dgml%2F3.1.1&amp;service=WFS&amp;srs=EPSG%3A3742&amp;request=GetFeature&amp;typename=geonode%3AInitialUnemploymentInsuranceClaims&amp;version=1.0.0</dif:URL>
      <dif:Description> Week-Over-Week Percent Change in Initial Unemployment Insurance Claims (Feb-2020 to May-2020)</dif:Description>
    </dif:Related_URL>
    <dif:Related_URL>
      <dif:URL_Content_Type>
        <dif:Type>AZ</dif:Type>
      </dif:URL_Content_Type>
      <dif:URL>http://dataexchange.asu.edu:80/gs/ows?outputFormat=csv&amp;service=WFS&amp;srs=EPSG%3A3742&amp;request=GetFeature&amp;typename=geonode%3AInitialUnemploymentInsuranceClaims&amp;version=1.0.0</dif:URL>
      <dif:Description> Week-Over-Week Percent Change in Initial Unemployment Insurance Claims (Feb-2020 to May-2020)</dif:Description>
    </dif:Related_URL>
    <dif:Related_URL>
      <dif:URL_Content_Type>
        <dif:Type>AZ</dif:Type>
      </dif:URL_Content_Type>
      <dif:URL>http://dataexchange.asu.edu:80/gs/ows?outputFormat=excel&amp;service=WFS&amp;srs=EPSG%3A3742&amp;request=GetFeature&amp;typename=geonode%3AInitialUnemploymentInsuranceClaims&amp;version=1.0.0</dif:URL>
      <dif:Description> Week-Over-Week Percent Change in Initial Unemployment Insurance Claims (Feb-2020 to May-2020)</dif:Description>
    </dif:Related_URL>
    <dif:Related_URL>
      <dif:URL_Content_Type>
        <dif:Type>AZ</dif:Type>
      </dif:URL_Content_Type>
      <dif:URL>http://dataexchange.asu.edu:80/gs/ows?srsName=EPSG%3A3742&amp;outputFormat=json&amp;service=WFS&amp;srs=EPSG%3A3742&amp;request=GetFeature&amp;typename=geonode%3AInitialUnemploymentInsuranceClaims&amp;version=1.0.0</dif:URL>
      <dif:Description> Week-Over-Week Percent Change in Initial Unemployment Insurance Claims (Feb-2020 to May-2020)</dif:Description>
    </dif:Related_URL>
    <dif:Related_URL>
      <dif:URL_Content_Type>
        <dif:Type>AZ</dif:Type>
      </dif:URL_Content_Type>
      <dif:URL>http://dataexchange.asu.edu:80/gs/ows?service=WMS&amp;request=GetLegendGraphic&amp;format=image/png&amp;WIDTH=20&amp;HEIGHT=20&amp;LAYER=geonode:InitialUnemploymentInsuranceClaims&amp;STYLE=InitialUnemploymentInsuranceClaims&amp;legend_options=fontAntiAliasing:true;fontSize:12;forceLabels:on</dif:URL>
      <dif:Description> Week-Over-Week Percent Change in Initial Unemployment Insurance Claims (Feb-2020 to May-2020)</dif:Description>
    </dif:Related_URL>
    <dif:Metadata_Name>CEOS IDN DIF</dif:Metadata_Name>
    <dif:Metadata_Version>9.7</dif:Metadata_Version>
  </dif:DIF>
</csw:GetRecordByIdResponse>
