<?xml version="1.0" encoding="UTF-8" standalone="no"?>
<!-- pycsw 2.4.0 -->
<csw:GetRecordByIdResponse xmlns:csw="http://www.opengis.net/cat/csw/2.0.2" xmlns:dc="http://purl.org/dc/elements/1.1/" xmlns:dct="http://purl.org/dc/terms/" xmlns:gmd="http://www.isotc211.org/2005/gmd" xmlns:gml="http://www.opengis.net/gml" xmlns:ows="http://www.opengis.net/ows" xmlns:xs="http://www.w3.org/2001/XMLSchema" xmlns:xsi="http://www.w3.org/2001/XMLSchema-instance" xsi:schemaLocation="http://www.opengis.net/cat/csw/2.0.2 http://schemas.opengis.net/csw/2.0.2/CSW-discovery.xsd">
  <csw:Record>
    <dc:identifier>4f2b3c40-c269-11ea-a1ef-0242ac120006</dc:identifier>
    <dc:title>AZ, Week-Over-Week Percent Change in Initial Unemployment Insurance Claims (Feb-2020 to May-2020)</dc:title>
    <dc:type>dataset</dc:type>
    <dc:subject>features</dc:subject>
    <dc:subject>InitialUnemploymentInsuranceClaims</dc:subject>
    <dc:subject scheme="http://www.isotc211.org/2005/resources/Codelist/gmxCodelists.xml#MD_TopicCategoryCode">population</dc:subject>
    <dc:format>vector</dc:format>
    <dct:references scheme="AZ">http://dataexchange.asu.edu:80/download/178</dct:references>
    <dct:references scheme="AZ">http://dataexchange.asu.edu:80/gs/ows?layers=geonode%3AInitialUnemploymentInsuranceClaims&amp;service=WMS&amp;format=image%2Fjpeg&amp;request=GetMap&amp;height=550&amp;width=1100&amp;bbox=-180.000000000000000%2C-90.000000000000000%2C180.000000000000000%2C90.000000000000000&amp;srs=EPSG%3A4326</dct:references>
    <dct:references scheme="AZ">http://dataexchange.asu.edu:80/gs/ows?layers=geonode%3AInitialUnemploymentInsuranceClaims&amp;service=WMS&amp;format=application%2Fpdf&amp;request=GetMap&amp;height=550&amp;width=1100&amp;bbox=-180.000000000000000%2C-90.000000000000000%2C180.000000000000000%2C90.000000000000000&amp;srs=EPSG%3A4326</dct:references>
    <dct:references scheme="AZ">http://dataexchange.asu.edu:80/gs/ows?layers=geonode%3AInitialUnemploymentInsuranceClaims&amp;service=WMS&amp;format=image%2Fpng&amp;request=GetMap&amp;height=550&amp;width=1100&amp;bbox=-180.000000000000000%2C-90.000000000000000%2C180.000000000000000%2C90.000000000000000&amp;srs=EPSG%3A4326</dct:references>
    <dct:references scheme="AZ">http://dataexchange.asu.edu:80/gs/ows?outputFormat=SHAPE-ZIP&amp;service=WFS&amp;srs=EPSG%3A4326&amp;request=GetFeature&amp;format_options=charset%3AUTF-8&amp;typename=geonode%3AInitialUnemploymentInsuranceClaims&amp;version=1.0.0</dct:references>
    <dct:references scheme="AZ">http://dataexchange.asu.edu:80/gs/ows?outputFormat=gml2&amp;service=WFS&amp;srs=EPSG%3A4326&amp;request=GetFeature&amp;typename=geonode%3AInitialUnemploymentInsuranceClaims&amp;version=1.0.0</dct:references>
    <dct:references scheme="AZ">http://dataexchange.asu.edu:80/gs/ows?outputFormat=text%2Fxml%3B+subtype%3Dgml%2F3.1.1&amp;service=WFS&amp;srs=EPSG%3A4326&amp;request=GetFeature&amp;typename=geonode%3AInitialUnemploymentInsuranceClaims&amp;version=1.0.0</dct:references>
    <dct:references scheme="AZ">http://dataexchange.asu.edu:80/gs/ows?outputFormat=csv&amp;service=WFS&amp;srs=EPSG%3A4326&amp;request=GetFeature&amp;typename=geonode%3AInitialUnemploymentInsuranceClaims&amp;version=1.0.0</dct:references>
    <dct:references scheme="AZ">http://dataexchange.asu.edu:80/gs/ows?outputFormat=excel&amp;service=WFS&amp;srs=EPSG%3A4326&amp;request=GetFeature&amp;typename=geonode%3AInitialUnemploymentInsuranceClaims&amp;version=1.0.0</dct:references>
    <dct:references scheme="AZ">http://dataexchange.asu.edu:80/gs/ows?srsName=EPSG%3A4326&amp;outputFormat=json&amp;service=WFS&amp;srs=EPSG%3A4326&amp;request=GetFeature&amp;typename=geonode%3AInitialUnemploymentInsuranceClaims&amp;version=1.0.0</dct:references>
    <dct:references scheme="Web address (URL)">http://dataexchange.asu.edu:80/layers/geonode:InitialUnemploymentInsuranceClaims</dct:references>
    <dct:references scheme="OGC WMS: geonode Service">http://dataexchange.asu.edu:80/gs/ows</dct:references>
    <dct:references scheme="AZ">37.0210181795</dct:references>
    <dct:references scheme="AZ">http://dataexchange.asu.edu:80/uploaded/thumbs/layer-4f2b3c40-c269-11ea-a1ef-0242ac120006-thumb.png</dct:references>
    <dct:references scheme="AZ">http://dataexchange.asu.edu:80/gs/ows?outputFormat=SHAPE-ZIP&amp;service=WFS&amp;srs=EPSG%3A3742&amp;request=GetFeature&amp;format_options=charset%3AUTF-8&amp;typename=geonode%3AInitialUnemploymentInsuranceClaims&amp;version=1.0.0</dct:references>
    <dct:references scheme="AZ">http://dataexchange.asu.edu:80/gs/ows?outputFormat=gml2&amp;service=WFS&amp;srs=EPSG%3A3742&amp;request=GetFeature&amp;typename=geonode%3AInitialUnemploymentInsuranceClaims&amp;version=1.0.0</dct:references>
    <dct:references scheme="AZ">http://dataexchange.asu.edu:80/gs/ows?outputFormat=text%2Fxml%3B+subtype%3Dgml%2F3.1.1&amp;service=WFS&amp;srs=EPSG%3A3742&amp;request=GetFeature&amp;typename=geonode%3AInitialUnemploymentInsuranceClaims&amp;version=1.0.0</dct:references>
    <dct:references scheme="AZ">http://dataexchange.asu.edu:80/gs/ows?outputFormat=csv&amp;service=WFS&amp;srs=EPSG%3A3742&amp;request=GetFeature&amp;typename=geonode%3AInitialUnemploymentInsuranceClaims&amp;version=1.0.0</dct:references>
    <dct:references scheme="AZ">http://dataexchange.asu.edu:80/gs/ows?outputFormat=excel&amp;service=WFS&amp;srs=EPSG%3A3742&amp;request=GetFeature&amp;typename=geonode%3AInitialUnemploymentInsuranceClaims&amp;version=1.0.0</dct:references>
    <dct:references scheme="AZ">http://dataexchange.asu.edu:80/gs/ows?srsName=EPSG%3A3742&amp;outputFormat=json&amp;service=WFS&amp;srs=EPSG%3A3742&amp;request=GetFeature&amp;typename=geonode%3AInitialUnemploymentInsuranceClaims&amp;version=1.0.0</dct:references>
    <dct:references scheme="AZ">http://dataexchange.asu.edu:80/gs/ows?service=WMS&amp;request=GetLegendGraphic&amp;format=image/png&amp;WIDTH=20&amp;HEIGHT=20&amp;LAYER=geonode:InitialUnemploymentInsuranceClaims&amp;STYLE=InitialUnemploymentInsuranceClaims&amp;legend_options=fontAntiAliasing:true;fontSize:12;forceLabels:on</dct:references>
    <dct:modified>2020-07-10T04:53:00Z</dct:modified>
    <dct:abstract>No abstract provided</dct:abstract>
    <dc:date>2020-07-10T04:53:00Z</dc:date>
    <dc:creator>Nerrissa</dc:creator>
    <dc:publisher>Nerrissa</dc:publisher>
    <dc:contributor>Nerrissa</dc:contributor>
    <dc:language>eng</dc:language>
    <dct:alternative>geonode:InitialUnemploymentInsuranceClaims</dct:alternative>
    <dct:spatial scheme="http://www.opengis.net/def/crs">EPSG:3742</dct:spatial>
    <ows:BoundingBox crs="urn:x-ogc:def:crs:EPSG:6.11:4326" dimensions="2">
      <ows:LowerCorner>31.2771390426 -115.027296413</ows:LowerCorner>
      <ows:UpperCorner>37.0210181795 -108.914334846</ows:UpperCorner>
    </ows:BoundingBox>
  </csw:Record>
</csw:GetRecordByIdResponse>
