<?xml version="1.0" encoding="UTF-8" standalone="no"?>
<!-- pycsw 2.4.0 -->
<csw:GetRecordByIdResponse xmlns:atom="http://www.w3.org/2005/Atom" xmlns:csw="http://www.opengis.net/cat/csw/2.0.2" xmlns:dc="http://purl.org/dc/elements/1.1/" xmlns:dct="http://purl.org/dc/terms/" xmlns:gmd="http://www.isotc211.org/2005/gmd" xmlns:gml="http://www.opengis.net/gml" xmlns:ows="http://www.opengis.net/ows" xmlns:xs="http://www.w3.org/2001/XMLSchema" xmlns:xsi="http://www.w3.org/2001/XMLSchema-instance" xsi:schemaLocation="http://www.opengis.net/cat/csw/2.0.2 http://schemas.opengis.net/csw/2.0.2/CSW-discovery.xsd">
  <atom:entry xmlns:georss="http://www.georss.org/georss" xsi:schemaLocation="http://www.w3.org/2005/Atom http://www.kbcafe.com/rss/atom.xsd.xml">
    <atom:author>
      <atom:name>pmshea</atom:name>
    </atom:author>
    <atom:category term="AZ_HwyCrash_Fatalities_2005"/>
    <atom:category term="features"/>
    <atom:contributor>pmshea</atom:contributor>
    <atom:id>edf08fea-b560-11e9-bda9-0242ac120004</atom:id>
    <dc:identifier>edf08fea-b560-11e9-bda9-0242ac120004</dc:identifier>
    <atom:link href="http://dataexchange.asu.edu:80/gs/ows?layers=geonode%3AAZ_HwyCrash_Fatalities_2005&amp;service=WMS&amp;format=image%2Fjpeg&amp;request=GetMap&amp;height=550&amp;width=1706&amp;bbox=-114.769791700000000%2C0E-15%2C0E-15%2C36.980819440000000&amp;srs=EPSG%3A4326" title="AZ Highway Crash Fatalities (2005) (JPEG Format)" type="WWW:DOWNLOAD-1.0-http--download"/>
    <atom:link href="http://dataexchange.asu.edu:80/gs/ows?layers=geonode%3AAZ_HwyCrash_Fatalities_2005&amp;service=WMS&amp;format=application%2Fpdf&amp;request=GetMap&amp;height=550&amp;width=1706&amp;bbox=-114.769791700000000%2C0E-15%2C0E-15%2C36.980819440000000&amp;srs=EPSG%3A4326" title="AZ Highway Crash Fatalities (2005) (PDF Format)" type="WWW:DOWNLOAD-1.0-http--download"/>
    <atom:link href="http://dataexchange.asu.edu:80/gs/ows?layers=geonode%3AAZ_HwyCrash_Fatalities_2005&amp;service=WMS&amp;format=image%2Fpng&amp;request=GetMap&amp;height=550&amp;width=1706&amp;bbox=-114.769791700000000%2C0E-15%2C0E-15%2C36.980819440000000&amp;srs=EPSG%3A4326" title="AZ Highway Crash Fatalities (2005) (PNG Format)" type="WWW:DOWNLOAD-1.0-http--download"/>
    <atom:link href="http://dataexchange.asu.edu:80/gs/ows?service=WMS&amp;request=GetLegendGraphic&amp;format=image/png&amp;WIDTH=20&amp;HEIGHT=20&amp;LAYER=geonode:AZ_HwyCrash_Fatalities_2005&amp;STYLE=AZ_HwyCrash_Fatalities_2005&amp;legend_options=fontAntiAliasing:true;fontSize:12;forceLabels:on" title="AZ Highway Crash Fatalities (2005) (Legend Format)" type="WWW:DOWNLOAD-1.0-http--download"/>
    <atom:link href="http://dataexchange.asu.edu:80/gs/ows?layers=geonode%3AAZ_HwyCrash_Fatalities_2005&amp;service=WMS&amp;format=image%2Fjpeg&amp;request=GetMap&amp;height=550&amp;width=1706&amp;bbox=-114.769791700000000%2C0E-15%2C0E-15%2C36.980819440000000&amp;srs=EPSG%3A4326" title="AZ Highway Crash Fatalities (2005) (JPEG Format)" type="WWW:DOWNLOAD-1.0-http--download"/>
    <atom:link href="http://dataexchange.asu.edu:80/gs/ows?layers=geonode%3AAZ_HwyCrash_Fatalities_2005&amp;service=WMS&amp;format=application%2Fpdf&amp;request=GetMap&amp;height=550&amp;width=1706&amp;bbox=-114.769791700000000%2C0E-15%2C0E-15%2C36.980819440000000&amp;srs=EPSG%3A4326" title="AZ Highway Crash Fatalities (2005) (PDF Format)" type="WWW:DOWNLOAD-1.0-http--download"/>
    <atom:link href="http://dataexchange.asu.edu:80/gs/ows?layers=geonode%3AAZ_HwyCrash_Fatalities_2005&amp;service=WMS&amp;format=image%2Fpng&amp;request=GetMap&amp;height=550&amp;width=1706&amp;bbox=-114.769791700000000%2C0E-15%2C0E-15%2C36.980819440000000&amp;srs=EPSG%3A4326" title="AZ Highway Crash Fatalities (2005) (PNG Format)" type="WWW:DOWNLOAD-1.0-http--download"/>
    <atom:link href="http://dataexchange.asu.edu:80/gs/ows?service=WMS&amp;request=GetLegendGraphic&amp;format=image/png&amp;WIDTH=20&amp;HEIGHT=20&amp;LAYER=geonode:AZ_HwyCrash_Fatalities_2005&amp;STYLE=AZ_HwyCrash_Fatalities_2005&amp;legend_options=fontAntiAliasing:true;fontSize:12;forceLabels:on" title="AZ Highway Crash Fatalities (2005) (Legend Format)" type="WWW:DOWNLOAD-1.0-http--download"/>
    <atom:link href="http://dataexchange.asu.edu:80/download/63" title="AZ Highway Crash Fatalities (2005) (Original Dataset Format)" type="WWW:DOWNLOAD-1.0-http--download"/>
    <atom:link href="http://dataexchange.asu.edu:80/gs/ows?outputFormat=SHAPE-ZIP&amp;service=WFS&amp;srs=EPSG%3A4326&amp;request=GetFeature&amp;format_options=charset%3AUTF-8&amp;typename=geonode%3AAZ_HwyCrash_Fatalities_2005&amp;version=1.0.0" title="AZ Highway Crash Fatalities (2005) (Zipped Shapefile Format)" type="WWW:DOWNLOAD-1.0-http--download"/>
    <atom:link href="http://dataexchange.asu.edu:80/gs/ows?outputFormat=gml2&amp;service=WFS&amp;srs=EPSG%3A4326&amp;request=GetFeature&amp;typename=geonode%3AAZ_HwyCrash_Fatalities_2005&amp;version=1.0.0" title="AZ Highway Crash Fatalities (2005) (GML 2.0 Format)" type="WWW:DOWNLOAD-1.0-http--download"/>
    <atom:link href="http://dataexchange.asu.edu:80/gs/ows?outputFormat=text%2Fxml%3B+subtype%3Dgml%2F3.1.1&amp;service=WFS&amp;srs=EPSG%3A4326&amp;request=GetFeature&amp;typename=geonode%3AAZ_HwyCrash_Fatalities_2005&amp;version=1.0.0" title="AZ Highway Crash Fatalities (2005) (GML 3.1.1 Format)" type="WWW:DOWNLOAD-1.0-http--download"/>
    <atom:link href="http://dataexchange.asu.edu:80/gs/ows?outputFormat=csv&amp;service=WFS&amp;srs=EPSG%3A4326&amp;request=GetFeature&amp;typename=geonode%3AAZ_HwyCrash_Fatalities_2005&amp;version=1.0.0" title="AZ Highway Crash Fatalities (2005) (CSV Format)" type="WWW:DOWNLOAD-1.0-http--download"/>
    <atom:link href="http://dataexchange.asu.edu:80/gs/ows?outputFormat=excel&amp;service=WFS&amp;srs=EPSG%3A4326&amp;request=GetFeature&amp;typename=geonode%3AAZ_HwyCrash_Fatalities_2005&amp;version=1.0.0" title="AZ Highway Crash Fatalities (2005) (Excel Format)" type="WWW:DOWNLOAD-1.0-http--download"/>
    <atom:link href="http://dataexchange.asu.edu:80/gs/ows?srsName=EPSG%3A4326&amp;outputFormat=json&amp;service=WFS&amp;srs=EPSG%3A4326&amp;request=GetFeature&amp;typename=geonode%3AAZ_HwyCrash_Fatalities_2005&amp;version=1.0.0" title="AZ Highway Crash Fatalities (2005) (GeoJSON Format)" type="WWW:DOWNLOAD-1.0-http--download"/>
    <atom:link href="http://dataexchange.asu.edu:80/layers/geonode:AZ_HwyCrash_Fatalities_2005" title="Web address (URL)" type="WWW:LINK-1.0-http--link"/>
    <atom:link href="http://dataexchange.asu.edu:80/gs/ows" title="OGC WMS: geonode Service" type="OGC:WMS"/>
    <atom:link href="http://52.53.42.21:80/download/63" title="AZ Highway Crash Fatalities (2005) (Original Dataset Format)" type="WWW:DOWNLOAD-1.0-http--download"/>
    <atom:link href="http://52.53.42.21:80/download/63" title="AZ Highway Crash Fatalities (2005) (Original Dataset Format)" type="WWW:DOWNLOAD-1.0-http--download"/>
    <atom:link href="http://dataexchange.asu.edu:80/catalogue/csw?service=CSW&amp;version=2.0.2&amp;request=GetRepositoryItem&amp;id=edf08fea-b560-11e9-bda9-0242ac120004"/>
    <atom:title>AZ Highway Crash Fatalities (2005)</atom:title>
    <atom:updated>2019-08-02T20:05:00Z</atom:updated>
    <atom:published>2019-08-02T20:05:00Z</atom:published>
    <atom:summary>Point layer representing geolocations for all recorded crash fatalities involving at least one vehicle in 2005. Many attributes are associated with each incident location. For a full guide to attribute codes, consult this document: https://www.nber.org/fars/ftp.nhtsa.dot.gov/fars/FARS-DOC/Analytical%20User%20Guide/USERGUIDE-2015.pdf</atom:summary>
    <georss:where>
      <gml:Envelope srsName="http://www.opengis.net/def/crs/EPSG/0/4326">
        <gml:lowerCorner>0.0 -114.7697917</gml:lowerCorner>
        <gml:upperCorner>36.98081944 0.0</gml:upperCorner>
      </gml:Envelope>
    </georss:where>
  </atom:entry>
</csw:GetRecordByIdResponse>
