<?xml version="1.0" encoding="UTF-8" standalone="no"?>
<!-- pycsw 2.4.0 -->
<csw:GetRecordByIdResponse xmlns:csw="http://www.opengis.net/cat/csw/2.0.2" xmlns:dc="http://purl.org/dc/elements/1.1/" xmlns:dct="http://purl.org/dc/terms/" xmlns:gmd="http://www.isotc211.org/2005/gmd" xmlns:gml="http://www.opengis.net/gml" xmlns:ows="http://www.opengis.net/ows" xmlns:rim="urn:oasis:names:tc:ebxml-regrep:xsd:rim:3.0" xmlns:xs="http://www.w3.org/2001/XMLSchema" xmlns:xsi="http://www.w3.org/2001/XMLSchema-instance" xsi:schemaLocation="http://www.opengis.net/cat/csw/2.0.2 http://schemas.opengis.net/csw/2.0.2/CSW-discovery.xsd">
  <rim:ExtrinsicObject xsi:schemaLocation="http://www.opengis.net/cat/wrs/1.0 http://schemas.opengis.net/csw/2.0.2/profiles/ebrim/1.0/csw-ebrim.xsd" id="edf08fea-b560-11e9-bda9-0242ac120004" lid="edf08fea-b560-11e9-bda9-0242ac120004" objectType="dataset" status="urn:oasis:names:tc:ebxml-regrep:StatusType:Submitted">
    <rim:VersionInfo versionName=""/>
    <rim:ExternalIdentifier id="edf08fea-b560-11e9-bda9-0242ac120004" identificationScheme="foo" registryObject="None" value="edf08fea-b560-11e9-bda9-0242ac120004"/>
    <rim:Name>
      <rim:LocalizedString value="AZ Highway Crash Fatalities (2005)"/>
    </rim:Name>
    <rim:Description>
      <rim:LocalizedString value="Point layer representing geolocations for all recorded crash fatalities involving at least one vehicle in 2005. Many attributes are associated with each incident location. For a full guide to attribute codes, consult this document: https://www.nber.org/fars/ftp.nhtsa.dot.gov/fars/FARS-DOC/Analytical%20User%20Guide/USERGUIDE-2015.pdf"/>
    </rim:Description>
    <rim:Slot slotType="urn:ogc:def:dataType:ISO-19107:2003:GM_Envelope">
      <rim:ValueList>
        <rim:Value>
          <ows:BoundingBox crs="urn:x-ogc:def:crs:EPSG:6.11:4326" dimensions="2">
            <ows:LowerCorner>0.0 -114.7697917</ows:LowerCorner>
            <ows:UpperCorner>36.98081944 0.0</ows:UpperCorner>
          </ows:BoundingBox>
        </rim:Value>
      </rim:ValueList>
    </rim:Slot>
    <rim:Slot name="http://purl.org/dc/elements/1.1/subject">
      <rim:ValueList>
        <rim:Value>AZ_HwyCrash_Fatalities_2005</rim:Value>
        <rim:Value>features</rim:Value>
      </rim:ValueList>
    </rim:Slot>
  </rim:ExtrinsicObject>
</csw:GetRecordByIdResponse>
