<?xml version="1.0" encoding="UTF-8" standalone="no"?>
<!-- pycsw 2.4.0 -->
<csw:GetRecordByIdResponse xmlns:atom="http://www.w3.org/2005/Atom" xmlns:csw="http://www.opengis.net/cat/csw/2.0.2" xmlns:dc="http://purl.org/dc/elements/1.1/" xmlns:dct="http://purl.org/dc/terms/" xmlns:gmd="http://www.isotc211.org/2005/gmd" xmlns:gml="http://www.opengis.net/gml" xmlns:ows="http://www.opengis.net/ows" xmlns:xs="http://www.w3.org/2001/XMLSchema" xmlns:xsi="http://www.w3.org/2001/XMLSchema-instance" xsi:schemaLocation="http://www.opengis.net/cat/csw/2.0.2 http://schemas.opengis.net/csw/2.0.2/CSW-discovery.xsd">
  <atom:entry xmlns:georss="http://www.georss.org/georss" xsi:schemaLocation="http://www.w3.org/2005/Atom http://www.kbcafe.com/rss/atom.xsd.xml">
    <atom:author>
      <atom:name>pyager1</atom:name>
    </atom:author>
    <atom:category term="neighborhoods"/>
    <atom:category term="transportation"/>
    <atom:category term="Utilities"/>
    <atom:contributor>pyager1</atom:contributor>
    <atom:id>4dd0de60-96c1-11e9-bca6-0242ac120003</atom:id>
    <dc:identifier>4dd0de60-96c1-11e9-bca6-0242ac120003</dc:identifier>
    <atom:link href="http://dataexchange.asu.edu:80/gs/ows?service=WMS&amp;request=GetLegendGraphic&amp;format=image/png&amp;WIDTH=20&amp;HEIGHT=20&amp;LAYER=geonode:Valley_Metro_Park_and_Rides&amp;STYLE=Valley_Metro_Park_and_Rides&amp;legend_options=fontAntiAliasing:true;fontSize:12;forceLabels:on" title="Valley Metro Park and Rides (Legend Format)" type="WWW:DOWNLOAD-1.0-http--download"/>
    <atom:link href="http://dataexchange.asu.edu:80/gs/ows?layers=geonode%3AValley_Metro_Park_and_Rides&amp;service=WMS&amp;format=image%2Fpng&amp;request=GetMap&amp;height=550&amp;width=1007&amp;bbox=-112.480129904903000%2C33.275707728399900%2C-111.683506487252000%2C33.710395805208400&amp;srs=EPSG%3A4326" title="Valley Metro Park and Rides (PNG Format)" type="WWW:DOWNLOAD-1.0-http--download"/>
    <atom:link href="http://dataexchange.asu.edu:80/gs/ows?layers=geonode%3AValley_Metro_Park_and_Rides&amp;service=WMS&amp;format=application%2Fpdf&amp;request=GetMap&amp;height=550&amp;width=1007&amp;bbox=-112.480129904903000%2C33.275707728399900%2C-111.683506487252000%2C33.710395805208400&amp;srs=EPSG%3A4326" title="Valley Metro Park and Rides (PDF Format)" type="WWW:DOWNLOAD-1.0-http--download"/>
    <atom:link href="http://dataexchange.asu.edu:80/gs/ows?layers=geonode%3AValley_Metro_Park_and_Rides&amp;service=WMS&amp;format=image%2Fjpeg&amp;request=GetMap&amp;height=550&amp;width=1007&amp;bbox=-112.480129904903000%2C33.275707728399900%2C-111.683506487252000%2C33.710395805208400&amp;srs=EPSG%3A4326" title="Valley Metro Park and Rides (JPEG Format)" type="WWW:DOWNLOAD-1.0-http--download"/>
    <atom:link href="http://dataexchange.asu.edu:80/gs/ows" title="OGC WMS: geonode Service" type="OGC:WMS"/>
    <atom:link href="http://dataexchange.asu.edu:80/layers/geonode:Valley_Metro_Park_and_Rides" title="Web address (URL)" type="WWW:LINK-1.0-http--link"/>
    <atom:link href="http://dataexchange.asu.edu:80/gs/ows?srsName=EPSG%3A4326&amp;outputFormat=json&amp;service=WFS&amp;srs=EPSG%3A4326&amp;request=GetFeature&amp;typename=geonode%3AValley_Metro_Park_and_Rides&amp;version=1.0.0" title="Valley Metro Park and Rides (GeoJSON Format)" type="WWW:DOWNLOAD-1.0-http--download"/>
    <atom:link href="http://dataexchange.asu.edu:80/gs/ows?outputFormat=excel&amp;service=WFS&amp;srs=EPSG%3A4326&amp;request=GetFeature&amp;typename=geonode%3AValley_Metro_Park_and_Rides&amp;version=1.0.0" title="Valley Metro Park and Rides (Excel Format)" type="WWW:DOWNLOAD-1.0-http--download"/>
    <atom:link href="http://dataexchange.asu.edu:80/gs/ows?outputFormat=csv&amp;service=WFS&amp;srs=EPSG%3A4326&amp;request=GetFeature&amp;typename=geonode%3AValley_Metro_Park_and_Rides&amp;version=1.0.0" title="Valley Metro Park and Rides (CSV Format)" type="WWW:DOWNLOAD-1.0-http--download"/>
    <atom:link href="http://dataexchange.asu.edu:80/gs/ows?outputFormat=text%2Fxml%3B+subtype%3Dgml%2F3.1.1&amp;service=WFS&amp;srs=EPSG%3A4326&amp;request=GetFeature&amp;typename=geonode%3AValley_Metro_Park_and_Rides&amp;version=1.0.0" title="Valley Metro Park and Rides (GML 3.1.1 Format)" type="WWW:DOWNLOAD-1.0-http--download"/>
    <atom:link href="http://dataexchange.asu.edu:80/gs/ows?outputFormat=gml2&amp;service=WFS&amp;srs=EPSG%3A4326&amp;request=GetFeature&amp;typename=geonode%3AValley_Metro_Park_and_Rides&amp;version=1.0.0" title="Valley Metro Park and Rides (GML 2.0 Format)" type="WWW:DOWNLOAD-1.0-http--download"/>
    <atom:link href="http://dataexchange.asu.edu:80/gs/ows?outputFormat=SHAPE-ZIP&amp;service=WFS&amp;srs=EPSG%3A4326&amp;request=GetFeature&amp;format_options=charset%3AUTF-8&amp;typename=geonode%3AValley_Metro_Park_and_Rides&amp;version=1.0.0" title="Valley Metro Park and Rides (Zipped Shapefile Format)" type="WWW:DOWNLOAD-1.0-http--download"/>
    <atom:link href="http://dataexchange.asu.edu:80/download/52" title="Valley Metro Park and Rides (Original Dataset Format)" type="WWW:DOWNLOAD-1.0-http--download"/>
    <atom:link href="http://dataexchange.asu.edu:80/catalogue/csw?service=CSW&amp;version=2.0.2&amp;request=GetRepositoryItem&amp;id=4dd0de60-96c1-11e9-bca6-0242ac120003"/>
    <atom:title>Valley Metro Park and Rides</atom:title>
    <atom:updated>2019-06-24T20:47:00Z</atom:updated>
    <atom:published>2019-06-24T20:47:00Z</atom:published>
    <atom:summary>Valley Metro Park and Ride locations as of November 2nd, 2018.  Park and Ride locations provide parking facilities so transit riders can leave their own transportation vehicle during the time that they transfer to and ride other transportation services, either bus or light rail.  Users can leave their automobile or bicycle in secure areas during the day, but overnight usage is not accepted.  Leaving a vehicle during the night is allowed for transit riders that work an evening shift and would leave their vehicle during the evening and pick it up in the morning.  Overnight usage cannot be used for overnight storage when travelling.</atom:summary>
    <georss:where>
      <gml:Envelope srsName="http://www.opengis.net/def/crs/EPSG/0/4326">
        <gml:lowerCorner>33.2757077284 -112.480129905</gml:lowerCorner>
        <gml:upperCorner>33.7103958052 -111.683506487</gml:upperCorner>
      </gml:Envelope>
    </georss:where>
  </atom:entry>
</csw:GetRecordByIdResponse>
