<?xml version="1.0" encoding="UTF-8" standalone="no"?>
<!-- pycsw 2.4.0 -->
<csw:GetRecordByIdResponse xmlns:csw="http://www.opengis.net/cat/csw/2.0.2" xmlns:dc="http://purl.org/dc/elements/1.1/" xmlns:dct="http://purl.org/dc/terms/" xmlns:dif="http://gcmd.gsfc.nasa.gov/Aboutus/xml/dif/" xmlns:gmd="http://www.isotc211.org/2005/gmd" xmlns:gml="http://www.opengis.net/gml" xmlns:ows="http://www.opengis.net/ows" xmlns:xs="http://www.w3.org/2001/XMLSchema" xmlns:xsi="http://www.w3.org/2001/XMLSchema-instance" xsi:schemaLocation="http://www.opengis.net/cat/csw/2.0.2 http://schemas.opengis.net/csw/2.0.2/CSW-discovery.xsd">
  <dif:DIF xsi:schemaLocation="http://gcmd.gsfc.nasa.gov/Aboutus/xml/dif/ http://gcmd.gsfc.nasa.gov/Aboutus/xml/dif/dif.xsd">
    <dif:Entry_ID>4dd0de60-96c1-11e9-bca6-0242ac120003</dif:Entry_ID>
    <dif:Entry_Title>Valley Metro Park and Rides</dif:Entry_Title>
    <dif:Data_Set_Citation>
      <dif:Dataset_Creator>pyager1</dif:Dataset_Creator>
      <dif:Dataset_Release_Date>2019-06-24T20:47:00Z</dif:Dataset_Release_Date>
      <dif:Dataset_Publisher>pyager1</dif:Dataset_Publisher>
      <dif:Data_Presentation_Form>vector</dif:Data_Presentation_Form>
    </dif:Data_Set_Citation>
    <dif:ISO_Topic_Category>transportation</dif:ISO_Topic_Category>
    <dif:Keyword>neighborhoods</dif:Keyword>
    <dif:Keyword>transportation</dif:Keyword>
    <dif:Keyword>Utilities</dif:Keyword>
    <dif:Temporal_Coverage>
      <dif:Start_Date>2018-11-02</dif:Start_Date>
      <dif:End_Date/>
    </dif:Temporal_Coverage>
    <dif:Spatial_Coverage>
      <dif:Southernmost_Latitude>33.2757077284</dif:Southernmost_Latitude>
      <dif:Northernmost_Latitude>33.7103958052</dif:Northernmost_Latitude>
      <dif:Westernmost_Longitude>-112.480129905</dif:Westernmost_Longitude>
      <dif:Easternmost_Longitude>-111.683506487</dif:Easternmost_Longitude>
    </dif:Spatial_Coverage>
    <dif:Access_Constraints/>
    <dif:Data_Set_Language>eng</dif:Data_Set_Language>
    <dif:Originating_Center/>
    <dif:Summary>Valley Metro Park and Ride locations as of November 2nd, 2018.  Park and Ride locations provide parking facilities so transit riders can leave their own transportation vehicle during the time that they transfer to and ride other transportation services, either bus or light rail.  Users can leave their automobile or bicycle in secure areas during the day, but overnight usage is not accepted.  Leaving a vehicle during the night is allowed for transit riders that work an evening shift and would leave their vehicle during the evening and pick it up in the morning.  Overnight usage cannot be used for overnight storage when travelling.</dif:Summary>
    <dif:DIF_Creation_Date>2019-06-24T20:47:00Z</dif:DIF_Creation_Date>
    <dif:Related_URL>
      <dif:URL/>
    </dif:Related_URL>
    <dif:Related_URL>
      <dif:URL_Content_Type>
        <dif:Type>WWW:DOWNLOAD-1.0-http--download</dif:Type>
      </dif:URL_Content_Type>
      <dif:URL>http://dataexchange.asu.edu:80/gs/ows?service=WMS&amp;request=GetLegendGraphic&amp;format=image/png&amp;WIDTH=20&amp;HEIGHT=20&amp;LAYER=geonode:Valley_Metro_Park_and_Rides&amp;STYLE=Valley_Metro_Park_and_Rides&amp;legend_options=fontAntiAliasing:true;fontSize:12;forceLabels:on</dif:URL>
      <dif:Description>Valley Metro Park and Rides (Legend Format)</dif:Description>
    </dif:Related_URL>
    <dif:Related_URL>
      <dif:URL_Content_Type>
        <dif:Type>WWW:DOWNLOAD-1.0-http--download</dif:Type>
      </dif:URL_Content_Type>
      <dif:URL>http://dataexchange.asu.edu:80/gs/ows?layers=geonode%3AValley_Metro_Park_and_Rides&amp;service=WMS&amp;format=image%2Fpng&amp;request=GetMap&amp;height=550&amp;width=1007&amp;bbox=-112.480129904903000%2C33.275707728399900%2C-111.683506487252000%2C33.710395805208400&amp;srs=EPSG%3A4326</dif:URL>
      <dif:Description>Valley Metro Park and Rides (PNG Format)</dif:Description>
    </dif:Related_URL>
    <dif:Related_URL>
      <dif:URL_Content_Type>
        <dif:Type>WWW:DOWNLOAD-1.0-http--download</dif:Type>
      </dif:URL_Content_Type>
      <dif:URL>http://dataexchange.asu.edu:80/gs/ows?layers=geonode%3AValley_Metro_Park_and_Rides&amp;service=WMS&amp;format=application%2Fpdf&amp;request=GetMap&amp;height=550&amp;width=1007&amp;bbox=-112.480129904903000%2C33.275707728399900%2C-111.683506487252000%2C33.710395805208400&amp;srs=EPSG%3A4326</dif:URL>
      <dif:Description>Valley Metro Park and Rides (PDF Format)</dif:Description>
    </dif:Related_URL>
    <dif:Related_URL>
      <dif:URL_Content_Type>
        <dif:Type>WWW:DOWNLOAD-1.0-http--download</dif:Type>
      </dif:URL_Content_Type>
      <dif:URL>http://dataexchange.asu.edu:80/gs/ows?layers=geonode%3AValley_Metro_Park_and_Rides&amp;service=WMS&amp;format=image%2Fjpeg&amp;request=GetMap&amp;height=550&amp;width=1007&amp;bbox=-112.480129904903000%2C33.275707728399900%2C-111.683506487252000%2C33.710395805208400&amp;srs=EPSG%3A4326</dif:URL>
      <dif:Description>Valley Metro Park and Rides (JPEG Format)</dif:Description>
    </dif:Related_URL>
    <dif:Related_URL>
      <dif:URL_Content_Type>
        <dif:Type>OGC:WMS</dif:Type>
      </dif:URL_Content_Type>
      <dif:URL>http://dataexchange.asu.edu:80/gs/ows</dif:URL>
      <dif:Description>OGC WMS: geonode Service</dif:Description>
    </dif:Related_URL>
    <dif:Related_URL>
      <dif:URL_Content_Type>
        <dif:Type>WWW:LINK-1.0-http--link</dif:Type>
      </dif:URL_Content_Type>
      <dif:URL>http://dataexchange.asu.edu:80/layers/geonode:Valley_Metro_Park_and_Rides</dif:URL>
      <dif:Description>Web address (URL)</dif:Description>
    </dif:Related_URL>
    <dif:Related_URL>
      <dif:URL_Content_Type>
        <dif:Type>WWW:DOWNLOAD-1.0-http--download</dif:Type>
      </dif:URL_Content_Type>
      <dif:URL>http://dataexchange.asu.edu:80/gs/ows?srsName=EPSG%3A4326&amp;outputFormat=json&amp;service=WFS&amp;srs=EPSG%3A4326&amp;request=GetFeature&amp;typename=geonode%3AValley_Metro_Park_and_Rides&amp;version=1.0.0</dif:URL>
      <dif:Description>Valley Metro Park and Rides (GeoJSON Format)</dif:Description>
    </dif:Related_URL>
    <dif:Related_URL>
      <dif:URL_Content_Type>
        <dif:Type>WWW:DOWNLOAD-1.0-http--download</dif:Type>
      </dif:URL_Content_Type>
      <dif:URL>http://dataexchange.asu.edu:80/gs/ows?outputFormat=excel&amp;service=WFS&amp;srs=EPSG%3A4326&amp;request=GetFeature&amp;typename=geonode%3AValley_Metro_Park_and_Rides&amp;version=1.0.0</dif:URL>
      <dif:Description>Valley Metro Park and Rides (Excel Format)</dif:Description>
    </dif:Related_URL>
    <dif:Related_URL>
      <dif:URL_Content_Type>
        <dif:Type>WWW:DOWNLOAD-1.0-http--download</dif:Type>
      </dif:URL_Content_Type>
      <dif:URL>http://dataexchange.asu.edu:80/gs/ows?outputFormat=csv&amp;service=WFS&amp;srs=EPSG%3A4326&amp;request=GetFeature&amp;typename=geonode%3AValley_Metro_Park_and_Rides&amp;version=1.0.0</dif:URL>
      <dif:Description>Valley Metro Park and Rides (CSV Format)</dif:Description>
    </dif:Related_URL>
    <dif:Related_URL>
      <dif:URL_Content_Type>
        <dif:Type>WWW:DOWNLOAD-1.0-http--download</dif:Type>
      </dif:URL_Content_Type>
      <dif:URL>http://dataexchange.asu.edu:80/gs/ows?outputFormat=text%2Fxml%3B+subtype%3Dgml%2F3.1.1&amp;service=WFS&amp;srs=EPSG%3A4326&amp;request=GetFeature&amp;typename=geonode%3AValley_Metro_Park_and_Rides&amp;version=1.0.0</dif:URL>
      <dif:Description>Valley Metro Park and Rides (GML 3.1.1 Format)</dif:Description>
    </dif:Related_URL>
    <dif:Related_URL>
      <dif:URL_Content_Type>
        <dif:Type>WWW:DOWNLOAD-1.0-http--download</dif:Type>
      </dif:URL_Content_Type>
      <dif:URL>http://dataexchange.asu.edu:80/gs/ows?outputFormat=gml2&amp;service=WFS&amp;srs=EPSG%3A4326&amp;request=GetFeature&amp;typename=geonode%3AValley_Metro_Park_and_Rides&amp;version=1.0.0</dif:URL>
      <dif:Description>Valley Metro Park and Rides (GML 2.0 Format)</dif:Description>
    </dif:Related_URL>
    <dif:Related_URL>
      <dif:URL_Content_Type>
        <dif:Type>WWW:DOWNLOAD-1.0-http--download</dif:Type>
      </dif:URL_Content_Type>
      <dif:URL>http://dataexchange.asu.edu:80/gs/ows?outputFormat=SHAPE-ZIP&amp;service=WFS&amp;srs=EPSG%3A4326&amp;request=GetFeature&amp;format_options=charset%3AUTF-8&amp;typename=geonode%3AValley_Metro_Park_and_Rides&amp;version=1.0.0</dif:URL>
      <dif:Description>Valley Metro Park and Rides (Zipped Shapefile Format)</dif:Description>
    </dif:Related_URL>
    <dif:Related_URL>
      <dif:URL_Content_Type>
        <dif:Type>WWW:DOWNLOAD-1.0-http--download</dif:Type>
      </dif:URL_Content_Type>
      <dif:URL>http://dataexchange.asu.edu:80/download/52</dif:URL>
      <dif:Description>Valley Metro Park and Rides (Original Dataset Format)</dif:Description>
    </dif:Related_URL>
    <dif:Metadata_Name>CEOS IDN DIF</dif:Metadata_Name>
    <dif:Metadata_Version>9.7</dif:Metadata_Version>
  </dif:DIF>
</csw:GetRecordByIdResponse>
