<?xml version="1.0" encoding="UTF-8" standalone="no"?>
<!-- pycsw 2.4.0 -->
<csw:GetRecordByIdResponse xmlns:csw="http://www.opengis.net/cat/csw/2.0.2" xmlns:dc="http://purl.org/dc/elements/1.1/" xmlns:dct="http://purl.org/dc/terms/" xmlns:gmd="http://www.isotc211.org/2005/gmd" xmlns:gml="http://www.opengis.net/gml" xmlns:ows="http://www.opengis.net/ows" xmlns:rim="urn:oasis:names:tc:ebxml-regrep:xsd:rim:3.0" xmlns:xs="http://www.w3.org/2001/XMLSchema" xmlns:xsi="http://www.w3.org/2001/XMLSchema-instance" xsi:schemaLocation="http://www.opengis.net/cat/csw/2.0.2 http://schemas.opengis.net/csw/2.0.2/CSW-discovery.xsd">
  <rim:ExtrinsicObject xsi:schemaLocation="http://www.opengis.net/cat/wrs/1.0 http://schemas.opengis.net/csw/2.0.2/profiles/ebrim/1.0/csw-ebrim.xsd" id="4dd0de60-96c1-11e9-bca6-0242ac120003" lid="4dd0de60-96c1-11e9-bca6-0242ac120003" objectType="dataset" status="urn:oasis:names:tc:ebxml-regrep:StatusType:Submitted">
    <rim:VersionInfo versionName=""/>
    <rim:ExternalIdentifier id="4dd0de60-96c1-11e9-bca6-0242ac120003" identificationScheme="foo" registryObject="None" value="4dd0de60-96c1-11e9-bca6-0242ac120003"/>
    <rim:Name>
      <rim:LocalizedString value="Valley Metro Park and Rides"/>
    </rim:Name>
    <rim:Description>
      <rim:LocalizedString value="Valley Metro Park and Ride locations as of November 2nd, 2018.  Park and Ride locations provide parking facilities so transit riders can leave their own transportation vehicle during the time that they transfer to and ride other transportation services, either bus or light rail.  Users can leave their automobile or bicycle in secure areas during the day, but overnight usage is not accepted.  Leaving a vehicle during the night is allowed for transit riders that work an evening shift and would leave their vehicle during the evening and pick it up in the morning.  Overnight usage cannot be used for overnight storage when travelling."/>
    </rim:Description>
    <rim:Slot slotType="urn:ogc:def:dataType:ISO-19107:2003:GM_Envelope">
      <rim:ValueList>
        <rim:Value>
          <ows:BoundingBox crs="urn:x-ogc:def:crs:EPSG:6.11:4326" dimensions="2">
            <ows:LowerCorner>33.2757077284 -112.480129905</ows:LowerCorner>
            <ows:UpperCorner>33.7103958052 -111.683506487</ows:UpperCorner>
          </ows:BoundingBox>
        </rim:Value>
      </rim:ValueList>
    </rim:Slot>
    <rim:Slot name="http://purl.org/dc/elements/1.1/subject">
      <rim:ValueList>
        <rim:Value>neighborhoods</rim:Value>
        <rim:Value>transportation</rim:Value>
        <rim:Value>Utilities</rim:Value>
      </rim:ValueList>
    </rim:Slot>
  </rim:ExtrinsicObject>
</csw:GetRecordByIdResponse>
