<metadata xml:lang="en"><Esri><CreaDate>20170601</CreaDate><CreaTime>14380000</CreaTime><ArcGISFormat>1.0</ArcGISFormat><ArcGISstyle>FGDC CSDGM Metadata</ArcGISstyle><SyncOnce>FALSE</SyncOnce><DataProperties><itemProps><itemName Sync="TRUE">AZ_HwyCrash_Fatalities_2007</itemName><imsContentType Sync="TRUE" export="False">002</imsContentType><nativeExtBox><westBL Sync="TRUE">-114.785242</westBL><eastBL Sync="TRUE">0.000000</eastBL><southBL Sync="TRUE">0.000000</southBL><northBL Sync="TRUE">36.971789</northBL><exTypeCode Sync="TRUE">1</exTypeCode></nativeExtBox><itemSize Sync="TRUE">0.026</itemSize><itemLocation><linkage Sync="TRUE">file://\\itfs1.asu.edu\gisshare1$\spatial_data\DATA\Arizona_Data\Transportation\Highway Fatal Accident Reports\AZ_HwyCrash_Fatalities_2007.shp</linkage><protocol Sync="TRUE">Local Area Network</protocol></itemLocation></itemProps><coordRef><type Sync="TRUE">Geographic</type><geogcsn Sync="TRUE">GCS_WGS_1984</geogcsn><csUnits Sync="TRUE">Angular Unit: Degree (0.017453)</csUnits><peXml Sync="TRUE">&lt;GeographicCoordinateSystem xsi:type='typens:GeographicCoordinateSystem' xmlns:xsi='http://www.w3.org/2001/XMLSchema-instance' xmlns:xs='http://www.w3.org/2001/XMLSchema' xmlns:typens='http://www.esri.com/schemas/ArcGIS/10.5'&gt;&lt;WKT&gt;GEOGCS[&amp;quot;GCS_WGS_1984&amp;quot;,DATUM[&amp;quot;D_WGS_1984&amp;quot;,SPHEROID[&amp;quot;WGS_1984&amp;quot;,6378137.0,298.257223563]],PRIMEM[&amp;quot;Greenwich&amp;quot;,0.0],UNIT[&amp;quot;Degree&amp;quot;,0.0174532925199433],AUTHORITY[&amp;quot;EPSG&amp;quot;,4326]]&lt;/WKT&gt;&lt;XOrigin&gt;-400&lt;/XOrigin&gt;&lt;YOrigin&gt;-400&lt;/YOrigin&gt;&lt;XYScale&gt;11258999068426.238&lt;/XYScale&gt;&lt;ZOrigin&gt;-100000&lt;/ZOrigin&gt;&lt;ZScale&gt;10000&lt;/ZScale&gt;&lt;MOrigin&gt;-100000&lt;/MOrigin&gt;&lt;MScale&gt;10000&lt;/MScale&gt;&lt;XYTolerance&gt;8.983152841195215e-009&lt;/XYTolerance&gt;&lt;ZTolerance&gt;0.001&lt;/ZTolerance&gt;&lt;MTolerance&gt;0.001&lt;/MTolerance&gt;&lt;HighPrecision&gt;true&lt;/HighPrecision&gt;&lt;LeftLongitude&gt;-180&lt;/LeftLongitude&gt;&lt;WKID&gt;4326&lt;/WKID&gt;&lt;LatestWKID&gt;4326&lt;/LatestWKID&gt;&lt;/GeographicCoordinateSystem&gt;</peXml></coordRef></DataProperties><SyncDate>20170601</SyncDate><SyncTime>14465800</SyncTime><ModDate>20170601</ModDate><ModTime>14472200</ModTime><scaleRange><minScale>150000000</minScale><maxScale>5000</maxScale></scaleRange><ArcGISProfile>FGDC</ArcGISProfile></Esri><dataIdInfo><envirDesc Sync="TRUE">Microsoft Windows 7 Version 6.1 (Build 7601) Service Pack 1; Esri ArcGIS 10.5.0.6491</envirDesc><dataLang><languageCode value="eng" Sync="TRUE"/><countryCode value="USA" Sync="TRUE"/></dataLang><idCitation xmlns=""><resTitle Sync="TRUE">AZ_HwyCrash_Fatalities_2007</resTitle><presForm xmlns=""><PresFormCd value="005" Sync="TRUE"/></presForm><date><createDate>2001-12-31T00:00:00</createDate><pubDate>2002-06-30T00:00:00</pubDate></date><citRespParty xmlns=""><rpIndName>Office of the Assistant Secretary for Research and Technology/Bureau of Transportation Statistics</rpIndName><rpOrgName>National Highway Traffic Safety Administration</rpOrgName><role><RoleCd value="010"/></role><rpPosName>Administrator</rpPosName></citRespParty></idCitation><spatRpType><SpatRepTypCd value="001" Sync="TRUE"/></spatRpType><idPurp>One of the primary objectives of the National Highway Traffic Safety Administration (NHTSA) is to reduce the staggering human toll and property damage that motor vehicle traffic crashes impose on our society. NHTSA collects fatal traffic crash information from each state department of transportation on an annual basis.  Basic information about location, time of day, date, vehicles, number of people involved is collected, as well as additional attributes (weather, impairment, etc.). These data are meant to provide basic summary information about crash characteristics and environmental conditions.</idPurp><idAbs>&lt;DIV STYLE="text-align:Left;"&gt;&lt;DIV&gt;&lt;DIV&gt;&lt;P&gt;&lt;SPAN&gt;This data file contains information about crash characteristics and environmental conditions at the time of the crash. There is one record per crash. FARS data are made available to the public in Statistical Analysis System (SAS) data files as well as Database Files (DBF). Over the years changes have been made to the type of data collected and the way the data are presented in the SAS data files. Some data elements have been dropped and new ones added, coding of individual data elements has changed, and new SAS data files have been created. Coding changes and the years for which individual data items are available are shown in the “Data Element Definitions and Codes” section of this document. The FARS Coding and Editing Manual contains a detailed description of each SAS data elements including coding instructions and attribute definitions. The Coding Manual is published for each year of data collection. Years 2001 to current are available at: ftp://ftp.nhtsa.dot.gov/fars/ . Note: In this manual the word vehicle means in-transport motor vehicle unless otherwise noted. A PDF document associated with this shapefile contains additional attribute information. The NHTSA FTP site contains many additional files that can be JOINED to this shapefile and should be consulted.&lt;/SPAN&gt;&lt;/P&gt;&lt;/DIV&gt;&lt;/DIV&gt;&lt;/DIV&gt;</idAbs><searchKeys><keyword>Fatal Accident Report</keyword><keyword>FAR</keyword><keyword>Fatal Accident</keyword><keyword>Fatal Crash</keyword><keyword>Highway</keyword><keyword>Transportation</keyword><keyword>2007</keyword><keyword>Arizona</keyword></searchKeys><idCredit>National Highway Traffic Safety Administration - https://www.nhtsa.gov/research-data/fatality-analysis-reporting-system-fars .</idCredit><themeKeys xmlns=""><keyword>Accident</keyword><keyword>Crash</keyword><keyword>Fatal Accident</keyword><keyword>Fatal Crash</keyword><keyword>Highway</keyword><keyword>Transportation</keyword><keyword>Fatal Accident Report</keyword></themeKeys><placeKeys xmlns=""><keyword>U.S.A.</keyword><keyword>United States</keyword><keyword>Arizona</keyword></placeKeys><tempKeys xmlns=""><keyword>2007</keyword></tempKeys><dataChar><CharSetCd value="004"/></dataChar><idPoC xmlns=""><rpIndName>Office of the Assistant Secretary for Research and Technology/Bureau of Transportation Statistics</rpIndName><rpOrgName>National Highway Traffic Safety Administration</rpOrgName><role><RoleCd value="010"/></role><rpPosName>Administrator</rpPosName></idPoC><idStatus><ProgCd value="001"/></idStatus><resMaint xmlns=""><maintFreq><MaintFreqCd value="008"/></maintFreq></resMaint><dataExt xmlns=""><geoEle xmlns=""><GeoBndBox esriExtentType="search"><exTypeCode Sync="TRUE">1</exTypeCode><westBL Sync="TRUE">-114.785242</westBL><eastBL Sync="TRUE">0.000000</eastBL><northBL Sync="TRUE">36.971789</northBL><southBL Sync="TRUE">0.000000</southBL></GeoBndBox></geoEle></dataExt><tpCat><TopicCatCd value="018"/></tpCat></dataIdInfo><mdLang><languageCode value="eng" Sync="TRUE"/><countryCode value="USA" Sync="TRUE"/></mdLang><mdChar><CharSetCd value="004" Sync="TRUE"/></mdChar><distInfo xmlns=""><distFormat xmlns=""><formatName Sync="TRUE">Shapefile</formatName></distFormat><distTranOps xmlns=""><transSize Sync="TRUE">0.026</transSize></distTranOps></distInfo><mdHrLv><ScopeCd value="005" Sync="TRUE"/></mdHrLv><mdHrLvName Sync="TRUE">dataset</mdHrLvName><spatRepInfo><VectSpatRep><geometObjs Name="AZ_HwyCrash_Fatalities_2007"><geoObjTyp><GeoObjTypCd value="004" Sync="TRUE"/></geoObjTyp><geoObjCnt Sync="TRUE">952</geoObjCnt></geometObjs><topLvl><TopoLevCd value="001" Sync="TRUE"/></topLvl></VectSpatRep></spatRepInfo><spdoinfo><ptvctinf><esriterm Name="AZ_HwyCrash_Fatalities_2007"><efeatyp Sync="TRUE">Simple</efeatyp><efeageom code="1" Sync="TRUE"/><esritopo Sync="TRUE">FALSE</esritopo><efeacnt Sync="TRUE">952</efeacnt><spindex Sync="TRUE">TRUE</spindex><linrefer Sync="TRUE">FALSE</linrefer></esriterm></ptvctinf></spdoinfo><eainfo><detailed Name="AZ_HwyCrash_Fatalities_2007" xmlns=""><enttyp><enttypl Sync="TRUE">AZ_HwyCrash_Fatalities_2007</enttypl><enttypt Sync="TRUE">Feature Class</enttypt><enttypc Sync="TRUE">952</enttypc></enttyp><attr xmlns=""><attrlabl Sync="TRUE">FID</attrlabl><attalias Sync="TRUE">FID</attalias><attrtype Sync="TRUE">OID</attrtype><attwidth Sync="TRUE">4</attwidth><atprecis Sync="TRUE">0</atprecis><attscale Sync="TRUE">0</attscale><attrdef Sync="TRUE">Internal feature number.</attrdef><attrdefs Sync="TRUE">Esri</attrdefs><attrdomv><udom Sync="TRUE">Sequential unique whole numbers that are automatically generated.</udom></attrdomv></attr><attr xmlns=""><attrlabl Sync="TRUE">Shape</attrlabl><attalias Sync="TRUE">Shape</attalias><attrtype Sync="TRUE">Geometry</attrtype><attwidth Sync="TRUE">0</attwidth><atprecis Sync="TRUE">0</atprecis><attscale Sync="TRUE">0</attscale><attrdef Sync="TRUE">Feature geometry.</attrdef><attrdefs Sync="TRUE">Esri</attrdefs><attrdomv><udom Sync="TRUE">Coordinates defining the features.</udom></attrdomv></attr><attr xmlns=""><attrlabl Sync="TRUE">STATE</attrlabl><attalias Sync="TRUE">STATE</attalias><attrtype Sync="TRUE">Double</attrtype><attwidth Sync="TRUE">19</attwidth><atprecis Sync="TRUE">0</atprecis><attscale Sync="TRUE">0</attscale><attrdef>FIPS code for US state</attrdef></attr><attr xmlns=""><attrlabl Sync="TRUE">COUNTY</attrlabl><attalias Sync="TRUE">COUNTY</attalias><attrtype Sync="TRUE">Double</attrtype><attwidth Sync="TRUE">19</attwidth><atprecis Sync="TRUE">0</atprecis><attscale Sync="TRUE">0</attscale><attrdef>FIPS code for US county</attrdef></attr><attr xmlns=""><attrlabl Sync="TRUE">MONTH</attrlabl><attalias Sync="TRUE">MONTH</attalias><attrtype Sync="TRUE">Double</attrtype><attwidth Sync="TRUE">19</attwidth><atprecis Sync="TRUE">0</atprecis><attscale Sync="TRUE">0</attscale><attrdef>Month crash took place</attrdef></attr><attr xmlns=""><attrlabl Sync="TRUE">DAY</attrlabl><attalias Sync="TRUE">DAY</attalias><attrtype Sync="TRUE">Double</attrtype><attwidth Sync="TRUE">19</attwidth><atprecis Sync="TRUE">0</atprecis><attscale Sync="TRUE">0</attscale><attrdef>Day of the month that the crash took place</attrdef></attr><attr xmlns=""><attrlabl Sync="TRUE">HOUR</attrlabl><attalias Sync="TRUE">HOUR</attalias><attrtype Sync="TRUE">Double</attrtype><attwidth Sync="TRUE">19</attwidth><atprecis Sync="TRUE">0</atprecis><attscale Sync="TRUE">0</attscale><attrdef>Time (hour) that the crash took place (24 hour clock)</attrdef></attr><attr xmlns=""><attrlabl Sync="TRUE">MINUTE</attrlabl><attalias Sync="TRUE">MINUTE</attalias><attrtype Sync="TRUE">Double</attrtype><attwidth Sync="TRUE">19</attwidth><atprecis Sync="TRUE">0</atprecis><attscale Sync="TRUE">0</attscale><attrdef>Time (minute) that the crash took place</attrdef></attr><attr><attrlabl Sync="TRUE">VE_TOTAL</attrlabl><attalias Sync="TRUE">VE_TOTAL</attalias><attrtype Sync="TRUE">Double</attrtype><attwidth Sync="TRUE">19</attwidth><atprecis Sync="TRUE">0</atprecis><attscale Sync="TRUE">0</attscale></attr><attr xmlns=""><attrlabl Sync="TRUE">VE_FORMS</attrlabl><attalias Sync="TRUE">VE_FORMS</attalias><attrtype Sync="TRUE">Double</attrtype><attwidth Sync="TRUE">19</attwidth><atprecis Sync="TRUE">0</atprecis><attscale Sync="TRUE">0</attscale><attrdef>Number of Motor Vehicles in Transport. This data element is a count of the number of vehicles in-transport involved in the crash.  Legally parked vehicles are not included. A motor vehicle in transport is a motor vehicle in motion on the trafficway or any other motor vehicle on the roadway, including stalled, disabled, or abandoned vehicles.</attrdef></attr><attr xmlns=""><attrlabl Sync="TRUE">PERSONS</attrlabl><attalias Sync="TRUE">PERSONS</attalias><attrtype Sync="TRUE">Double</attrtype><attwidth Sync="TRUE">19</attwidth><atprecis Sync="TRUE">0</atprecis><attscale Sync="TRUE">0</attscale><attrdef>This data element counts the number of Person Level (Motor Vehicle Occupant) Forms that are applicable to this case (i.e., occupants). Count of any person who is in or upon a motor vehicle in transport.  Includes the driver, passsengers, and persons riding on the exerior of a motor vehicle.</attrdef></attr><attr xmlns=""><attrlabl Sync="TRUE">PEDS</attrlabl><attalias Sync="TRUE">PEDS</attalias><attrtype Sync="TRUE">Double</attrtype><attwidth Sync="TRUE">19</attwidth><atprecis Sync="TRUE">0</atprecis><attscale Sync="TRUE">0</attscale><attrdef>This data element counts the number of Person Forms (NOT a motor vehicle occupant) that are applicable to this case (i.e., non-occupants).</attrdef></attr><attr xmlns=""><attrlabl Sync="TRUE">NHS</attrlabl><attalias Sync="TRUE">NHS</attalias><attrtype Sync="TRUE">Double</attrtype><attwidth Sync="TRUE">19</attwidth><atprecis Sync="TRUE">0</atprecis><attscale Sync="TRUE">0</attscale><attrdef>This data element identifies whether this crash occurred on a trafficway that is part of the National Highway System.</attrdef></attr><attr xmlns=""><attrlabl Sync="TRUE">ROAD_FNC</attrlabl><attalias Sync="TRUE">ROAD_FNC</attalias><attrtype Sync="TRUE">Double</attrtype><attwidth Sync="TRUE">19</attwidth><atprecis Sync="TRUE">0</atprecis><attscale Sync="TRUE">0</attscale><attrdef>This data element identifies the Functional Classification (func class) of the trafficway on which the crash occurred.</attrdef></attr><attr xmlns=""><attrlabl Sync="TRUE">ROUTE</attrlabl><attalias Sync="TRUE">ROUTE</attalias><attrtype Sync="TRUE">Double</attrtype><attwidth Sync="TRUE">19</attwidth><atprecis Sync="TRUE">0</atprecis><attscale Sync="TRUE">0</attscale><attrdef>This data element identifies the route signing of the trafficway on which the crash occurred (1 = interstate; 2 = U.S. Highway; 3 = State Highway; 4 = County Road; 5 = Local Street - Township; 6 = Local Street - Municipality; 7 = Local Street - Frontage Road; 8 = Other; 9 = Unknown</attrdef></attr><attr xmlns=""><attrlabl Sync="TRUE">SP_JUR</attrlabl><attalias Sync="TRUE">SP_JUR</attalias><attrtype Sync="TRUE">Double</attrtype><attwidth Sync="TRUE">19</attwidth><atprecis Sync="TRUE">0</atprecis><attscale Sync="TRUE">0</attscale><attrdef>This data element identified if the location on the trafficway where the crash occurred qualifies as a Special Jurisdiction even though it may be patrolled by state, county or local police (e.g., all State Highwasy running through Indian reservations are under the jurisdiction of the Indian reservation). 0 = No Special Jurisdiction; 1 = National Park Service; 2 = Military; 3 = Indian Reservation; 4 = College/University Campus; 5 = Other Federal Properties; 8 = Other; 9 = Unknown</attrdef></attr><attr xmlns=""><attrlabl Sync="TRUE">HARM_EV</attrlabl><attalias Sync="TRUE">HARM_EV</attalias><attrtype Sync="TRUE">Double</attrtype><attwidth Sync="TRUE">19</attwidth><atprecis Sync="TRUE">0</atprecis><attscale Sync="TRUE">0</attscale><attrdef>First Harmful Event.  01 = Overturn; 02 = Fire/Explosion; 03 = Immersioin; 04 = Gas Inhalation; 05 = Fell from Vehicle; 06 = Injured in Vehicle; 07 = Other Non-Collision; 08 = Pedestrian; 09 = Pedalcycle; 10 = Railway Train; 11 = Animal; 12 = Motor Vehicle in Transport; 13 = Motor Vehicle in Transport in OTher Roadway; 14 = Parked Motor Vehicle; 15 = Other Type Non-Motorist; 16 = Other Object; 17 = Bridge or Overpass; 18 = Building; 19 = Culvert; 20 = Curb or Wall; 21 = Divider; 22 = Embankment; 23 = Fence; 24 = Guard Rail; 25 = Light Support; 26 = Sign Post; 27 = Tree/Shrubbery</attrdef></attr><attr xmlns=""><attrlabl Sync="TRUE">MAN_COLL</attrlabl><attalias Sync="TRUE">MAN_COLL</attalias><attrtype Sync="TRUE">Double</attrtype><attwidth Sync="TRUE">19</attwidth><atprecis Sync="TRUE">0</atprecis><attscale Sync="TRUE">0</attscale><attrdef>Manner of Collision.  This data element describes the orientation of two motor vehicles in-transport when they are involved in the "First Harmful Event" of a collision crash.  00 = Not Collision with Motor Vehicle in Transport; 01 = Front to Rear; 02 = Front to Front; 03 = Angle Front to Side, Same Direction; 04 = Angle Front to Side, Opposite Direction; 05 = Angle Front to Side, RIght Angle (includes Broadside); 06 = Angle Front to Side, Direction not specified; 07 = Sideswipe, Same Direction; 08 = Sideswipe, Opposite Direction; 09 = Rear to Side; 10 = Rear to Rea; 11 = Other; 98 = Not Reported; 99 = Unknown</attrdef></attr><attr xmlns=""><attrlabl Sync="TRUE">REL_JUNC</attrlabl><attalias Sync="TRUE">REL_JUNC</attalias><attrtype Sync="TRUE">Double</attrtype><attwidth Sync="TRUE">19</attwidth><atprecis Sync="TRUE">0</atprecis><attscale Sync="TRUE">0</attscale><attrdef>Relation to Junction. This data element identifies the crash's location with respect to presence in an interchange area, or with respect to presence in or proximity to compoents typically in junction or interchange areas.</attrdef></attr><attr xmlns=""><attrlabl Sync="TRUE">REL_ROAD</attrlabl><attalias Sync="TRUE">REL_ROAD</attalias><attrtype Sync="TRUE">Double</attrtype><attwidth Sync="TRUE">19</attwidth><atprecis Sync="TRUE">0</atprecis><attscale Sync="TRUE">0</attscale><attrdef>Relation to Trafficway.  This data element identifies the location of the crash as it relates to its position within or outside the trafficway based on the "first Harmful Event".  01 = On Roadway; 02 = On Shoulder; 03 = On Median; 04 = On Roadside; 05 = Outside Trafficway; 06 = Off Roadway - Location unknown; 07 = In Parking Lane; 08 = Gore; 10 = Separator; 11 = Continuous Left-Turn Lane; 98 = Unreported; 99 = Unknown</attrdef></attr><attr xmlns=""><attrlabl Sync="TRUE">TRAF_FLO</attrlabl><attalias Sync="TRUE">TRAF_FLO</attalias><attrtype Sync="TRUE">Double</attrtype><attwidth Sync="TRUE">19</attwidth><atprecis Sync="TRUE">0</atprecis><attscale Sync="TRUE">0</attscale><attrdef>Traffic Flow</attrdef></attr><attr xmlns=""><attrlabl Sync="TRUE">NO_LANES</attrlabl><attalias Sync="TRUE">NO_LANES</attalias><attrtype Sync="TRUE">Double</attrtype><attwidth Sync="TRUE">19</attwidth><atprecis Sync="TRUE">0</atprecis><attscale Sync="TRUE">0</attscale><attrdef>Number of Lanes</attrdef></attr><attr xmlns=""><attrlabl Sync="TRUE">SP_LIMIT</attrlabl><attalias Sync="TRUE">SP_LIMIT</attalias><attrtype Sync="TRUE">Double</attrtype><attwidth Sync="TRUE">19</attwidth><atprecis Sync="TRUE">0</atprecis><attscale Sync="TRUE">0</attscale><attrdef>Speed Limit</attrdef></attr><attr xmlns=""><attrlabl Sync="TRUE">ALIGNMNT</attrlabl><attalias Sync="TRUE">ALIGNMNT</attalias><attrtype Sync="TRUE">Double</attrtype><attwidth Sync="TRUE">19</attwidth><atprecis Sync="TRUE">0</atprecis><attscale Sync="TRUE">0</attscale><attrdef>Alignment</attrdef></attr><attr xmlns=""><attrlabl Sync="TRUE">PROFILE</attrlabl><attalias Sync="TRUE">PROFILE</attalias><attrtype Sync="TRUE">Double</attrtype><attwidth Sync="TRUE">19</attwidth><atprecis Sync="TRUE">0</atprecis><attscale Sync="TRUE">0</attscale><attrdef>Profile</attrdef></attr><attr xmlns=""><attrlabl Sync="TRUE">PAVE_TYP</attrlabl><attalias Sync="TRUE">PAVE_TYP</attalias><attrtype Sync="TRUE">Double</attrtype><attwidth Sync="TRUE">19</attwidth><atprecis Sync="TRUE">0</atprecis><attscale Sync="TRUE">0</attscale><attrdef>Pavement Type</attrdef></attr><attr xmlns=""><attrlabl Sync="TRUE">SUR_COND</attrlabl><attalias Sync="TRUE">SUR_COND</attalias><attrtype Sync="TRUE">Double</attrtype><attwidth Sync="TRUE">19</attwidth><atprecis Sync="TRUE">0</atprecis><attscale Sync="TRUE">0</attscale><attrdef>Surface Condition</attrdef></attr><attr xmlns=""><attrlabl Sync="TRUE">TRA_CONT</attrlabl><attalias Sync="TRUE">TRA_CONT</attalias><attrtype Sync="TRUE">Double</attrtype><attwidth Sync="TRUE">19</attwidth><atprecis Sync="TRUE">0</atprecis><attscale Sync="TRUE">0</attscale><attrdef>Traffic Controls</attrdef></attr><attr xmlns=""><attrlabl Sync="TRUE">T_CONT_F</attrlabl><attalias Sync="TRUE">T_CONT_F</attalias><attrtype Sync="TRUE">Double</attrtype><attwidth Sync="TRUE">19</attwidth><atprecis Sync="TRUE">0</atprecis><attscale Sync="TRUE">0</attscale><attrdef>Traffic Controls Function</attrdef></attr><attr xmlns=""><attrlabl Sync="TRUE">HIT_RUN</attrlabl><attalias Sync="TRUE">HIT_RUN</attalias><attrtype Sync="TRUE">Double</attrtype><attwidth Sync="TRUE">19</attwidth><atprecis Sync="TRUE">0</atprecis><attscale Sync="TRUE">0</attscale><attrdef>Hit and Run</attrdef></attr><attr><attrlabl Sync="TRUE">WEATHER1</attrlabl><attalias Sync="TRUE">WEATHER1</attalias><attrtype Sync="TRUE">Double</attrtype><attwidth Sync="TRUE">19</attwidth><atprecis Sync="TRUE">0</atprecis><attscale Sync="TRUE">0</attscale></attr><attr><attrlabl Sync="TRUE">WEATHER2</attrlabl><attalias Sync="TRUE">WEATHER2</attalias><attrtype Sync="TRUE">Double</attrtype><attwidth Sync="TRUE">19</attwidth><atprecis Sync="TRUE">0</atprecis><attscale Sync="TRUE">0</attscale></attr><attr xmlns=""><attrlabl Sync="TRUE">LGT_COND</attrlabl><attalias Sync="TRUE">LGT_COND</attalias><attrtype Sync="TRUE">Double</attrtype><attwidth Sync="TRUE">19</attwidth><atprecis Sync="TRUE">0</atprecis><attscale Sync="TRUE">0</attscale><attrdef>Light Condition.  This data element records the type/level of light that existed at the time of the crash as indicated in the case material. 1 = Daylight; 2 = Dark; 3 = Dark but lighted; 4 = Dawn; 5 = Dusk; 6 = Dark - Unknown Lighting; 7 = Other; 8 = Not Reported; 9 = Unknown</attrdef></attr><attr xmlns=""><attrlabl Sync="TRUE">WEATHER</attrlabl><attalias Sync="TRUE">WEATHER</attalias><attrtype Sync="TRUE">Double</attrtype><attwidth Sync="TRUE">19</attwidth><atprecis Sync="TRUE">0</atprecis><attscale Sync="TRUE">0</attscale><attrdef>Atmospheric Conditions.  THis data element records the prevailing atmospheric conditions that existed at the time of the craseh as indicated in the case material.  See PDF of FARS metadata for complete list of codes.</attrdef></attr><attr xmlns=""><attrlabl Sync="TRUE">C_M_ZONE</attrlabl><attalias Sync="TRUE">C_M_ZONE</attalias><attrtype Sync="TRUE">Double</attrtype><attwidth Sync="TRUE">19</attwidth><atprecis Sync="TRUE">0</atprecis><attscale Sync="TRUE">0</attscale><attrdef>Work Zone.  THis data element identifies a motor vehicle traffic crash in which the first harmful event occurs within the boundaries of a work zone or on an approach to or exit from a work zone, resulting from an activity,m behavior, or control related to the movement of the traffic units through the work zone.  0 = None; 1 = Construction; 2 = Maintenance; 3 = Utility; 4 = Work Zone, type unknown; 8 = Not Reported</attrdef></attr><attr xmlns=""><attrlabl Sync="TRUE">NOT_HOUR</attrlabl><attalias Sync="TRUE">NOT_HOUR</attalias><attrtype Sync="TRUE">Double</attrtype><attwidth Sync="TRUE">19</attwidth><atprecis Sync="TRUE">0</atprecis><attscale Sync="TRUE">0</attscale><attrdef>Hour of Notification.  This data element records the hour that emergency medical service was notified.</attrdef></attr><attr xmlns=""><attrlabl Sync="TRUE">NOT_MIN</attrlabl><attalias Sync="TRUE">NOT_MIN</attalias><attrtype Sync="TRUE">Double</attrtype><attwidth Sync="TRUE">19</attwidth><atprecis Sync="TRUE">0</atprecis><attscale Sync="TRUE">0</attscale><attrdef>Minute of Notification.  This data element records the minutes after the hour that emergency medical service was notified.</attrdef></attr><attr xmlns=""><attrlabl Sync="TRUE">ARR_HOUR</attrlabl><attalias Sync="TRUE">ARR_HOUR</attalias><attrtype Sync="TRUE">Double</attrtype><attwidth Sync="TRUE">19</attwidth><atprecis Sync="TRUE">0</atprecis><attscale Sync="TRUE">0</attscale><attrdef>Hour of Arrival at Scene.  This data element recofrds the hour that emergency medical service arrived on the crash scene</attrdef></attr><attr xmlns=""><attrlabl Sync="TRUE">ARR_MIN</attrlabl><attalias Sync="TRUE">ARR_MIN</attalias><attrtype Sync="TRUE">Double</attrtype><attwidth Sync="TRUE">19</attwidth><atprecis Sync="TRUE">0</atprecis><attscale Sync="TRUE">0</attscale><attrdef>Minute of Arrival at Scene.  This data element records the minutes after the hour that emergency medical service arrived on the crash scene</attrdef></attr><attr xmlns=""><attrlabl Sync="TRUE">HOSP_HR</attrlabl><attalias Sync="TRUE">HOSP_HR</attalias><attrtype Sync="TRUE">Double</attrtype><attwidth Sync="TRUE">19</attwidth><atprecis Sync="TRUE">0</atprecis><attscale Sync="TRUE">0</attscale><attrdef>Hour of EMS arrival at Hospital. This data element records the hour that emergency medical service arrived on the treatment facility</attrdef></attr><attr xmlns=""><attrlabl Sync="TRUE">HOSP_MN</attrlabl><attalias Sync="TRUE">HOSP_MN</attalias><attrtype Sync="TRUE">Double</attrtype><attwidth Sync="TRUE">19</attwidth><atprecis Sync="TRUE">0</atprecis><attscale Sync="TRUE">0</attscale><attrdef>Minutes of EMS arrival at Hospital. This data element records the minutes after the hour that emergency medical service arrived on the treatment facility</attrdef></attr><attr xmlns=""><attrlabl Sync="TRUE">SCH_BUS</attrlabl><attalias Sync="TRUE">SCH_BUS</attalias><attrtype Sync="TRUE">Double</attrtype><attwidth Sync="TRUE">19</attwidth><atprecis Sync="TRUE">0</atprecis><attscale Sync="TRUE">0</attscale><attrdef>School Bus Related.  This data element identifies if a school bus, or motor vehicle functioning as a school bus, is related to the crash.</attrdef></attr><attr xmlns=""><attrlabl Sync="TRUE">CF1</attrlabl><attalias Sync="TRUE">CF1</attalias><attrtype Sync="TRUE">Double</attrtype><attwidth Sync="TRUE">19</attwidth><atprecis Sync="TRUE">0</atprecis><attscale Sync="TRUE">0</attscale><attrdef>Related Factors - Crash Level.  This data element records factors related to the crash expressed by the investigating officer.  See PDF of FARS metadata for complete list of codes.</attrdef></attr><attr xmlns=""><attrlabl Sync="TRUE">CF2</attrlabl><attalias Sync="TRUE">CF2</attalias><attrtype Sync="TRUE">Double</attrtype><attwidth Sync="TRUE">19</attwidth><atprecis Sync="TRUE">0</atprecis><attscale Sync="TRUE">0</attscale><attrdef>Related Factors - Crash Level.  This data element records factors related to the crash expressed by the investigating officer.  See PDF of FARS metadata for complete list of codes.</attrdef></attr><attr xmlns=""><attrlabl Sync="TRUE">CF3</attrlabl><attalias Sync="TRUE">CF3</attalias><attrtype Sync="TRUE">Double</attrtype><attwidth Sync="TRUE">19</attwidth><atprecis Sync="TRUE">0</atprecis><attscale Sync="TRUE">0</attscale><attrdef>Related Factors - Crash Level.  This data element records factors related to the crash expressed by the investigating officer.  See PDF of FARS metadata for complete list of codes.</attrdef></attr><attr xmlns=""><attrlabl Sync="TRUE">FATALS</attrlabl><attalias Sync="TRUE">FATALS</attalias><attrtype Sync="TRUE">Double</attrtype><attwidth Sync="TRUE">19</attwidth><atprecis Sync="TRUE">0</atprecis><attscale Sync="TRUE">0</attscale><attrdef>This data element records the number of fatally injured persons in the crash and is derived by counting all persons with an Injury Severity of 4 in the crash.  See PDF of FARS metadata for more information.</attrdef></attr><attr xmlns=""><attrlabl Sync="TRUE">DAY_WEEK</attrlabl><attalias Sync="TRUE">DAY_WEEK</attalias><attrtype Sync="TRUE">Double</attrtype><attwidth Sync="TRUE">19</attwidth><atprecis Sync="TRUE">0</atprecis><attscale Sync="TRUE">0</attscale><attrdef>Day of the Week when the crash occurred</attrdef></attr><attr xmlns=""><attrlabl Sync="TRUE">DRUNK_DR</attrlabl><attalias Sync="TRUE">DRUNK_DR</attalias><attrtype Sync="TRUE">Double</attrtype><attwidth Sync="TRUE">19</attwidth><atprecis Sync="TRUE">0</atprecis><attscale Sync="TRUE">0</attscale><attrdef>This data element records the number of drunk drivers involved in the fatal crash. This data element may undercount the actual number of drunk drivers. For detailed analysis of alcohol involvement, the alcohol data files should be used.</attrdef></attr><attr xmlns=""><attrlabl Sync="TRUE">ST_CASE</attrlabl><attalias Sync="TRUE">ST_CASE</attalias><attrtype Sync="TRUE">Double</attrtype><attwidth Sync="TRUE">19</attwidth><atprecis Sync="TRUE">0</atprecis><attscale Sync="TRUE">0</attscale><attrdef>Two characters for the State FIPS Code followed by 4 Characters for the Case Number.  This data element is the unique case number assigned to each crash.  It appears on each data file and is used to JOIN or MERGE informatin from the data files together.</attrdef></attr><attr xmlns=""><attrlabl Sync="TRUE">CITY</attrlabl><attalias Sync="TRUE">CITY</attalias><attrtype Sync="TRUE">Double</attrtype><attwidth Sync="TRUE">19</attwidth><atprecis Sync="TRUE">0</atprecis><attscale Sync="TRUE">0</attscale><attrdef>This data element records the location of the unstabilized event with regard to the City. The codes are from the General Services Administration's (GSA) publication of worldwide Geographic Location Codes.</attrdef></attr><attr xmlns=""><attrlabl Sync="TRUE">MILEPT</attrlabl><attalias Sync="TRUE">MILEPT</attalias><attrtype Sync="TRUE">Double</attrtype><attwidth Sync="TRUE">19</attwidth><atprecis Sync="TRUE">0</atprecis><attscale Sync="TRUE">0</attscale><attrdef>This data element records the Milepost nearest to the location where the crash occurred.</attrdef></attr><attr><attrlabl Sync="TRUE">TWAY_ID2</attrlabl><attalias Sync="TRUE">TWAY_ID2</attalias><attrtype Sync="TRUE">String</attrtype><attwidth Sync="TRUE">20</attwidth><atprecis Sync="TRUE">0</atprecis><attscale Sync="TRUE">0</attscale></attr><attr xmlns=""><attrlabl Sync="TRUE">YEAR</attrlabl><attalias Sync="TRUE">YEAR</attalias><attrtype Sync="TRUE">Double</attrtype><attwidth Sync="TRUE">19</attwidth><atprecis Sync="TRUE">0</atprecis><attscale Sync="TRUE">0</attscale><attrdef>This data element records the year in which the crash occurrred</attrdef></attr><attr xmlns=""><attrlabl Sync="TRUE">TWAY_ID</attrlabl><attalias Sync="TRUE">TWAY_ID</attalias><attrtype Sync="TRUE">String</attrtype><attwidth Sync="TRUE">20</attwidth><atprecis Sync="TRUE">0</atprecis><attscale Sync="TRUE">0</attscale><attrdef>This data element records the trafficway on which the crash occurred.</attrdef></attr><attr xmlns=""><attrlabl Sync="TRUE">RAIL</attrlabl><attalias Sync="TRUE">RAIL</attalias><attrtype Sync="TRUE">String</attrtype><attwidth Sync="TRUE">7</attwidth><atprecis Sync="TRUE">0</atprecis><attscale Sync="TRUE">0</attscale><attrdef>This data element identifies if the crash occurred in or near a rail grade crossing</attrdef></attr><attr xmlns=""><attrlabl Sync="TRUE">latitude</attrlabl><attalias Sync="TRUE">latitude</attalias><attrtype Sync="TRUE">Double</attrtype><attwidth Sync="TRUE">19</attwidth><atprecis Sync="TRUE">0</atprecis><attscale Sync="TRUE">0</attscale><attrdef>Crash latitude as a single value, in decimal degrees. Unknown locations coded as 77.7777777 or 99.9999999</attrdef></attr><attr xmlns=""><attrlabl Sync="TRUE">longitud</attrlabl><attalias Sync="TRUE">longitud</attalias><attrtype Sync="TRUE">Double</attrtype><attwidth Sync="TRUE">19</attwidth><atprecis Sync="TRUE">0</atprecis><attscale Sync="TRUE">0</attscale><attrdef>Crash longitude as a single value, in decimal degrees.  Unknown locations coded as 77.7777777 or 99.9999999</attrdef></attr></detailed></eainfo><mdDateSt Sync="TRUE">20170601</mdDateSt><mdMaint xmlns=""><maintFreq><MaintFreqCd value="008"/></maintFreq></mdMaint><refSysInfo><RefSystem><refSysID><identCode code="4326" Sync="TRUE"/><idCodeSpace Sync="TRUE">EPSG</idCodeSpace><idVersion Sync="TRUE">6.14(3.0.1)</idVersion></refSysID></RefSystem></refSysInfo><mdContact xmlns=""><rpIndName>Office of the Assistant Secretary for Research and Technology/Bureau of Transportation Statistics</rpIndName><rpOrgName>National Highway Traffic Safety Administration</rpOrgName><role><RoleCd value="010"/></role><displayName>Office of the Assistant Secretary for Research and Technology/Bureau of Transportation Statistics</displayName></mdContact><dqInfo xmlns=""><dqScope><scpLvl><ScopeCd value="005"/></scpLvl></dqScope></dqInfo></metadata>
