<?xml version="1.0" encoding="UTF-8" standalone="no"?>
<!-- pycsw 2.4.0 -->
<csw:GetRecordByIdResponse xmlns:atom="http://www.w3.org/2005/Atom" xmlns:csw="http://www.opengis.net/cat/csw/2.0.2" xmlns:dc="http://purl.org/dc/elements/1.1/" xmlns:dct="http://purl.org/dc/terms/" xmlns:gmd="http://www.isotc211.org/2005/gmd" xmlns:gml="http://www.opengis.net/gml" xmlns:ows="http://www.opengis.net/ows" xmlns:xs="http://www.w3.org/2001/XMLSchema" xmlns:xsi="http://www.w3.org/2001/XMLSchema-instance" xsi:schemaLocation="http://www.opengis.net/cat/csw/2.0.2 http://schemas.opengis.net/csw/2.0.2/CSW-discovery.xsd">
  <atom:entry xmlns:georss="http://www.georss.org/georss" xsi:schemaLocation="http://www.w3.org/2005/Atom http://www.kbcafe.com/rss/atom.xsd.xml">
    <atom:author>
      <atom:name>pyager1</atom:name>
    </atom:author>
    <atom:category term="boundaries"/>
    <atom:category term="neighborhoods"/>
    <atom:category term="population"/>
    <atom:contributor>pyager1</atom:contributor>
    <atom:id>dd9b009e-921f-11e9-aaa8-0242ac120003</atom:id>
    <dc:identifier>dd9b009e-921f-11e9-aaa8-0242ac120003</dc:identifier>
    <atom:link href="http://dataexchange.asu.edu:80/gs/ows?service=WMS&amp;request=GetLegendGraphic&amp;format=image/png&amp;WIDTH=20&amp;HEIGHT=20&amp;LAYER=geonode:Incorportated_Arizona_Cities0&amp;STYLE=Incorportated_Arizona_Cities0&amp;legend_options=fontAntiAliasing:true;fontSize:12;forceLabels:on" title="Incorporated Arizona Cities (Legend Format)" type="WWW:DOWNLOAD-1.0-http--download"/>
    <atom:link href="http://dataexchange.asu.edu:80/gs/ows?layers=geonode%3AIncorportated_Arizona_Cities0&amp;service=WMS&amp;format=image%2Fpng&amp;request=GetMap&amp;height=550&amp;width=469&amp;bbox=141686.616865412000000%2C3466476.374904340000000%2C680109.350290515000000%2C4096759.591689120000000&amp;srs=EPSG%3A3742" title="Incorporated Arizona Cities (PNG Format)" type="WWW:DOWNLOAD-1.0-http--download"/>
    <atom:link href="http://dataexchange.asu.edu:80/gs/ows?layers=geonode%3AIncorportated_Arizona_Cities0&amp;service=WMS&amp;format=application%2Fpdf&amp;request=GetMap&amp;height=550&amp;width=469&amp;bbox=141686.616865412000000%2C3466476.374904340000000%2C680109.350290515000000%2C4096759.591689120000000&amp;srs=EPSG%3A3742" title="Incorporated Arizona Cities (PDF Format)" type="WWW:DOWNLOAD-1.0-http--download"/>
    <atom:link href="http://dataexchange.asu.edu:80/gs/ows?layers=geonode%3AIncorportated_Arizona_Cities0&amp;service=WMS&amp;format=image%2Fjpeg&amp;request=GetMap&amp;height=550&amp;width=469&amp;bbox=141686.616865412000000%2C3466476.374904340000000%2C680109.350290515000000%2C4096759.591689120000000&amp;srs=EPSG%3A3742" title="Incorporated Arizona Cities (JPEG Format)" type="WWW:DOWNLOAD-1.0-http--download"/>
    <atom:link href="http://dataexchange.asu.edu:80/gs/ows" title="OGC WMS: geonode Service" type="OGC:WMS"/>
    <atom:link href="http://dataexchange.asu.edu:80/layers/geonode:Incorportated_Arizona_Cities0" title="Web address (URL)" type="WWW:LINK-1.0-http--link"/>
    <atom:link href="http://dataexchange.asu.edu:80/gs/ows?srsName=EPSG%3A3742&amp;outputFormat=json&amp;service=WFS&amp;srs=EPSG%3A3742&amp;request=GetFeature&amp;typename=geonode%3AIncorportated_Arizona_Cities0&amp;version=1.0.0" title="Incorporated Arizona Cities (GeoJSON Format)" type="WWW:DOWNLOAD-1.0-http--download"/>
    <atom:link href="http://dataexchange.asu.edu:80/gs/ows?outputFormat=excel&amp;service=WFS&amp;srs=EPSG%3A3742&amp;request=GetFeature&amp;typename=geonode%3AIncorportated_Arizona_Cities0&amp;version=1.0.0" title="Incorporated Arizona Cities (Excel Format)" type="WWW:DOWNLOAD-1.0-http--download"/>
    <atom:link href="http://dataexchange.asu.edu:80/gs/ows?outputFormat=csv&amp;service=WFS&amp;srs=EPSG%3A3742&amp;request=GetFeature&amp;typename=geonode%3AIncorportated_Arizona_Cities0&amp;version=1.0.0" title="Incorporated Arizona Cities (CSV Format)" type="WWW:DOWNLOAD-1.0-http--download"/>
    <atom:link href="http://dataexchange.asu.edu:80/gs/ows?outputFormat=text%2Fxml%3B+subtype%3Dgml%2F3.1.1&amp;service=WFS&amp;srs=EPSG%3A3742&amp;request=GetFeature&amp;typename=geonode%3AIncorportated_Arizona_Cities0&amp;version=1.0.0" title="Incorporated Arizona Cities (GML 3.1.1 Format)" type="WWW:DOWNLOAD-1.0-http--download"/>
    <atom:link href="http://dataexchange.asu.edu:80/gs/ows?outputFormat=gml2&amp;service=WFS&amp;srs=EPSG%3A3742&amp;request=GetFeature&amp;typename=geonode%3AIncorportated_Arizona_Cities0&amp;version=1.0.0" title="Incorporated Arizona Cities (GML 2.0 Format)" type="WWW:DOWNLOAD-1.0-http--download"/>
    <atom:link href="http://dataexchange.asu.edu:80/gs/ows?outputFormat=SHAPE-ZIP&amp;service=WFS&amp;srs=EPSG%3A3742&amp;request=GetFeature&amp;format_options=charset%3AUTF-8&amp;typename=geonode%3AIncorportated_Arizona_Cities0&amp;version=1.0.0" title="Incorporated Arizona Cities (Zipped Shapefile Format)" type="WWW:DOWNLOAD-1.0-http--download"/>
    <atom:link href="http://dataexchange.asu.edu:80/download/16" title="Incorporated Arizona Cities (Original Dataset Format)" type="WWW:DOWNLOAD-1.0-http--download"/>
    <atom:link href="http://dataexchange.asu.edu:80/catalogue/csw?service=CSW&amp;version=2.0.2&amp;request=GetRepositoryItem&amp;id=dd9b009e-921f-11e9-aaa8-0242ac120003"/>
    <atom:title>Incorporated Arizona Cities</atom:title>
    <atom:updated>2019-06-18T23:22:00Z</atom:updated>
    <atom:published>2019-06-18T23:22:00Z</atom:published>
    <atom:rights>otherRestrictions</atom:rights>
    <atom:summary>This data set consists of all incorporated city boundaries throughout Arizona. The data is updated continually throughout the year by the Arizona State Land Department and published approximately quarterly. Population counts for each city are included in the data set</atom:summary>
    <georss:where>
      <gml:Envelope srsName="http://www.opengis.net/def/crs/EPSG/0/4326">
        <gml:lowerCorner>31.2775487667 -115.023453475</gml:lowerCorner>
        <gml:upperCorner>36.9997489746 -108.975878907</gml:upperCorner>
      </gml:Envelope>
    </georss:where>
  </atom:entry>
</csw:GetRecordByIdResponse>
