<?xml version="1.0" encoding="UTF-8" standalone="no"?>
<!-- pycsw 2.4.0 -->
<csw:GetRecordByIdResponse xmlns:atom="http://www.w3.org/2005/Atom" xmlns:csw="http://www.opengis.net/cat/csw/2.0.2" xmlns:dc="http://purl.org/dc/elements/1.1/" xmlns:dct="http://purl.org/dc/terms/" xmlns:gmd="http://www.isotc211.org/2005/gmd" xmlns:gml="http://www.opengis.net/gml" xmlns:ows="http://www.opengis.net/ows" xmlns:xs="http://www.w3.org/2001/XMLSchema" xmlns:xsi="http://www.w3.org/2001/XMLSchema-instance" xsi:schemaLocation="http://www.opengis.net/cat/csw/2.0.2 http://schemas.opengis.net/csw/2.0.2/CSW-discovery.xsd">
  <atom:entry xmlns:georss="http://www.georss.org/georss" xsi:schemaLocation="http://www.w3.org/2005/Atom http://www.kbcafe.com/rss/atom.xsd.xml">
    <atom:author>
      <atom:name>nnetraga</atom:name>
    </atom:author>
    <atom:category term="boundary"/>
    <atom:category term="population"/>
    <atom:category term="public heath"/>
    <atom:contributor>nnetraga</atom:contributor>
    <atom:id>559b179a-9131-11e9-b23d-0242ac120003</atom:id>
    <dc:identifier>559b179a-9131-11e9-b23d-0242ac120003</dc:identifier>
    <atom:link href="http://dataexchange.asu.edu:80/download/10" title="Heat morbidity (Original Dataset Format)" type="WWW:DOWNLOAD-1.0-http--download"/>
    <atom:link href="http://dataexchange.asu.edu:80/gs/ows?outputFormat=SHAPE-ZIP&amp;service=WFS&amp;srs=EPSG%3A2868&amp;request=GetFeature&amp;format_options=charset%3AUTF-8&amp;typename=geonode%3AHeat_morbidities_by_census_tract_2012_to_2016&amp;version=1.0.0" title="Heat morbidity (Zipped Shapefile Format)" type="WWW:DOWNLOAD-1.0-http--download"/>
    <atom:link href="http://dataexchange.asu.edu:80/gs/ows?outputFormat=gml2&amp;service=WFS&amp;srs=EPSG%3A2868&amp;request=GetFeature&amp;typename=geonode%3AHeat_morbidities_by_census_tract_2012_to_2016&amp;version=1.0.0" title="Heat morbidity (GML 2.0 Format)" type="WWW:DOWNLOAD-1.0-http--download"/>
    <atom:link href="http://dataexchange.asu.edu:80/gs/ows?outputFormat=text%2Fxml%3B+subtype%3Dgml%2F3.1.1&amp;service=WFS&amp;srs=EPSG%3A2868&amp;request=GetFeature&amp;typename=geonode%3AHeat_morbidities_by_census_tract_2012_to_2016&amp;version=1.0.0" title="Heat morbidity (GML 3.1.1 Format)" type="WWW:DOWNLOAD-1.0-http--download"/>
    <atom:link href="http://dataexchange.asu.edu:80/gs/ows?outputFormat=csv&amp;service=WFS&amp;srs=EPSG%3A2868&amp;request=GetFeature&amp;typename=geonode%3AHeat_morbidities_by_census_tract_2012_to_2016&amp;version=1.0.0" title="Heat morbidity (CSV Format)" type="WWW:DOWNLOAD-1.0-http--download"/>
    <atom:link href="http://dataexchange.asu.edu:80/gs/ows?outputFormat=excel&amp;service=WFS&amp;srs=EPSG%3A2868&amp;request=GetFeature&amp;typename=geonode%3AHeat_morbidities_by_census_tract_2012_to_2016&amp;version=1.0.0" title="Heat morbidity (Excel Format)" type="WWW:DOWNLOAD-1.0-http--download"/>
    <atom:link href="http://dataexchange.asu.edu:80/gs/ows?srsName=EPSG%3A2868&amp;outputFormat=json&amp;service=WFS&amp;srs=EPSG%3A2868&amp;request=GetFeature&amp;typename=geonode%3AHeat_morbidities_by_census_tract_2012_to_2016&amp;version=1.0.0" title="Heat morbidity (GeoJSON Format)" type="WWW:DOWNLOAD-1.0-http--download"/>
    <atom:link href="http://dataexchange.asu.edu:80/layers/geonode:Heat_morbidities_by_census_tract_2012_to_2016" title="Web address (URL)" type="WWW:LINK-1.0-http--link"/>
    <atom:link href="http://dataexchange.asu.edu:80/gs/ows" title="OGC WMS: geonode Service" type="OGC:WMS"/>
    <atom:link href="http://dataexchange.asu.edu:80/gs/ows?layers=geonode%3AHeat_morbidities_by_census_tract_2012_to_2016&amp;service=WMS&amp;format=image%2Fjpeg&amp;request=GetMap&amp;height=550&amp;width=690&amp;bbox=263080.830380578000000%2C548087.286745407000000%2C967371.196522310000000%2C1109005.250984250000000&amp;srs=EPSG%3A2868" title="Heat morbidity (JPEG Format)" type="WWW:DOWNLOAD-1.0-http--download"/>
    <atom:link href="http://dataexchange.asu.edu:80/gs/ows?layers=geonode%3AHeat_morbidities_by_census_tract_2012_to_2016&amp;service=WMS&amp;format=application%2Fpdf&amp;request=GetMap&amp;height=550&amp;width=690&amp;bbox=263080.830380578000000%2C548087.286745407000000%2C967371.196522310000000%2C1109005.250984250000000&amp;srs=EPSG%3A2868" title="Heat morbidity (PDF Format)" type="WWW:DOWNLOAD-1.0-http--download"/>
    <atom:link href="http://dataexchange.asu.edu:80/gs/ows?layers=geonode%3AHeat_morbidities_by_census_tract_2012_to_2016&amp;service=WMS&amp;format=image%2Fpng&amp;request=GetMap&amp;height=550&amp;width=690&amp;bbox=263080.830380578000000%2C548087.286745407000000%2C967371.196522310000000%2C1109005.250984250000000&amp;srs=EPSG%3A2868" title="Heat morbidity (PNG Format)" type="WWW:DOWNLOAD-1.0-http--download"/>
    <atom:link href="http://dataexchange.asu.edu:80/uploaded/thumbs/layer-559b179a-9131-11e9-b23d-0242ac120003-thumb.png" title="Heat morbidity (Thumbnail Format)" type="WWW:DOWNLOAD-1.0-http--download"/>
    <atom:link href="http://dataexchange.asu.edu:80/gs/ows?service=WMS&amp;request=GetLegendGraphic&amp;format=image/png&amp;WIDTH=20&amp;HEIGHT=20&amp;LAYER=geonode:Heat_morbidities_by_census_tract_2012_to_2016&amp;STYLE=Heat_morbidities_by_census_tract_2012_to_2016&amp;legend_options=fontAntiAliasing:true;fontSize:12;forceLabels:on" title="Heat morbidity (Legend Format)" type="WWW:DOWNLOAD-1.0-http--download"/>
    <atom:link href="http://dataexchange.asu.edu:80/gs/ows?service=WMS&amp;request=GetLegendGraphic&amp;format=image/png&amp;WIDTH=20&amp;HEIGHT=20&amp;LAYER=geonode:Heat_morbidities_by_census_tract_2012_to_2016&amp;STYLE=Heat_morbidities_by_census_tract_2012_to_2016&amp;legend_options=fontAntiAliasing:true;fontSize:12;forceLabels:on" title="Heat morbidity (Legend Format)" type="WWW:DOWNLOAD-1.0-http--download"/>
    <atom:link href="http://dataexchange.asu.edu:80/catalogue/csw?service=CSW&amp;version=2.0.2&amp;request=GetRepositoryItem&amp;id=559b179a-9131-11e9-b23d-0242ac120003"/>
    <atom:title>Heat morbidity</atom:title>
    <atom:updated>2019-06-17T18:54:00Z</atom:updated>
    <atom:published>2019-06-17T18:54:00Z</atom:published>
    <atom:summary>Polygon data about the number of deaths due to heat in the Maricopa County. The data was collected by Census Tract for the period of 2012 to 2016. The data includes the shape area and dimensions of each divided census area and the morbidity deaths per of that region. The data can be used for analysis of the effect of extreme heat on the Arizona population.</atom:summary>
    <georss:where>
      <gml:Envelope srsName="http://www.opengis.net/def/crs/EPSG/0/4326">
        <gml:lowerCorner>32.4987820405 -113.358932485</gml:lowerCorner>
        <gml:upperCorner>34.0452567234 -111.034000245</gml:upperCorner>
      </gml:Envelope>
    </georss:where>
  </atom:entry>
</csw:GetRecordByIdResponse>
