<?xml version="1.0" encoding="UTF-8" standalone="no"?>
<!-- pycsw 2.4.0 -->
<csw:GetRecordByIdResponse xmlns:atom="http://www.w3.org/2005/Atom" xmlns:csw="http://www.opengis.net/cat/csw/2.0.2" xmlns:dc="http://purl.org/dc/elements/1.1/" xmlns:dct="http://purl.org/dc/terms/" xmlns:gmd="http://www.isotc211.org/2005/gmd" xmlns:gml="http://www.opengis.net/gml" xmlns:ows="http://www.opengis.net/ows" xmlns:xs="http://www.w3.org/2001/XMLSchema" xmlns:xsi="http://www.w3.org/2001/XMLSchema-instance" xsi:schemaLocation="http://www.opengis.net/cat/csw/2.0.2 http://schemas.opengis.net/csw/2.0.2/CSW-discovery.xsd">
  <atom:entry xmlns:georss="http://www.georss.org/georss" xsi:schemaLocation="http://www.w3.org/2005/Atom http://www.kbcafe.com/rss/atom.xsd.xml">
    <atom:author>
      <atom:name>pmshea</atom:name>
    </atom:author>
    <atom:category term="boundary"/>
    <atom:category term="features"/>
    <atom:category term="municipal"/>
    <atom:category term="phoenix"/>
    <atom:category term="urban village"/>
    <atom:category term="urban villages"/>
    <atom:category term="Villages"/>
    <atom:contributor>pmshea</atom:contributor>
    <atom:id>64d4d4ac-b568-11e9-97f6-0242ac120004</atom:id>
    <dc:identifier>64d4d4ac-b568-11e9-97f6-0242ac120004</dc:identifier>
    <atom:link href="http://dataexchange.asu.edu:80/gs/ows?service=WMS&amp;request=GetLegendGraphic&amp;format=image/png&amp;WIDTH=20&amp;HEIGHT=20&amp;LAYER=geonode:Villages&amp;STYLE=Villages&amp;legend_options=fontAntiAliasing:true;fontSize:12;forceLabels:on" title="Phoenix Urban Villages (Legend Format)" type="WWW:DOWNLOAD-1.0-http--download"/>
    <atom:link href="http://dataexchange.asu.edu:80/gs/ows?layers=geonode%3AVillages&amp;service=WMS&amp;format=image%2Fpng&amp;request=GetMap&amp;height=550&amp;width=274&amp;bbox=575830.562992126000000%2C833273.687992126000000%2C697309.750000000000000%2C1076283.857939630000000&amp;srs=EPSG%3A2868" title="Phoenix Urban Villages (PNG Format)" type="WWW:DOWNLOAD-1.0-http--download"/>
    <atom:link href="http://dataexchange.asu.edu:80/gs/ows?layers=geonode%3AVillages&amp;service=WMS&amp;format=application%2Fpdf&amp;request=GetMap&amp;height=550&amp;width=274&amp;bbox=575830.562992126000000%2C833273.687992126000000%2C697309.750000000000000%2C1076283.857939630000000&amp;srs=EPSG%3A2868" title="Phoenix Urban Villages (PDF Format)" type="WWW:DOWNLOAD-1.0-http--download"/>
    <atom:link href="http://dataexchange.asu.edu:80/gs/ows?layers=geonode%3AVillages&amp;service=WMS&amp;format=image%2Fjpeg&amp;request=GetMap&amp;height=550&amp;width=274&amp;bbox=575830.562992126000000%2C833273.687992126000000%2C697309.750000000000000%2C1076283.857939630000000&amp;srs=EPSG%3A2868" title="Phoenix Urban Villages (JPEG Format)" type="WWW:DOWNLOAD-1.0-http--download"/>
    <atom:link href="http://dataexchange.asu.edu:80/gs/ows" title="OGC WMS: geonode Service" type="OGC:WMS"/>
    <atom:link href="http://dataexchange.asu.edu:80/layers/geonode:Villages" title="Web address (URL)" type="WWW:LINK-1.0-http--link"/>
    <atom:link href="http://dataexchange.asu.edu:80/gs/ows?srsName=EPSG%3A2868&amp;outputFormat=json&amp;service=WFS&amp;srs=EPSG%3A2868&amp;request=GetFeature&amp;typename=geonode%3AVillages&amp;version=1.0.0" title="Phoenix Urban Villages (GeoJSON Format)" type="WWW:DOWNLOAD-1.0-http--download"/>
    <atom:link href="http://dataexchange.asu.edu:80/gs/ows?outputFormat=excel&amp;service=WFS&amp;srs=EPSG%3A2868&amp;request=GetFeature&amp;typename=geonode%3AVillages&amp;version=1.0.0" title="Phoenix Urban Villages (Excel Format)" type="WWW:DOWNLOAD-1.0-http--download"/>
    <atom:link href="http://dataexchange.asu.edu:80/gs/ows?outputFormat=csv&amp;service=WFS&amp;srs=EPSG%3A2868&amp;request=GetFeature&amp;typename=geonode%3AVillages&amp;version=1.0.0" title="Phoenix Urban Villages (CSV Format)" type="WWW:DOWNLOAD-1.0-http--download"/>
    <atom:link href="http://dataexchange.asu.edu:80/gs/ows?outputFormat=text%2Fxml%3B+subtype%3Dgml%2F3.1.1&amp;service=WFS&amp;srs=EPSG%3A2868&amp;request=GetFeature&amp;typename=geonode%3AVillages&amp;version=1.0.0" title="Phoenix Urban Villages (GML 3.1.1 Format)" type="WWW:DOWNLOAD-1.0-http--download"/>
    <atom:link href="http://dataexchange.asu.edu:80/gs/ows?outputFormat=gml2&amp;service=WFS&amp;srs=EPSG%3A2868&amp;request=GetFeature&amp;typename=geonode%3AVillages&amp;version=1.0.0" title="Phoenix Urban Villages (GML 2.0 Format)" type="WWW:DOWNLOAD-1.0-http--download"/>
    <atom:link href="http://dataexchange.asu.edu:80/gs/ows?outputFormat=SHAPE-ZIP&amp;service=WFS&amp;srs=EPSG%3A2868&amp;request=GetFeature&amp;format_options=charset%3AUTF-8&amp;typename=geonode%3AVillages&amp;version=1.0.0" title="Phoenix Urban Villages (Zipped Shapefile Format)" type="WWW:DOWNLOAD-1.0-http--download"/>
    <atom:link href="http://dataexchange.asu.edu:80/download/75" title="Phoenix Urban Villages (Original Dataset Format)" type="WWW:DOWNLOAD-1.0-http--download"/>
    <atom:link href="http://dataexchange.asu.edu:80/catalogue/csw?service=CSW&amp;version=2.0.2&amp;request=GetRepositoryItem&amp;id=64d4d4ac-b568-11e9-97f6-0242ac120004"/>
    <atom:title>Phoenix Urban Villages</atom:title>
    <atom:updated>2019-08-02T20:59:00Z</atom:updated>
    <atom:published>2019-08-02T20:59:00Z</atom:published>
    <atom:summary>Boundary layer representing the urban villages comprising Phoenix.</atom:summary>
    <georss:where>
      <gml:Envelope srsName="http://www.opengis.net/def/crs/EPSG/0/4326">
        <gml:lowerCorner>33.2899710287 -112.326169363</gml:lowerCorner>
        <gml:upperCorner>33.9585021425 -111.925470841</gml:upperCorner>
      </gml:Envelope>
    </georss:where>
  </atom:entry>
</csw:GetRecordByIdResponse>
