<?xml version="1.0" encoding="UTF-8" standalone="no"?>
<!-- pycsw 2.4.0 -->
<csw:GetRecordByIdResponse xmlns:csw="http://www.opengis.net/cat/csw/2.0.2" xmlns:dc="http://purl.org/dc/elements/1.1/" xmlns:dct="http://purl.org/dc/terms/" xmlns:gmd="http://www.isotc211.org/2005/gmd" xmlns:gml="http://www.opengis.net/gml" xmlns:ows="http://www.opengis.net/ows" xmlns:xs="http://www.w3.org/2001/XMLSchema" xmlns:xsi="http://www.w3.org/2001/XMLSchema-instance" xsi:schemaLocation="http://www.opengis.net/cat/csw/2.0.2 http://schemas.opengis.net/csw/2.0.2/CSW-discovery.xsd">
  <metadata xsi:noNamespaceSchemaLocation="http://www.fgdc.gov/metadata/fgdc-std-001-1998.xsd">
    <idinfo>
      <datasetid>64d4d4ac-b568-11e9-97f6-0242ac120004</datasetid>
      <citation>
        <citeinfo>
          <title>Phoenix Urban Villages</title>
          <publinfo>
            <publish>pmshea</publish>
          </publinfo>
          <origin>pmshea</origin>
          <geoform>vector</geoform>
          <onlink></onlink>
          <onlink type="WWW:DOWNLOAD-1.0-http--download">http://dataexchange.asu.edu:80/gs/ows?service=WMS&amp;request=GetLegendGraphic&amp;format=image/png&amp;WIDTH=20&amp;HEIGHT=20&amp;LAYER=geonode:Villages&amp;STYLE=Villages&amp;legend_options=fontAntiAliasing:true;fontSize:12;forceLabels:on</onlink>
          <onlink type="WWW:DOWNLOAD-1.0-http--download">http://dataexchange.asu.edu:80/gs/ows?layers=geonode%3AVillages&amp;service=WMS&amp;format=image%2Fpng&amp;request=GetMap&amp;height=550&amp;width=274&amp;bbox=575830.562992126000000%2C833273.687992126000000%2C697309.750000000000000%2C1076283.857939630000000&amp;srs=EPSG%3A2868</onlink>
          <onlink type="WWW:DOWNLOAD-1.0-http--download">http://dataexchange.asu.edu:80/gs/ows?layers=geonode%3AVillages&amp;service=WMS&amp;format=application%2Fpdf&amp;request=GetMap&amp;height=550&amp;width=274&amp;bbox=575830.562992126000000%2C833273.687992126000000%2C697309.750000000000000%2C1076283.857939630000000&amp;srs=EPSG%3A2868</onlink>
          <onlink type="WWW:DOWNLOAD-1.0-http--download">http://dataexchange.asu.edu:80/gs/ows?layers=geonode%3AVillages&amp;service=WMS&amp;format=image%2Fjpeg&amp;request=GetMap&amp;height=550&amp;width=274&amp;bbox=575830.562992126000000%2C833273.687992126000000%2C697309.750000000000000%2C1076283.857939630000000&amp;srs=EPSG%3A2868</onlink>
          <onlink type="OGC:WMS">http://dataexchange.asu.edu:80/gs/ows</onlink>
          <onlink type="WWW:LINK-1.0-http--link">http://dataexchange.asu.edu:80/layers/geonode:Villages</onlink>
          <onlink type="WWW:DOWNLOAD-1.0-http--download">http://dataexchange.asu.edu:80/gs/ows?srsName=EPSG%3A2868&amp;outputFormat=json&amp;service=WFS&amp;srs=EPSG%3A2868&amp;request=GetFeature&amp;typename=geonode%3AVillages&amp;version=1.0.0</onlink>
          <onlink type="WWW:DOWNLOAD-1.0-http--download">http://dataexchange.asu.edu:80/gs/ows?outputFormat=excel&amp;service=WFS&amp;srs=EPSG%3A2868&amp;request=GetFeature&amp;typename=geonode%3AVillages&amp;version=1.0.0</onlink>
          <onlink type="WWW:DOWNLOAD-1.0-http--download">http://dataexchange.asu.edu:80/gs/ows?outputFormat=csv&amp;service=WFS&amp;srs=EPSG%3A2868&amp;request=GetFeature&amp;typename=geonode%3AVillages&amp;version=1.0.0</onlink>
          <onlink type="WWW:DOWNLOAD-1.0-http--download">http://dataexchange.asu.edu:80/gs/ows?outputFormat=text%2Fxml%3B+subtype%3Dgml%2F3.1.1&amp;service=WFS&amp;srs=EPSG%3A2868&amp;request=GetFeature&amp;typename=geonode%3AVillages&amp;version=1.0.0</onlink>
          <onlink type="WWW:DOWNLOAD-1.0-http--download">http://dataexchange.asu.edu:80/gs/ows?outputFormat=gml2&amp;service=WFS&amp;srs=EPSG%3A2868&amp;request=GetFeature&amp;typename=geonode%3AVillages&amp;version=1.0.0</onlink>
          <onlink type="WWW:DOWNLOAD-1.0-http--download">http://dataexchange.asu.edu:80/gs/ows?outputFormat=SHAPE-ZIP&amp;service=WFS&amp;srs=EPSG%3A2868&amp;request=GetFeature&amp;format_options=charset%3AUTF-8&amp;typename=geonode%3AVillages&amp;version=1.0.0</onlink>
          <onlink type="WWW:DOWNLOAD-1.0-http--download">http://dataexchange.asu.edu:80/download/75</onlink>
        </citeinfo>
      </citation>
      <keywords>
        <theme>
          <themekey>boundary</themekey>
          <themekey>features</themekey>
          <themekey>municipal</themekey>
          <themekey>phoenix</themekey>
          <themekey>urban village</themekey>
          <themekey>urban villages</themekey>
          <themekey>Villages</themekey>
        </theme>
      </keywords>
      <accconst></accconst>
      <descript>
        <abstract>Boundary layer representing the urban villages comprising Phoenix.</abstract>
      </descript>
      <spdom>
        <bounding>
          <westbc>-112.326169363</westbc>
          <eastbc>-111.925470841</eastbc>
          <northbc>33.9585021425</northbc>
          <southbc>33.2899710287</southbc>
        </bounding>
      </spdom>
      <datacred>pmshea</datacred>
      <spdoinfo>
        <direct>dataset</direct>
      </spdoinfo>
    </idinfo>
    <distinfo>
      <stdorder>
        <digform>
          <digtinfo>
            <formname>vector</formname>
          </digtinfo>
        </digform>
      </stdorder>
    </distinfo>
    <lineage>
      <srcinfo>
        <srccite>
          <citeinfo>
            <title></title>
          </citeinfo>
        </srccite>
      </srcinfo>
    </lineage>
    <metainfo>
      <metd>2019-08-02T20:59:00Z</metd>
    </metainfo>
  </metadata>
</csw:GetRecordByIdResponse>
