<?xml version="1.0" encoding="UTF-8" standalone="no"?>
<!-- pycsw 2.4.0 -->
<csw:GetRecordByIdResponse xmlns:csw="http://www.opengis.net/cat/csw/2.0.2" xmlns:dc="http://purl.org/dc/elements/1.1/" xmlns:dct="http://purl.org/dc/terms/" xmlns:gmd="http://www.isotc211.org/2005/gmd" xmlns:gml="http://www.opengis.net/gml" xmlns:ows="http://www.opengis.net/ows" xmlns:xs="http://www.w3.org/2001/XMLSchema" xmlns:xsi="http://www.w3.org/2001/XMLSchema-instance" xsi:schemaLocation="http://www.opengis.net/cat/csw/2.0.2 http://schemas.opengis.net/csw/2.0.2/CSW-discovery.xsd">
  <csw:Record>
    <dc:identifier>486c8ac2-92c1-11e9-b350-0242ac120008</dc:identifier>
    <dc:title>RX Drug Drop Off Locations</dc:title>
    <dc:type>dataset</dc:type>
    <dc:subject>Healthy Lifestyles to Grow Social Resilience</dc:subject>
    <dc:subject>neighborhoods</dc:subject>
    <dc:subject>Utilities</dc:subject>
    <dc:subject scheme="http://www.isotc211.org/2005/resources/Codelist/gmxCodelists.xml#MD_TopicCategoryCode">health</dc:subject>
    <dc:format>vector</dc:format>
    <dct:references scheme="WWW:DOWNLOAD-1.0-http--download">http://dataexchange.asu.edu:80/gs/ows?service=WMS&amp;request=GetLegendGraphic&amp;format=image/png&amp;WIDTH=20&amp;HEIGHT=20&amp;LAYER=geonode:RXDrugDropOffLocations_Prokjected&amp;STYLE=RXDrugDropOffLocations_Prokjected&amp;legend_options=fontAntiAliasing:true;fontSize:12;forceLabels:on</dct:references>
    <dct:references scheme="OGC:WMS">http://dataexchange.asu.edu:80/gs/ows</dct:references>
    <dct:references scheme="WWW:LINK-1.0-http--link">http://dataexchange.asu.edu:80/layers/geonode:RXDrugDropOffLocations_Prokjected</dct:references>
    <dct:references scheme="WWW:DOWNLOAD-1.0-http--download">http://dataexchange.asu.edu:80/gs/ows?srsName=EPSG%3A4326&amp;outputFormat=json&amp;service=WFS&amp;srs=EPSG%3A4326&amp;request=GetFeature&amp;typename=geonode%3ARXDrugDropOffLocations_Prokjected&amp;version=1.0.0</dct:references>
    <dct:references scheme="WWW:DOWNLOAD-1.0-http--download">http://dataexchange.asu.edu:80/gs/ows?outputFormat=excel&amp;service=WFS&amp;srs=EPSG%3A4326&amp;request=GetFeature&amp;typename=geonode%3ARXDrugDropOffLocations_Prokjected&amp;version=1.0.0</dct:references>
    <dct:references scheme="WWW:DOWNLOAD-1.0-http--download">http://dataexchange.asu.edu:80/gs/ows?outputFormat=csv&amp;service=WFS&amp;srs=EPSG%3A4326&amp;request=GetFeature&amp;typename=geonode%3ARXDrugDropOffLocations_Prokjected&amp;version=1.0.0</dct:references>
    <dct:references scheme="WWW:DOWNLOAD-1.0-http--download">http://dataexchange.asu.edu:80/gs/ows?outputFormat=text%2Fxml%3B+subtype%3Dgml%2F3.1.1&amp;service=WFS&amp;srs=EPSG%3A4326&amp;request=GetFeature&amp;typename=geonode%3ARXDrugDropOffLocations_Prokjected&amp;version=1.0.0</dct:references>
    <dct:references scheme="WWW:DOWNLOAD-1.0-http--download">http://dataexchange.asu.edu:80/gs/ows?outputFormat=gml2&amp;service=WFS&amp;srs=EPSG%3A4326&amp;request=GetFeature&amp;typename=geonode%3ARXDrugDropOffLocations_Prokjected&amp;version=1.0.0</dct:references>
    <dct:references scheme="WWW:DOWNLOAD-1.0-http--download">http://dataexchange.asu.edu:80/gs/ows?outputFormat=SHAPE-ZIP&amp;service=WFS&amp;srs=EPSG%3A4326&amp;request=GetFeature&amp;format_options=charset%3AUTF-8&amp;typename=geonode%3ARXDrugDropOffLocations_Prokjected&amp;version=1.0.0</dct:references>
    <dct:references scheme="WWW:DOWNLOAD-1.0-http--download">http://dataexchange.asu.edu:80/download/32</dct:references>
    <dct:references scheme="WWW:DOWNLOAD-1.0-http--download">http://dataexchange.asu.edu:80/download/32</dct:references>
    <dct:modified>2019-06-19T18:37:00Z</dct:modified>
    <dct:abstract>Shows prescription drug drop off locations in Arizona with information about hours and placement area of drop box as of 04/16/2019</dct:abstract>
    <dc:date>2019-06-19T18:37:00Z</dc:date>
    <dc:creator>pyager1</dc:creator>
    <dc:publisher>pyager1</dc:publisher>
    <dc:contributor>pyager1</dc:contributor>
    <dc:language>eng</dc:language>
    <dct:alternative>geonode:RXDrugDropOffLocations_Prokjected</dct:alternative>
    <dct:spatial scheme="http://www.opengis.net/def/crs">EPSG:4326</dct:spatial>
    <ows:BoundingBox crs="urn:x-ogc:def:crs:EPSG:6.11:4326" dimensions="2">
      <ows:LowerCorner>31.3456120225 -114.774957938</ows:LowerCorner>
      <ows:UpperCorner>36.9184770316 -109.048399122</ows:UpperCorner>
    </ows:BoundingBox>
  </csw:Record>
</csw:GetRecordByIdResponse>
