<?xml version="1.0" encoding="UTF-8" standalone="no"?>
<!-- pycsw 2.4.0 -->
<csw:GetRecordByIdResponse xmlns:csw="http://www.opengis.net/cat/csw/2.0.2" xmlns:dc="http://purl.org/dc/elements/1.1/" xmlns:dct="http://purl.org/dc/terms/" xmlns:gmd="http://www.isotc211.org/2005/gmd" xmlns:gml="http://www.opengis.net/gml" xmlns:ows="http://www.opengis.net/ows" xmlns:xs="http://www.w3.org/2001/XMLSchema" xmlns:xsi="http://www.w3.org/2001/XMLSchema-instance" xsi:schemaLocation="http://www.opengis.net/cat/csw/2.0.2 http://schemas.opengis.net/csw/2.0.2/CSW-discovery.xsd">
  <metadata xsi:noNamespaceSchemaLocation="http://www.fgdc.gov/metadata/fgdc-std-001-1998.xsd">
    <idinfo>
      <datasetid>9ddcd668-92c3-11e9-8b75-0242ac120008</datasetid>
      <citation>
        <citeinfo>
          <title>Food Banks</title>
          <publinfo>
            <publish>pyager1</publish>
          </publinfo>
          <origin>pyager1</origin>
          <geoform>vector</geoform>
          <onlink></onlink>
          <onlink type="WWW:DOWNLOAD-1.0-http--download">http://dataexchange.asu.edu:80/gs/ows?service=WMS&amp;request=GetLegendGraphic&amp;format=image/png&amp;WIDTH=20&amp;HEIGHT=20&amp;LAYER=geonode:FoodBanksProjected&amp;STYLE=FoodBanksProjected&amp;legend_options=fontAntiAliasing:true;fontSize:12;forceLabels:on</onlink>
          <onlink type="WWW:DOWNLOAD-1.0-http--download">http://dataexchange.asu.edu:80/gs/ows?layers=geonode%3AFoodBanksProjected&amp;service=WMS&amp;format=image%2Fpng&amp;request=GetMap&amp;height=550&amp;width=541&amp;bbox=-114.631020574290000%2C31.339144953125600%2C-109.104261295483000%2C36.955411578236800&amp;srs=EPSG%3A4326</onlink>
          <onlink type="WWW:DOWNLOAD-1.0-http--download">http://dataexchange.asu.edu:80/gs/ows?layers=geonode%3AFoodBanksProjected&amp;service=WMS&amp;format=application%2Fpdf&amp;request=GetMap&amp;height=550&amp;width=541&amp;bbox=-114.631020574290000%2C31.339144953125600%2C-109.104261295483000%2C36.955411578236800&amp;srs=EPSG%3A4326</onlink>
          <onlink type="WWW:DOWNLOAD-1.0-http--download">http://dataexchange.asu.edu:80/gs/ows?layers=geonode%3AFoodBanksProjected&amp;service=WMS&amp;format=image%2Fjpeg&amp;request=GetMap&amp;height=550&amp;width=541&amp;bbox=-114.631020574290000%2C31.339144953125600%2C-109.104261295483000%2C36.955411578236800&amp;srs=EPSG%3A4326</onlink>
          <onlink type="OGC:WMS">http://dataexchange.asu.edu:80/gs/ows</onlink>
          <onlink type="WWW:LINK-1.0-http--link">http://dataexchange.asu.edu:80/layers/geonode:FoodBanksProjected</onlink>
          <onlink type="WWW:DOWNLOAD-1.0-http--download">http://dataexchange.asu.edu:80/gs/ows?srsName=EPSG%3A4326&amp;outputFormat=json&amp;service=WFS&amp;srs=EPSG%3A4326&amp;request=GetFeature&amp;typename=geonode%3AFoodBanksProjected&amp;version=1.0.0</onlink>
          <onlink type="WWW:DOWNLOAD-1.0-http--download">http://dataexchange.asu.edu:80/gs/ows?outputFormat=excel&amp;service=WFS&amp;srs=EPSG%3A4326&amp;request=GetFeature&amp;typename=geonode%3AFoodBanksProjected&amp;version=1.0.0</onlink>
          <onlink type="WWW:DOWNLOAD-1.0-http--download">http://dataexchange.asu.edu:80/gs/ows?outputFormat=csv&amp;service=WFS&amp;srs=EPSG%3A4326&amp;request=GetFeature&amp;typename=geonode%3AFoodBanksProjected&amp;version=1.0.0</onlink>
          <onlink type="WWW:DOWNLOAD-1.0-http--download">http://dataexchange.asu.edu:80/gs/ows?outputFormat=text%2Fxml%3B+subtype%3Dgml%2F3.1.1&amp;service=WFS&amp;srs=EPSG%3A4326&amp;request=GetFeature&amp;typename=geonode%3AFoodBanksProjected&amp;version=1.0.0</onlink>
          <onlink type="WWW:DOWNLOAD-1.0-http--download">http://dataexchange.asu.edu:80/gs/ows?outputFormat=gml2&amp;service=WFS&amp;srs=EPSG%3A4326&amp;request=GetFeature&amp;typename=geonode%3AFoodBanksProjected&amp;version=1.0.0</onlink>
          <onlink type="WWW:DOWNLOAD-1.0-http--download">http://dataexchange.asu.edu:80/gs/ows?outputFormat=SHAPE-ZIP&amp;service=WFS&amp;srs=EPSG%3A4326&amp;request=GetFeature&amp;format_options=charset%3AUTF-8&amp;typename=geonode%3AFoodBanksProjected&amp;version=1.0.0</onlink>
          <onlink type="WWW:DOWNLOAD-1.0-http--download">http://dataexchange.asu.edu:80/download/33</onlink>
        </citeinfo>
      </citation>
      <keywords>
        <theme>
          <themekey>food</themekey>
          <themekey>Healthy Lifestyles to Grow Social Resilience</themekey>
          <themekey>Utilities</themekey>
        </theme>
      </keywords>
      <accconst></accconst>
      <descript>
        <abstract>Arizona food bank locations and supplemental information as of March 14, 2017.</abstract>
      </descript>
      <spdom>
        <bounding>
          <westbc>-114.631020574</westbc>
          <eastbc>-109.104261295</eastbc>
          <northbc>36.9554115782</northbc>
          <southbc>31.3391449531</southbc>
        </bounding>
      </spdom>
      <datacred>pyager1</datacred>
      <spdoinfo>
        <direct>dataset</direct>
      </spdoinfo>
    </idinfo>
    <distinfo>
      <stdorder>
        <digform>
          <digtinfo>
            <formname>vector</formname>
          </digtinfo>
        </digform>
      </stdorder>
    </distinfo>
    <lineage>
      <srcinfo>
        <srccite>
          <citeinfo>
            <title></title>
          </citeinfo>
        </srccite>
      </srcinfo>
    </lineage>
    <metainfo>
      <metd>2019-06-19T18:54:00Z</metd>
    </metainfo>
  </metadata>
</csw:GetRecordByIdResponse>
