<?xml version="1.0" encoding="UTF-8" standalone="no"?>
<!-- pycsw 2.4.0 -->
<csw:GetRecordByIdResponse xmlns:atom="http://www.w3.org/2005/Atom" xmlns:csw="http://www.opengis.net/cat/csw/2.0.2" xmlns:dc="http://purl.org/dc/elements/1.1/" xmlns:dct="http://purl.org/dc/terms/" xmlns:gmd="http://www.isotc211.org/2005/gmd" xmlns:gml="http://www.opengis.net/gml" xmlns:ows="http://www.opengis.net/ows" xmlns:xs="http://www.w3.org/2001/XMLSchema" xmlns:xsi="http://www.w3.org/2001/XMLSchema-instance" xsi:schemaLocation="http://www.opengis.net/cat/csw/2.0.2 http://schemas.opengis.net/csw/2.0.2/CSW-discovery.xsd">
  <atom:entry xmlns:georss="http://www.georss.org/georss" xsi:schemaLocation="http://www.w3.org/2005/Atom http://www.kbcafe.com/rss/atom.xsd.xml">
    <atom:author>
      <atom:name>pyager1</atom:name>
    </atom:author>
    <atom:category term="boundaries"/>
    <atom:category term="neighborhoods"/>
    <atom:category term="population"/>
    <atom:contributor>pyager1</atom:contributor>
    <atom:id>298a0ae2-920f-11e9-a014-0242ac120003</atom:id>
    <dc:identifier>298a0ae2-920f-11e9-a014-0242ac120003</dc:identifier>
    <atom:link href="http://dataexchange.asu.edu:80/gs/ows?service=WMS&amp;request=GetLegendGraphic&amp;format=image/png&amp;WIDTH=20&amp;HEIGHT=20&amp;LAYER=geonode:AZwalkabilityIndex&amp;STYLE=AZwalkabilityIndex&amp;legend_options=fontAntiAliasing:true;fontSize:12;forceLabels:on" title="Arizona Walkability Index (Legend Format)" type="WWW:DOWNLOAD-1.0-http--download"/>
    <atom:link href="http://dataexchange.asu.edu:80/gs/ows?service=WMS&amp;request=GetLegendGraphic&amp;format=image/png&amp;WIDTH=20&amp;HEIGHT=20&amp;LAYER=geonode:AZwalkabilityIndex&amp;STYLE=AZwalkabilityIndex&amp;legend_options=fontAntiAliasing:true;fontSize:12;forceLabels:on" title="Arizona Walkability Index (Legend Format)" type="WWW:DOWNLOAD-1.0-http--download"/>
    <atom:link href="http://dataexchange.asu.edu:80/gs/ows?layers=geonode%3AAZwalkabilityIndex&amp;service=WMS&amp;format=image%2Fpng&amp;request=GetMap&amp;height=550&amp;width=559&amp;bbox=-114.816602408000000%2C31.332181890000100%2C-109.045233630000000%2C37.004265714000000&amp;srs=EPSG%3A4326" title="Arizona Walkability Index (PNG Format)" type="WWW:DOWNLOAD-1.0-http--download"/>
    <atom:link href="http://dataexchange.asu.edu:80/gs/ows?layers=geonode%3AAZwalkabilityIndex&amp;service=WMS&amp;format=application%2Fpdf&amp;request=GetMap&amp;height=550&amp;width=559&amp;bbox=-114.816602408000000%2C31.332181890000100%2C-109.045233630000000%2C37.004265714000000&amp;srs=EPSG%3A4326" title="Arizona Walkability Index (PDF Format)" type="WWW:DOWNLOAD-1.0-http--download"/>
    <atom:link href="http://dataexchange.asu.edu:80/gs/ows?layers=geonode%3AAZwalkabilityIndex&amp;service=WMS&amp;format=image%2Fjpeg&amp;request=GetMap&amp;height=550&amp;width=559&amp;bbox=-114.816602408000000%2C31.332181890000100%2C-109.045233630000000%2C37.004265714000000&amp;srs=EPSG%3A4326" title="Arizona Walkability Index (JPEG Format)" type="WWW:DOWNLOAD-1.0-http--download"/>
    <atom:link href="http://dataexchange.asu.edu:80/gs/ows" title="OGC WMS: geonode Service" type="OGC:WMS"/>
    <atom:link href="http://dataexchange.asu.edu:80/layers/geonode:AZwalkabilityIndex" title="Web address (URL)" type="WWW:LINK-1.0-http--link"/>
    <atom:link href="http://dataexchange.asu.edu:80/gs/ows?srsName=EPSG%3A4326&amp;outputFormat=json&amp;service=WFS&amp;srs=EPSG%3A4326&amp;request=GetFeature&amp;typename=geonode%3AAZwalkabilityIndex&amp;version=1.0.0" title="Arizona Walkability Index (GeoJSON Format)" type="WWW:DOWNLOAD-1.0-http--download"/>
    <atom:link href="http://dataexchange.asu.edu:80/gs/ows?outputFormat=excel&amp;service=WFS&amp;srs=EPSG%3A4326&amp;request=GetFeature&amp;typename=geonode%3AAZwalkabilityIndex&amp;version=1.0.0" title="Arizona Walkability Index (Excel Format)" type="WWW:DOWNLOAD-1.0-http--download"/>
    <atom:link href="http://dataexchange.asu.edu:80/gs/ows?outputFormat=csv&amp;service=WFS&amp;srs=EPSG%3A4326&amp;request=GetFeature&amp;typename=geonode%3AAZwalkabilityIndex&amp;version=1.0.0" title="Arizona Walkability Index (CSV Format)" type="WWW:DOWNLOAD-1.0-http--download"/>
    <atom:link href="http://dataexchange.asu.edu:80/gs/ows?outputFormat=text%2Fxml%3B+subtype%3Dgml%2F3.1.1&amp;service=WFS&amp;srs=EPSG%3A4326&amp;request=GetFeature&amp;typename=geonode%3AAZwalkabilityIndex&amp;version=1.0.0" title="Arizona Walkability Index (GML 3.1.1 Format)" type="WWW:DOWNLOAD-1.0-http--download"/>
    <atom:link href="http://dataexchange.asu.edu:80/gs/ows?outputFormat=gml2&amp;service=WFS&amp;srs=EPSG%3A4326&amp;request=GetFeature&amp;typename=geonode%3AAZwalkabilityIndex&amp;version=1.0.0" title="Arizona Walkability Index (GML 2.0 Format)" type="WWW:DOWNLOAD-1.0-http--download"/>
    <atom:link href="http://dataexchange.asu.edu:80/gs/ows?outputFormat=SHAPE-ZIP&amp;service=WFS&amp;srs=EPSG%3A4326&amp;request=GetFeature&amp;format_options=charset%3AUTF-8&amp;typename=geonode%3AAZwalkabilityIndex&amp;version=1.0.0" title="Arizona Walkability Index (Zipped Shapefile Format)" type="WWW:DOWNLOAD-1.0-http--download"/>
    <atom:link href="http://dataexchange.asu.edu:80/download/13" title="Arizona Walkability Index (Original Dataset Format)" type="WWW:DOWNLOAD-1.0-http--download"/>
    <atom:link href="http://dataexchange.asu.edu:80/catalogue/csw?service=CSW&amp;version=2.0.2&amp;request=GetRepositoryItem&amp;id=298a0ae2-920f-11e9-a014-0242ac120003"/>
    <atom:title>Arizona Walkability Index</atom:title>
    <atom:updated>2019-06-18T21:22:00Z</atom:updated>
    <atom:published>2019-06-18T21:22:00Z</atom:published>
    <atom:rights>otherRestrictions</atom:rights>
    <atom:summary>The Walkability Index dataset characterizes every Census 2010 block group in the U.S. based on its relative walkability. Walkability depends upon characteristics of the built environment that influence the likelihood of walking being used as a mode of travel. The Walkability Index is based on the EPA's previous data product, the Smart Location Database (SLD). Block group data from the SLD was the only input into the Walkability Index, and consisted of four variables from the SLD weighted in a formula to create the new Walkability Index. This dataset shares the SLD's block group boundary definitions from Census 2010.</atom:summary>
    <georss:where>
      <gml:Envelope srsName="http://www.opengis.net/def/crs/EPSG/0/4326">
        <gml:lowerCorner>31.33218189 -114.816602408</gml:lowerCorner>
        <gml:upperCorner>37.004265714 -109.04523363</gml:upperCorner>
      </gml:Envelope>
    </georss:where>
  </atom:entry>
</csw:GetRecordByIdResponse>
