<?xml version="1.0" encoding="UTF-8" standalone="no"?>
<!-- pycsw 2.4.0 -->
<csw:GetRecordByIdResponse xmlns:csw="http://www.opengis.net/cat/csw/2.0.2" xmlns:dc="http://purl.org/dc/elements/1.1/" xmlns:dct="http://purl.org/dc/terms/" xmlns:dif="http://gcmd.gsfc.nasa.gov/Aboutus/xml/dif/" xmlns:gmd="http://www.isotc211.org/2005/gmd" xmlns:gml="http://www.opengis.net/gml" xmlns:ows="http://www.opengis.net/ows" xmlns:xs="http://www.w3.org/2001/XMLSchema" xmlns:xsi="http://www.w3.org/2001/XMLSchema-instance" xsi:schemaLocation="http://www.opengis.net/cat/csw/2.0.2 http://schemas.opengis.net/csw/2.0.2/CSW-discovery.xsd">
  <dif:DIF xsi:schemaLocation="http://gcmd.gsfc.nasa.gov/Aboutus/xml/dif/ http://gcmd.gsfc.nasa.gov/Aboutus/xml/dif/dif.xsd">
    <dif:Entry_ID>298a0ae2-920f-11e9-a014-0242ac120003</dif:Entry_ID>
    <dif:Entry_Title>Arizona Walkability Index</dif:Entry_Title>
    <dif:Data_Set_Citation>
      <dif:Dataset_Creator>pyager1</dif:Dataset_Creator>
      <dif:Dataset_Release_Date>2019-06-18T21:22:00Z</dif:Dataset_Release_Date>
      <dif:Dataset_Publisher>pyager1</dif:Dataset_Publisher>
      <dif:Data_Presentation_Form>vector</dif:Data_Presentation_Form>
    </dif:Data_Set_Citation>
    <dif:ISO_Topic_Category>boundaries</dif:ISO_Topic_Category>
    <dif:Keyword>boundaries</dif:Keyword>
    <dif:Keyword>neighborhoods</dif:Keyword>
    <dif:Keyword>population</dif:Keyword>
    <dif:Temporal_Coverage>
      <dif:Start_Date>2015-12-23T12:00:00Z</dif:Start_Date>
      <dif:End_Date/>
    </dif:Temporal_Coverage>
    <dif:Spatial_Coverage>
      <dif:Southernmost_Latitude>31.33218189</dif:Southernmost_Latitude>
      <dif:Northernmost_Latitude>37.004265714</dif:Northernmost_Latitude>
      <dif:Westernmost_Longitude>-114.816602408</dif:Westernmost_Longitude>
      <dif:Easternmost_Longitude>-109.04523363</dif:Easternmost_Longitude>
    </dif:Spatial_Coverage>
    <dif:Access_Constraints>otherRestrictions</dif:Access_Constraints>
    <dif:Data_Set_Language>eng</dif:Data_Set_Language>
    <dif:Originating_Center/>
    <dif:Summary>The Walkability Index dataset characterizes every Census 2010 block group in the U.S. based on its relative walkability. Walkability depends upon characteristics of the built environment that influence the likelihood of walking being used as a mode of travel. The Walkability Index is based on the EPA's previous data product, the Smart Location Database (SLD). Block group data from the SLD was the only input into the Walkability Index, and consisted of four variables from the SLD weighted in a formula to create the new Walkability Index. This dataset shares the SLD's block group boundary definitions from Census 2010.</dif:Summary>
    <dif:DIF_Creation_Date>2019-06-18T21:22:00Z</dif:DIF_Creation_Date>
    <dif:Related_URL>
      <dif:URL/>
    </dif:Related_URL>
    <dif:Related_URL>
      <dif:URL_Content_Type>
        <dif:Type>WWW:DOWNLOAD-1.0-http--download</dif:Type>
      </dif:URL_Content_Type>
      <dif:URL>http://dataexchange.asu.edu:80/gs/ows?service=WMS&amp;request=GetLegendGraphic&amp;format=image/png&amp;WIDTH=20&amp;HEIGHT=20&amp;LAYER=geonode:AZwalkabilityIndex&amp;STYLE=AZwalkabilityIndex&amp;legend_options=fontAntiAliasing:true;fontSize:12;forceLabels:on</dif:URL>
      <dif:Description>Arizona Walkability Index (Legend Format)</dif:Description>
    </dif:Related_URL>
    <dif:Related_URL>
      <dif:URL_Content_Type>
        <dif:Type>WWW:DOWNLOAD-1.0-http--download</dif:Type>
      </dif:URL_Content_Type>
      <dif:URL>http://dataexchange.asu.edu:80/gs/ows?service=WMS&amp;request=GetLegendGraphic&amp;format=image/png&amp;WIDTH=20&amp;HEIGHT=20&amp;LAYER=geonode:AZwalkabilityIndex&amp;STYLE=AZwalkabilityIndex&amp;legend_options=fontAntiAliasing:true;fontSize:12;forceLabels:on</dif:URL>
      <dif:Description>Arizona Walkability Index (Legend Format)</dif:Description>
    </dif:Related_URL>
    <dif:Related_URL>
      <dif:URL_Content_Type>
        <dif:Type>WWW:DOWNLOAD-1.0-http--download</dif:Type>
      </dif:URL_Content_Type>
      <dif:URL>http://dataexchange.asu.edu:80/gs/ows?layers=geonode%3AAZwalkabilityIndex&amp;service=WMS&amp;format=image%2Fpng&amp;request=GetMap&amp;height=550&amp;width=559&amp;bbox=-114.816602408000000%2C31.332181890000100%2C-109.045233630000000%2C37.004265714000000&amp;srs=EPSG%3A4326</dif:URL>
      <dif:Description>Arizona Walkability Index (PNG Format)</dif:Description>
    </dif:Related_URL>
    <dif:Related_URL>
      <dif:URL_Content_Type>
        <dif:Type>WWW:DOWNLOAD-1.0-http--download</dif:Type>
      </dif:URL_Content_Type>
      <dif:URL>http://dataexchange.asu.edu:80/gs/ows?layers=geonode%3AAZwalkabilityIndex&amp;service=WMS&amp;format=application%2Fpdf&amp;request=GetMap&amp;height=550&amp;width=559&amp;bbox=-114.816602408000000%2C31.332181890000100%2C-109.045233630000000%2C37.004265714000000&amp;srs=EPSG%3A4326</dif:URL>
      <dif:Description>Arizona Walkability Index (PDF Format)</dif:Description>
    </dif:Related_URL>
    <dif:Related_URL>
      <dif:URL_Content_Type>
        <dif:Type>WWW:DOWNLOAD-1.0-http--download</dif:Type>
      </dif:URL_Content_Type>
      <dif:URL>http://dataexchange.asu.edu:80/gs/ows?layers=geonode%3AAZwalkabilityIndex&amp;service=WMS&amp;format=image%2Fjpeg&amp;request=GetMap&amp;height=550&amp;width=559&amp;bbox=-114.816602408000000%2C31.332181890000100%2C-109.045233630000000%2C37.004265714000000&amp;srs=EPSG%3A4326</dif:URL>
      <dif:Description>Arizona Walkability Index (JPEG Format)</dif:Description>
    </dif:Related_URL>
    <dif:Related_URL>
      <dif:URL_Content_Type>
        <dif:Type>OGC:WMS</dif:Type>
      </dif:URL_Content_Type>
      <dif:URL>http://dataexchange.asu.edu:80/gs/ows</dif:URL>
      <dif:Description>OGC WMS: geonode Service</dif:Description>
    </dif:Related_URL>
    <dif:Related_URL>
      <dif:URL_Content_Type>
        <dif:Type>WWW:LINK-1.0-http--link</dif:Type>
      </dif:URL_Content_Type>
      <dif:URL>http://dataexchange.asu.edu:80/layers/geonode:AZwalkabilityIndex</dif:URL>
      <dif:Description>Web address (URL)</dif:Description>
    </dif:Related_URL>
    <dif:Related_URL>
      <dif:URL_Content_Type>
        <dif:Type>WWW:DOWNLOAD-1.0-http--download</dif:Type>
      </dif:URL_Content_Type>
      <dif:URL>http://dataexchange.asu.edu:80/gs/ows?srsName=EPSG%3A4326&amp;outputFormat=json&amp;service=WFS&amp;srs=EPSG%3A4326&amp;request=GetFeature&amp;typename=geonode%3AAZwalkabilityIndex&amp;version=1.0.0</dif:URL>
      <dif:Description>Arizona Walkability Index (GeoJSON Format)</dif:Description>
    </dif:Related_URL>
    <dif:Related_URL>
      <dif:URL_Content_Type>
        <dif:Type>WWW:DOWNLOAD-1.0-http--download</dif:Type>
      </dif:URL_Content_Type>
      <dif:URL>http://dataexchange.asu.edu:80/gs/ows?outputFormat=excel&amp;service=WFS&amp;srs=EPSG%3A4326&amp;request=GetFeature&amp;typename=geonode%3AAZwalkabilityIndex&amp;version=1.0.0</dif:URL>
      <dif:Description>Arizona Walkability Index (Excel Format)</dif:Description>
    </dif:Related_URL>
    <dif:Related_URL>
      <dif:URL_Content_Type>
        <dif:Type>WWW:DOWNLOAD-1.0-http--download</dif:Type>
      </dif:URL_Content_Type>
      <dif:URL>http://dataexchange.asu.edu:80/gs/ows?outputFormat=csv&amp;service=WFS&amp;srs=EPSG%3A4326&amp;request=GetFeature&amp;typename=geonode%3AAZwalkabilityIndex&amp;version=1.0.0</dif:URL>
      <dif:Description>Arizona Walkability Index (CSV Format)</dif:Description>
    </dif:Related_URL>
    <dif:Related_URL>
      <dif:URL_Content_Type>
        <dif:Type>WWW:DOWNLOAD-1.0-http--download</dif:Type>
      </dif:URL_Content_Type>
      <dif:URL>http://dataexchange.asu.edu:80/gs/ows?outputFormat=text%2Fxml%3B+subtype%3Dgml%2F3.1.1&amp;service=WFS&amp;srs=EPSG%3A4326&amp;request=GetFeature&amp;typename=geonode%3AAZwalkabilityIndex&amp;version=1.0.0</dif:URL>
      <dif:Description>Arizona Walkability Index (GML 3.1.1 Format)</dif:Description>
    </dif:Related_URL>
    <dif:Related_URL>
      <dif:URL_Content_Type>
        <dif:Type>WWW:DOWNLOAD-1.0-http--download</dif:Type>
      </dif:URL_Content_Type>
      <dif:URL>http://dataexchange.asu.edu:80/gs/ows?outputFormat=gml2&amp;service=WFS&amp;srs=EPSG%3A4326&amp;request=GetFeature&amp;typename=geonode%3AAZwalkabilityIndex&amp;version=1.0.0</dif:URL>
      <dif:Description>Arizona Walkability Index (GML 2.0 Format)</dif:Description>
    </dif:Related_URL>
    <dif:Related_URL>
      <dif:URL_Content_Type>
        <dif:Type>WWW:DOWNLOAD-1.0-http--download</dif:Type>
      </dif:URL_Content_Type>
      <dif:URL>http://dataexchange.asu.edu:80/gs/ows?outputFormat=SHAPE-ZIP&amp;service=WFS&amp;srs=EPSG%3A4326&amp;request=GetFeature&amp;format_options=charset%3AUTF-8&amp;typename=geonode%3AAZwalkabilityIndex&amp;version=1.0.0</dif:URL>
      <dif:Description>Arizona Walkability Index (Zipped Shapefile Format)</dif:Description>
    </dif:Related_URL>
    <dif:Related_URL>
      <dif:URL_Content_Type>
        <dif:Type>WWW:DOWNLOAD-1.0-http--download</dif:Type>
      </dif:URL_Content_Type>
      <dif:URL>http://dataexchange.asu.edu:80/download/13</dif:URL>
      <dif:Description>Arizona Walkability Index (Original Dataset Format)</dif:Description>
    </dif:Related_URL>
    <dif:Metadata_Name>CEOS IDN DIF</dif:Metadata_Name>
    <dif:Metadata_Version>9.7</dif:Metadata_Version>
  </dif:DIF>
</csw:GetRecordByIdResponse>
