<?xml version="1.0" encoding="UTF-8" standalone="no"?>
<!-- pycsw 2.4.0 -->
<csw:GetRecordByIdResponse xmlns:atom="http://www.w3.org/2005/Atom" xmlns:csw="http://www.opengis.net/cat/csw/2.0.2" xmlns:dc="http://purl.org/dc/elements/1.1/" xmlns:dct="http://purl.org/dc/terms/" xmlns:gmd="http://www.isotc211.org/2005/gmd" xmlns:gml="http://www.opengis.net/gml" xmlns:ows="http://www.opengis.net/ows" xmlns:xs="http://www.w3.org/2001/XMLSchema" xmlns:xsi="http://www.w3.org/2001/XMLSchema-instance" xsi:schemaLocation="http://www.opengis.net/cat/csw/2.0.2 http://schemas.opengis.net/csw/2.0.2/CSW-discovery.xsd">
  <atom:entry xmlns:georss="http://www.georss.org/georss" xsi:schemaLocation="http://www.w3.org/2005/Atom http://www.kbcafe.com/rss/atom.xsd.xml">
    <atom:author>
      <atom:name>pyager1</atom:name>
    </atom:author>
    <atom:category term="boundaries"/>
    <atom:category term="neighborhoods"/>
    <atom:category term="transportation"/>
    <atom:category term="Utilities"/>
    <atom:contributor>pyager1</atom:contributor>
    <atom:id>af0ec28e-96ba-11e9-a5b1-0242ac120003</atom:id>
    <dc:identifier>af0ec28e-96ba-11e9-a5b1-0242ac120003</dc:identifier>
    <atom:link href="http://dataexchange.asu.edu:80/gs/ows?service=WMS&amp;request=GetLegendGraphic&amp;format=image/png&amp;WIDTH=20&amp;HEIGHT=20&amp;LAYER=geonode:Valley_Metro_Bus_Stops&amp;STYLE=Valley_Metro_Bus_Stops&amp;legend_options=fontAntiAliasing:true;fontSize:12;forceLabels:on" title="Valley Metro Bus Stops (Legend Format)" type="WWW:DOWNLOAD-1.0-http--download"/>
    <atom:link href="http://dataexchange.asu.edu:80/gs/ows?layers=geonode%3AValley_Metro_Bus_Stops&amp;service=WMS&amp;format=image%2Fpng&amp;request=GetMap&amp;height=550&amp;width=500&amp;bbox=-112.872185867537000%2C32.382706893489400%2C-111.660913561192000%2C33.713063009010500&amp;srs=EPSG%3A4326" title="Valley Metro Bus Stops (PNG Format)" type="WWW:DOWNLOAD-1.0-http--download"/>
    <atom:link href="http://dataexchange.asu.edu:80/gs/ows?layers=geonode%3AValley_Metro_Bus_Stops&amp;service=WMS&amp;format=application%2Fpdf&amp;request=GetMap&amp;height=550&amp;width=500&amp;bbox=-112.872185867537000%2C32.382706893489400%2C-111.660913561192000%2C33.713063009010500&amp;srs=EPSG%3A4326" title="Valley Metro Bus Stops (PDF Format)" type="WWW:DOWNLOAD-1.0-http--download"/>
    <atom:link href="http://dataexchange.asu.edu:80/gs/ows?layers=geonode%3AValley_Metro_Bus_Stops&amp;service=WMS&amp;format=image%2Fjpeg&amp;request=GetMap&amp;height=550&amp;width=500&amp;bbox=-112.872185867537000%2C32.382706893489400%2C-111.660913561192000%2C33.713063009010500&amp;srs=EPSG%3A4326" title="Valley Metro Bus Stops (JPEG Format)" type="WWW:DOWNLOAD-1.0-http--download"/>
    <atom:link href="http://dataexchange.asu.edu:80/gs/ows" title="OGC WMS: geonode Service" type="OGC:WMS"/>
    <atom:link href="http://dataexchange.asu.edu:80/layers/geonode:Valley_Metro_Bus_Stops" title="Web address (URL)" type="WWW:LINK-1.0-http--link"/>
    <atom:link href="http://dataexchange.asu.edu:80/gs/ows?srsName=EPSG%3A4326&amp;outputFormat=json&amp;service=WFS&amp;srs=EPSG%3A4326&amp;request=GetFeature&amp;typename=geonode%3AValley_Metro_Bus_Stops&amp;version=1.0.0" title="Valley Metro Bus Stops (GeoJSON Format)" type="WWW:DOWNLOAD-1.0-http--download"/>
    <atom:link href="http://dataexchange.asu.edu:80/gs/ows?outputFormat=excel&amp;service=WFS&amp;srs=EPSG%3A4326&amp;request=GetFeature&amp;typename=geonode%3AValley_Metro_Bus_Stops&amp;version=1.0.0" title="Valley Metro Bus Stops (Excel Format)" type="WWW:DOWNLOAD-1.0-http--download"/>
    <atom:link href="http://dataexchange.asu.edu:80/gs/ows?outputFormat=csv&amp;service=WFS&amp;srs=EPSG%3A4326&amp;request=GetFeature&amp;typename=geonode%3AValley_Metro_Bus_Stops&amp;version=1.0.0" title="Valley Metro Bus Stops (CSV Format)" type="WWW:DOWNLOAD-1.0-http--download"/>
    <atom:link href="http://dataexchange.asu.edu:80/gs/ows?outputFormat=text%2Fxml%3B+subtype%3Dgml%2F3.1.1&amp;service=WFS&amp;srs=EPSG%3A4326&amp;request=GetFeature&amp;typename=geonode%3AValley_Metro_Bus_Stops&amp;version=1.0.0" title="Valley Metro Bus Stops (GML 3.1.1 Format)" type="WWW:DOWNLOAD-1.0-http--download"/>
    <atom:link href="http://dataexchange.asu.edu:80/gs/ows?outputFormat=gml2&amp;service=WFS&amp;srs=EPSG%3A4326&amp;request=GetFeature&amp;typename=geonode%3AValley_Metro_Bus_Stops&amp;version=1.0.0" title="Valley Metro Bus Stops (GML 2.0 Format)" type="WWW:DOWNLOAD-1.0-http--download"/>
    <atom:link href="http://dataexchange.asu.edu:80/gs/ows?outputFormat=SHAPE-ZIP&amp;service=WFS&amp;srs=EPSG%3A4326&amp;request=GetFeature&amp;format_options=charset%3AUTF-8&amp;typename=geonode%3AValley_Metro_Bus_Stops&amp;version=1.0.0" title="Valley Metro Bus Stops (Zipped Shapefile Format)" type="WWW:DOWNLOAD-1.0-http--download"/>
    <atom:link href="http://dataexchange.asu.edu:80/download/46" title="Valley Metro Bus Stops (Original Dataset Format)" type="WWW:DOWNLOAD-1.0-http--download"/>
    <atom:link href="http://dataexchange.asu.edu:80/catalogue/csw?service=CSW&amp;version=2.0.2&amp;request=GetRepositoryItem&amp;id=af0ec28e-96ba-11e9-a5b1-0242ac120003"/>
    <atom:title>Valley Metro Bus Stops</atom:title>
    <atom:updated>2018-11-02</atom:updated>
    <atom:published>2018-11-02</atom:published>
    <atom:summary>Valley Metro bus stops as of January 29, 2019.  Bus stops are owned and maintained by the jurisdictions that Valley Metro serves. This data is intended only to provide the location and general information for each bus stop, such as what routes they serve, if they have shade/seating, and what the NextRide number should be.  If the bus stop has a picture taken of it, that will be available through a link provided in the popup (after a user selects a specific bus stop).  The bus stop identification number is used in various applications to ensure the correct bus stop is being modeled or analyzed.</atom:summary>
    <georss:where>
      <gml:Envelope srsName="http://www.opengis.net/def/crs/EPSG/0/4326">
        <gml:lowerCorner>32.3827068935 -112.872185868</gml:lowerCorner>
        <gml:upperCorner>33.713063009 -111.660913561</gml:upperCorner>
      </gml:Envelope>
    </georss:where>
  </atom:entry>
</csw:GetRecordByIdResponse>
