<?xml version="1.0" encoding="UTF-8" standalone="no"?>
<!-- pycsw 2.4.0 -->
<csw:GetRecordByIdResponse xmlns:csw="http://www.opengis.net/cat/csw/2.0.2" xmlns:dc="http://purl.org/dc/elements/1.1/" xmlns:dct="http://purl.org/dc/terms/" xmlns:gmd="http://www.isotc211.org/2005/gmd" xmlns:gml="http://www.opengis.net/gml" xmlns:ows="http://www.opengis.net/ows" xmlns:xs="http://www.w3.org/2001/XMLSchema" xmlns:xsi="http://www.w3.org/2001/XMLSchema-instance" xsi:schemaLocation="http://www.opengis.net/cat/csw/2.0.2 http://schemas.opengis.net/csw/2.0.2/CSW-discovery.xsd">
  <csw:Record>
    <dc:identifier>af0ec28e-96ba-11e9-a5b1-0242ac120003</dc:identifier>
    <dc:title>Valley Metro Bus Stops</dc:title>
    <dc:type>dataset</dc:type>
    <dc:subject>boundaries</dc:subject>
    <dc:subject>neighborhoods</dc:subject>
    <dc:subject>transportation</dc:subject>
    <dc:subject>Utilities</dc:subject>
    <dc:subject scheme="http://www.isotc211.org/2005/resources/Codelist/gmxCodelists.xml#MD_TopicCategoryCode">transportation</dc:subject>
    <dc:format>vector</dc:format>
    <dct:references scheme="WWW:DOWNLOAD-1.0-http--download">http://dataexchange.asu.edu:80/gs/ows?service=WMS&amp;request=GetLegendGraphic&amp;format=image/png&amp;WIDTH=20&amp;HEIGHT=20&amp;LAYER=geonode:Valley_Metro_Bus_Stops&amp;STYLE=Valley_Metro_Bus_Stops&amp;legend_options=fontAntiAliasing:true;fontSize:12;forceLabels:on</dct:references>
    <dct:references scheme="WWW:DOWNLOAD-1.0-http--download">http://dataexchange.asu.edu:80/gs/ows?layers=geonode%3AValley_Metro_Bus_Stops&amp;service=WMS&amp;format=image%2Fpng&amp;request=GetMap&amp;height=550&amp;width=500&amp;bbox=-112.872185867537000%2C32.382706893489400%2C-111.660913561192000%2C33.713063009010500&amp;srs=EPSG%3A4326</dct:references>
    <dct:references scheme="WWW:DOWNLOAD-1.0-http--download">http://dataexchange.asu.edu:80/gs/ows?layers=geonode%3AValley_Metro_Bus_Stops&amp;service=WMS&amp;format=application%2Fpdf&amp;request=GetMap&amp;height=550&amp;width=500&amp;bbox=-112.872185867537000%2C32.382706893489400%2C-111.660913561192000%2C33.713063009010500&amp;srs=EPSG%3A4326</dct:references>
    <dct:references scheme="WWW:DOWNLOAD-1.0-http--download">http://dataexchange.asu.edu:80/gs/ows?layers=geonode%3AValley_Metro_Bus_Stops&amp;service=WMS&amp;format=image%2Fjpeg&amp;request=GetMap&amp;height=550&amp;width=500&amp;bbox=-112.872185867537000%2C32.382706893489400%2C-111.660913561192000%2C33.713063009010500&amp;srs=EPSG%3A4326</dct:references>
    <dct:references scheme="OGC:WMS">http://dataexchange.asu.edu:80/gs/ows</dct:references>
    <dct:references scheme="WWW:LINK-1.0-http--link">http://dataexchange.asu.edu:80/layers/geonode:Valley_Metro_Bus_Stops</dct:references>
    <dct:references scheme="WWW:DOWNLOAD-1.0-http--download">http://dataexchange.asu.edu:80/gs/ows?srsName=EPSG%3A4326&amp;outputFormat=json&amp;service=WFS&amp;srs=EPSG%3A4326&amp;request=GetFeature&amp;typename=geonode%3AValley_Metro_Bus_Stops&amp;version=1.0.0</dct:references>
    <dct:references scheme="WWW:DOWNLOAD-1.0-http--download">http://dataexchange.asu.edu:80/gs/ows?outputFormat=excel&amp;service=WFS&amp;srs=EPSG%3A4326&amp;request=GetFeature&amp;typename=geonode%3AValley_Metro_Bus_Stops&amp;version=1.0.0</dct:references>
    <dct:references scheme="WWW:DOWNLOAD-1.0-http--download">http://dataexchange.asu.edu:80/gs/ows?outputFormat=csv&amp;service=WFS&amp;srs=EPSG%3A4326&amp;request=GetFeature&amp;typename=geonode%3AValley_Metro_Bus_Stops&amp;version=1.0.0</dct:references>
    <dct:references scheme="WWW:DOWNLOAD-1.0-http--download">http://dataexchange.asu.edu:80/gs/ows?outputFormat=text%2Fxml%3B+subtype%3Dgml%2F3.1.1&amp;service=WFS&amp;srs=EPSG%3A4326&amp;request=GetFeature&amp;typename=geonode%3AValley_Metro_Bus_Stops&amp;version=1.0.0</dct:references>
    <dct:references scheme="WWW:DOWNLOAD-1.0-http--download">http://dataexchange.asu.edu:80/gs/ows?outputFormat=gml2&amp;service=WFS&amp;srs=EPSG%3A4326&amp;request=GetFeature&amp;typename=geonode%3AValley_Metro_Bus_Stops&amp;version=1.0.0</dct:references>
    <dct:references scheme="WWW:DOWNLOAD-1.0-http--download">http://dataexchange.asu.edu:80/gs/ows?outputFormat=SHAPE-ZIP&amp;service=WFS&amp;srs=EPSG%3A4326&amp;request=GetFeature&amp;format_options=charset%3AUTF-8&amp;typename=geonode%3AValley_Metro_Bus_Stops&amp;version=1.0.0</dct:references>
    <dct:references scheme="WWW:DOWNLOAD-1.0-http--download">http://dataexchange.asu.edu:80/download/46</dct:references>
    <dct:modified>2018-11-02</dct:modified>
    <dct:abstract>Valley Metro bus stops as of January 29, 2019.  Bus stops are owned and maintained by the jurisdictions that Valley Metro serves. This data is intended only to provide the location and general information for each bus stop, such as what routes they serve, if they have shade/seating, and what the NextRide number should be.  If the bus stop has a picture taken of it, that will be available through a link provided in the popup (after a user selects a specific bus stop).  The bus stop identification number is used in various applications to ensure the correct bus stop is being modeled or analyzed.</dct:abstract>
    <dc:date>2018-11-02</dc:date>
    <dc:creator>pyager1</dc:creator>
    <dc:publisher>pyager1</dc:publisher>
    <dc:contributor>pyager1</dc:contributor>
    <dc:language>eng</dc:language>
    <dct:alternative>geonode:Valley_Metro_Bus_Stops</dct:alternative>
    <dct:spatial scheme="http://www.opengis.net/def/crs">EPSG:4326</dct:spatial>
    <ows:BoundingBox crs="urn:x-ogc:def:crs:EPSG:6.11:4326" dimensions="2">
      <ows:LowerCorner>32.3827068935 -112.872185868</ows:LowerCorner>
      <ows:UpperCorner>33.713063009 -111.660913561</ows:UpperCorner>
    </ows:BoundingBox>
  </csw:Record>
</csw:GetRecordByIdResponse>
