<?xml version="1.0" encoding="UTF-8" standalone="no"?>
<!-- pycsw 2.4.0 -->
<csw:GetRecordByIdResponse xmlns:csw="http://www.opengis.net/cat/csw/2.0.2" xmlns:dc="http://purl.org/dc/elements/1.1/" xmlns:dct="http://purl.org/dc/terms/" xmlns:gmd="http://www.isotc211.org/2005/gmd" xmlns:gml="http://www.opengis.net/gml" xmlns:ows="http://www.opengis.net/ows" xmlns:rim="urn:oasis:names:tc:ebxml-regrep:xsd:rim:3.0" xmlns:xs="http://www.w3.org/2001/XMLSchema" xmlns:xsi="http://www.w3.org/2001/XMLSchema-instance" xsi:schemaLocation="http://www.opengis.net/cat/csw/2.0.2 http://schemas.opengis.net/csw/2.0.2/CSW-discovery.xsd">
  <rim:ExtrinsicObject xsi:schemaLocation="http://www.opengis.net/cat/wrs/1.0 http://schemas.opengis.net/csw/2.0.2/profiles/ebrim/1.0/csw-ebrim.xsd" id="af0ec28e-96ba-11e9-a5b1-0242ac120003" lid="af0ec28e-96ba-11e9-a5b1-0242ac120003" objectType="dataset" status="urn:oasis:names:tc:ebxml-regrep:StatusType:Submitted">
    <rim:VersionInfo versionName=""/>
    <rim:ExternalIdentifier id="af0ec28e-96ba-11e9-a5b1-0242ac120003" identificationScheme="foo" registryObject="None" value="af0ec28e-96ba-11e9-a5b1-0242ac120003"/>
    <rim:Name>
      <rim:LocalizedString value="Valley Metro Bus Stops"/>
    </rim:Name>
    <rim:Description>
      <rim:LocalizedString value="Valley Metro bus stops as of January 29, 2019.  Bus stops are owned and maintained by the jurisdictions that Valley Metro serves. This data is intended only to provide the location and general information for each bus stop, such as what routes they serve, if they have shade/seating, and what the NextRide number should be.  If the bus stop has a picture taken of it, that will be available through a link provided in the popup (after a user selects a specific bus stop).  The bus stop identification number is used in various applications to ensure the correct bus stop is being modeled or analyzed."/>
    </rim:Description>
    <rim:Slot slotType="urn:ogc:def:dataType:ISO-19107:2003:GM_Envelope">
      <rim:ValueList>
        <rim:Value>
          <ows:BoundingBox crs="urn:x-ogc:def:crs:EPSG:6.11:4326" dimensions="2">
            <ows:LowerCorner>32.3827068935 -112.872185868</ows:LowerCorner>
            <ows:UpperCorner>33.713063009 -111.660913561</ows:UpperCorner>
          </ows:BoundingBox>
        </rim:Value>
      </rim:ValueList>
    </rim:Slot>
    <rim:Slot name="http://purl.org/dc/elements/1.1/subject">
      <rim:ValueList>
        <rim:Value>boundaries</rim:Value>
        <rim:Value>neighborhoods</rim:Value>
        <rim:Value>transportation</rim:Value>
        <rim:Value>Utilities</rim:Value>
      </rim:ValueList>
    </rim:Slot>
  </rim:ExtrinsicObject>
</csw:GetRecordByIdResponse>
