<?xml version="1.0" encoding="UTF-8" standalone="no"?>
<!-- pycsw 2.4.0 -->
<csw:GetRecordByIdResponse xmlns:atom="http://www.w3.org/2005/Atom" xmlns:csw="http://www.opengis.net/cat/csw/2.0.2" xmlns:dc="http://purl.org/dc/elements/1.1/" xmlns:dct="http://purl.org/dc/terms/" xmlns:gmd="http://www.isotc211.org/2005/gmd" xmlns:gml="http://www.opengis.net/gml" xmlns:ows="http://www.opengis.net/ows" xmlns:xs="http://www.w3.org/2001/XMLSchema" xmlns:xsi="http://www.w3.org/2001/XMLSchema-instance" xsi:schemaLocation="http://www.opengis.net/cat/csw/2.0.2 http://schemas.opengis.net/csw/2.0.2/CSW-discovery.xsd">
  <atom:entry xmlns:georss="http://www.georss.org/georss" xsi:schemaLocation="http://www.w3.org/2005/Atom http://www.kbcafe.com/rss/atom.xsd.xml">
    <atom:author>
      <atom:name>pyager1</atom:name>
    </atom:author>
    <atom:category term="boundaries"/>
    <atom:category term="education"/>
    <atom:contributor>pyager1</atom:contributor>
    <atom:id>6590534a-991f-11e9-892b-0242ac120006</atom:id>
    <dc:identifier>6590534a-991f-11e9-892b-0242ac120006</dc:identifier>
    <atom:link href="http://dataexchange.asu.edu:80/gs/ows?service=WMS&amp;request=GetLegendGraphic&amp;format=image/png&amp;WIDTH=20&amp;HEIGHT=20&amp;LAYER=geonode:PCA&amp;STYLE=PCA&amp;legend_options=fontAntiAliasing:true;fontSize:12;forceLabels:on" title="Arizona Primary Care Areas (Legend Format)" type="WWW:DOWNLOAD-1.0-http--download"/>
    <atom:link href="http://dataexchange.asu.edu:80/gs/ows?layers=geonode%3APCA&amp;service=WMS&amp;format=image%2Fpng&amp;request=GetMap&amp;height=550&amp;width=462&amp;bbox=-12781324.444739600000000%2C3675964.206821020000000%2C-12138858.750000000000000%2C4439700.625000010000000&amp;srs=EPSG%3A3857" title="Arizona Primary Care Areas (PNG Format)" type="WWW:DOWNLOAD-1.0-http--download"/>
    <atom:link href="http://dataexchange.asu.edu:80/gs/ows?layers=geonode%3APCA&amp;service=WMS&amp;format=application%2Fpdf&amp;request=GetMap&amp;height=550&amp;width=462&amp;bbox=-12781324.444739600000000%2C3675964.206821020000000%2C-12138858.750000000000000%2C4439700.625000010000000&amp;srs=EPSG%3A3857" title="Arizona Primary Care Areas (PDF Format)" type="WWW:DOWNLOAD-1.0-http--download"/>
    <atom:link href="http://dataexchange.asu.edu:80/gs/ows?layers=geonode%3APCA&amp;service=WMS&amp;format=image%2Fjpeg&amp;request=GetMap&amp;height=550&amp;width=462&amp;bbox=-12781324.444739600000000%2C3675964.206821020000000%2C-12138858.750000000000000%2C4439700.625000010000000&amp;srs=EPSG%3A3857" title="Arizona Primary Care Areas (JPEG Format)" type="WWW:DOWNLOAD-1.0-http--download"/>
    <atom:link href="http://dataexchange.asu.edu:80/gs/ows" title="OGC WMS: geonode Service" type="OGC:WMS"/>
    <atom:link href="http://dataexchange.asu.edu:80/layers/geonode:PCA" title="Web address (URL)" type="WWW:LINK-1.0-http--link"/>
    <atom:link href="http://dataexchange.asu.edu:80/gs/ows?srsName=EPSG%3A3857&amp;outputFormat=json&amp;service=WFS&amp;srs=EPSG%3A3857&amp;request=GetFeature&amp;typename=geonode%3APCA&amp;version=1.0.0" title="Arizona Primary Care Areas (GeoJSON Format)" type="WWW:DOWNLOAD-1.0-http--download"/>
    <atom:link href="http://dataexchange.asu.edu:80/gs/ows?outputFormat=excel&amp;service=WFS&amp;srs=EPSG%3A3857&amp;request=GetFeature&amp;typename=geonode%3APCA&amp;version=1.0.0" title="Arizona Primary Care Areas (Excel Format)" type="WWW:DOWNLOAD-1.0-http--download"/>
    <atom:link href="http://dataexchange.asu.edu:80/gs/ows?outputFormat=csv&amp;service=WFS&amp;srs=EPSG%3A3857&amp;request=GetFeature&amp;typename=geonode%3APCA&amp;version=1.0.0" title="Arizona Primary Care Areas (CSV Format)" type="WWW:DOWNLOAD-1.0-http--download"/>
    <atom:link href="http://dataexchange.asu.edu:80/gs/ows?outputFormat=text%2Fxml%3B+subtype%3Dgml%2F3.1.1&amp;service=WFS&amp;srs=EPSG%3A3857&amp;request=GetFeature&amp;typename=geonode%3APCA&amp;version=1.0.0" title="Arizona Primary Care Areas (GML 3.1.1 Format)" type="WWW:DOWNLOAD-1.0-http--download"/>
    <atom:link href="http://dataexchange.asu.edu:80/gs/ows?outputFormat=gml2&amp;service=WFS&amp;srs=EPSG%3A3857&amp;request=GetFeature&amp;typename=geonode%3APCA&amp;version=1.0.0" title="Arizona Primary Care Areas (GML 2.0 Format)" type="WWW:DOWNLOAD-1.0-http--download"/>
    <atom:link href="http://dataexchange.asu.edu:80/gs/ows?outputFormat=SHAPE-ZIP&amp;service=WFS&amp;srs=EPSG%3A3857&amp;request=GetFeature&amp;format_options=charset%3AUTF-8&amp;typename=geonode%3APCA&amp;version=1.0.0" title="Arizona Primary Care Areas (Zipped Shapefile Format)" type="WWW:DOWNLOAD-1.0-http--download"/>
    <atom:link href="http://dataexchange.asu.edu:80/download/58" title="Arizona Primary Care Areas (Original Dataset Format)" type="WWW:DOWNLOAD-1.0-http--download"/>
    <atom:link href="http://dataexchange.asu.edu:80/catalogue/csw?service=CSW&amp;version=2.0.2&amp;request=GetRepositoryItem&amp;id=6590534a-991f-11e9-892b-0242ac120006"/>
    <atom:title>Arizona Primary Care Areas</atom:title>
    <atom:updated>2019-06-27T21:06:00Z</atom:updated>
    <atom:published>2019-06-27T21:06:00Z</atom:published>
    <atom:summary>Arizona PCAs reflect similarities in demographics and primary care services utilization patterns. They are a common geographic unit adopted by the Arizona Department for Health Services for health statistical analysis.&#13;
&#13;
A specific methodology process, rules and exceptions were developed to guide the creation of PCAs, which are built from 2010 US Census Tracts. All PCAs have a population greater than 10,000 but less than 200,000, have an area no greater than 7500 square miles, shall not cross county lines, and shall follow existing political boundaries whenever possible. If no political boundary exists, demographics (in urban areas) and proximity to safety net facilities and neighboring communities (in rural areas) are used to form a PCA. There are a couple exceptions to these rules. Tribal PCAs are exempt from population and area minimum and maximum rules, and can cross county lines. If the Census&#13;
Designated Place (CDP) that defines a PCA crosses county lines and its population adds up to at least 10,000 but less than 150,000 then the resulting PCA can cross a county line.</atom:summary>
    <georss:where>
      <gml:Envelope srsName="http://www.opengis.net/def/crs/EPSG/0/4326">
        <gml:lowerCorner>31.332177 -114.816591</gml:lowerCorner>
        <gml:upperCorner>37.0042602299 -109.045223469</gml:upperCorner>
      </gml:Envelope>
    </georss:where>
  </atom:entry>
</csw:GetRecordByIdResponse>
