<?xml version="1.0" encoding="UTF-8" standalone="no"?>
<!-- pycsw 2.4.0 -->
<csw:GetRecordByIdResponse xmlns:csw="http://www.opengis.net/cat/csw/2.0.2" xmlns:dc="http://purl.org/dc/elements/1.1/" xmlns:dct="http://purl.org/dc/terms/" xmlns:dif="http://gcmd.gsfc.nasa.gov/Aboutus/xml/dif/" xmlns:gmd="http://www.isotc211.org/2005/gmd" xmlns:gml="http://www.opengis.net/gml" xmlns:ows="http://www.opengis.net/ows" xmlns:xs="http://www.w3.org/2001/XMLSchema" xmlns:xsi="http://www.w3.org/2001/XMLSchema-instance" xsi:schemaLocation="http://www.opengis.net/cat/csw/2.0.2 http://schemas.opengis.net/csw/2.0.2/CSW-discovery.xsd">
  <dif:DIF xsi:schemaLocation="http://gcmd.gsfc.nasa.gov/Aboutus/xml/dif/ http://gcmd.gsfc.nasa.gov/Aboutus/xml/dif/dif.xsd">
    <dif:Entry_ID>6590534a-991f-11e9-892b-0242ac120006</dif:Entry_ID>
    <dif:Entry_Title>Arizona Primary Care Areas</dif:Entry_Title>
    <dif:Data_Set_Citation>
      <dif:Dataset_Creator>pyager1</dif:Dataset_Creator>
      <dif:Dataset_Release_Date>2019-06-27T21:06:00Z</dif:Dataset_Release_Date>
      <dif:Dataset_Publisher>pyager1</dif:Dataset_Publisher>
      <dif:Data_Presentation_Form>vector</dif:Data_Presentation_Form>
    </dif:Data_Set_Citation>
    <dif:ISO_Topic_Category>health</dif:ISO_Topic_Category>
    <dif:Keyword>boundaries</dif:Keyword>
    <dif:Keyword>education</dif:Keyword>
    <dif:Temporal_Coverage>
      <dif:Start_Date/>
      <dif:End_Date/>
    </dif:Temporal_Coverage>
    <dif:Spatial_Coverage>
      <dif:Southernmost_Latitude>31.332177</dif:Southernmost_Latitude>
      <dif:Northernmost_Latitude>37.0042602299</dif:Northernmost_Latitude>
      <dif:Westernmost_Longitude>-114.816591</dif:Westernmost_Longitude>
      <dif:Easternmost_Longitude>-109.045223469</dif:Easternmost_Longitude>
    </dif:Spatial_Coverage>
    <dif:Access_Constraints/>
    <dif:Data_Set_Language>eng</dif:Data_Set_Language>
    <dif:Originating_Center/>
    <dif:Summary>Arizona PCAs reflect similarities in demographics and primary care services utilization patterns. They are a common geographic unit adopted by the Arizona Department for Health Services for health statistical analysis.&#13;
&#13;
A specific methodology process, rules and exceptions were developed to guide the creation of PCAs, which are built from 2010 US Census Tracts. All PCAs have a population greater than 10,000 but less than 200,000, have an area no greater than 7500 square miles, shall not cross county lines, and shall follow existing political boundaries whenever possible. If no political boundary exists, demographics (in urban areas) and proximity to safety net facilities and neighboring communities (in rural areas) are used to form a PCA. There are a couple exceptions to these rules. Tribal PCAs are exempt from population and area minimum and maximum rules, and can cross county lines. If the Census&#13;
Designated Place (CDP) that defines a PCA crosses county lines and its population adds up to at least 10,000 but less than 150,000 then the resulting PCA can cross a county line.</dif:Summary>
    <dif:DIF_Creation_Date>2019-06-27T21:06:00Z</dif:DIF_Creation_Date>
    <dif:Related_URL>
      <dif:URL/>
    </dif:Related_URL>
    <dif:Related_URL>
      <dif:URL_Content_Type>
        <dif:Type>WWW:DOWNLOAD-1.0-http--download</dif:Type>
      </dif:URL_Content_Type>
      <dif:URL>http://dataexchange.asu.edu:80/gs/ows?service=WMS&amp;request=GetLegendGraphic&amp;format=image/png&amp;WIDTH=20&amp;HEIGHT=20&amp;LAYER=geonode:PCA&amp;STYLE=PCA&amp;legend_options=fontAntiAliasing:true;fontSize:12;forceLabels:on</dif:URL>
      <dif:Description>Arizona Primary Care Areas (Legend Format)</dif:Description>
    </dif:Related_URL>
    <dif:Related_URL>
      <dif:URL_Content_Type>
        <dif:Type>WWW:DOWNLOAD-1.0-http--download</dif:Type>
      </dif:URL_Content_Type>
      <dif:URL>http://dataexchange.asu.edu:80/gs/ows?layers=geonode%3APCA&amp;service=WMS&amp;format=image%2Fpng&amp;request=GetMap&amp;height=550&amp;width=462&amp;bbox=-12781324.444739600000000%2C3675964.206821020000000%2C-12138858.750000000000000%2C4439700.625000010000000&amp;srs=EPSG%3A3857</dif:URL>
      <dif:Description>Arizona Primary Care Areas (PNG Format)</dif:Description>
    </dif:Related_URL>
    <dif:Related_URL>
      <dif:URL_Content_Type>
        <dif:Type>WWW:DOWNLOAD-1.0-http--download</dif:Type>
      </dif:URL_Content_Type>
      <dif:URL>http://dataexchange.asu.edu:80/gs/ows?layers=geonode%3APCA&amp;service=WMS&amp;format=application%2Fpdf&amp;request=GetMap&amp;height=550&amp;width=462&amp;bbox=-12781324.444739600000000%2C3675964.206821020000000%2C-12138858.750000000000000%2C4439700.625000010000000&amp;srs=EPSG%3A3857</dif:URL>
      <dif:Description>Arizona Primary Care Areas (PDF Format)</dif:Description>
    </dif:Related_URL>
    <dif:Related_URL>
      <dif:URL_Content_Type>
        <dif:Type>WWW:DOWNLOAD-1.0-http--download</dif:Type>
      </dif:URL_Content_Type>
      <dif:URL>http://dataexchange.asu.edu:80/gs/ows?layers=geonode%3APCA&amp;service=WMS&amp;format=image%2Fjpeg&amp;request=GetMap&amp;height=550&amp;width=462&amp;bbox=-12781324.444739600000000%2C3675964.206821020000000%2C-12138858.750000000000000%2C4439700.625000010000000&amp;srs=EPSG%3A3857</dif:URL>
      <dif:Description>Arizona Primary Care Areas (JPEG Format)</dif:Description>
    </dif:Related_URL>
    <dif:Related_URL>
      <dif:URL_Content_Type>
        <dif:Type>OGC:WMS</dif:Type>
      </dif:URL_Content_Type>
      <dif:URL>http://dataexchange.asu.edu:80/gs/ows</dif:URL>
      <dif:Description>OGC WMS: geonode Service</dif:Description>
    </dif:Related_URL>
    <dif:Related_URL>
      <dif:URL_Content_Type>
        <dif:Type>WWW:LINK-1.0-http--link</dif:Type>
      </dif:URL_Content_Type>
      <dif:URL>http://dataexchange.asu.edu:80/layers/geonode:PCA</dif:URL>
      <dif:Description>Web address (URL)</dif:Description>
    </dif:Related_URL>
    <dif:Related_URL>
      <dif:URL_Content_Type>
        <dif:Type>WWW:DOWNLOAD-1.0-http--download</dif:Type>
      </dif:URL_Content_Type>
      <dif:URL>http://dataexchange.asu.edu:80/gs/ows?srsName=EPSG%3A3857&amp;outputFormat=json&amp;service=WFS&amp;srs=EPSG%3A3857&amp;request=GetFeature&amp;typename=geonode%3APCA&amp;version=1.0.0</dif:URL>
      <dif:Description>Arizona Primary Care Areas (GeoJSON Format)</dif:Description>
    </dif:Related_URL>
    <dif:Related_URL>
      <dif:URL_Content_Type>
        <dif:Type>WWW:DOWNLOAD-1.0-http--download</dif:Type>
      </dif:URL_Content_Type>
      <dif:URL>http://dataexchange.asu.edu:80/gs/ows?outputFormat=excel&amp;service=WFS&amp;srs=EPSG%3A3857&amp;request=GetFeature&amp;typename=geonode%3APCA&amp;version=1.0.0</dif:URL>
      <dif:Description>Arizona Primary Care Areas (Excel Format)</dif:Description>
    </dif:Related_URL>
    <dif:Related_URL>
      <dif:URL_Content_Type>
        <dif:Type>WWW:DOWNLOAD-1.0-http--download</dif:Type>
      </dif:URL_Content_Type>
      <dif:URL>http://dataexchange.asu.edu:80/gs/ows?outputFormat=csv&amp;service=WFS&amp;srs=EPSG%3A3857&amp;request=GetFeature&amp;typename=geonode%3APCA&amp;version=1.0.0</dif:URL>
      <dif:Description>Arizona Primary Care Areas (CSV Format)</dif:Description>
    </dif:Related_URL>
    <dif:Related_URL>
      <dif:URL_Content_Type>
        <dif:Type>WWW:DOWNLOAD-1.0-http--download</dif:Type>
      </dif:URL_Content_Type>
      <dif:URL>http://dataexchange.asu.edu:80/gs/ows?outputFormat=text%2Fxml%3B+subtype%3Dgml%2F3.1.1&amp;service=WFS&amp;srs=EPSG%3A3857&amp;request=GetFeature&amp;typename=geonode%3APCA&amp;version=1.0.0</dif:URL>
      <dif:Description>Arizona Primary Care Areas (GML 3.1.1 Format)</dif:Description>
    </dif:Related_URL>
    <dif:Related_URL>
      <dif:URL_Content_Type>
        <dif:Type>WWW:DOWNLOAD-1.0-http--download</dif:Type>
      </dif:URL_Content_Type>
      <dif:URL>http://dataexchange.asu.edu:80/gs/ows?outputFormat=gml2&amp;service=WFS&amp;srs=EPSG%3A3857&amp;request=GetFeature&amp;typename=geonode%3APCA&amp;version=1.0.0</dif:URL>
      <dif:Description>Arizona Primary Care Areas (GML 2.0 Format)</dif:Description>
    </dif:Related_URL>
    <dif:Related_URL>
      <dif:URL_Content_Type>
        <dif:Type>WWW:DOWNLOAD-1.0-http--download</dif:Type>
      </dif:URL_Content_Type>
      <dif:URL>http://dataexchange.asu.edu:80/gs/ows?outputFormat=SHAPE-ZIP&amp;service=WFS&amp;srs=EPSG%3A3857&amp;request=GetFeature&amp;format_options=charset%3AUTF-8&amp;typename=geonode%3APCA&amp;version=1.0.0</dif:URL>
      <dif:Description>Arizona Primary Care Areas (Zipped Shapefile Format)</dif:Description>
    </dif:Related_URL>
    <dif:Related_URL>
      <dif:URL_Content_Type>
        <dif:Type>WWW:DOWNLOAD-1.0-http--download</dif:Type>
      </dif:URL_Content_Type>
      <dif:URL>http://dataexchange.asu.edu:80/download/58</dif:URL>
      <dif:Description>Arizona Primary Care Areas (Original Dataset Format)</dif:Description>
    </dif:Related_URL>
    <dif:Metadata_Name>CEOS IDN DIF</dif:Metadata_Name>
    <dif:Metadata_Version>9.7</dif:Metadata_Version>
  </dif:DIF>
</csw:GetRecordByIdResponse>
