<?xml version="1.0" encoding="UTF-8" standalone="no"?>
<!-- pycsw 2.4.0 -->
<csw:GetRecordByIdResponse xmlns:csw="http://www.opengis.net/cat/csw/2.0.2" xmlns:dc="http://purl.org/dc/elements/1.1/" xmlns:dct="http://purl.org/dc/terms/" xmlns:gmd="http://www.isotc211.org/2005/gmd" xmlns:gml="http://www.opengis.net/gml" xmlns:ows="http://www.opengis.net/ows" xmlns:rim="urn:oasis:names:tc:ebxml-regrep:xsd:rim:3.0" xmlns:xs="http://www.w3.org/2001/XMLSchema" xmlns:xsi="http://www.w3.org/2001/XMLSchema-instance" xsi:schemaLocation="http://www.opengis.net/cat/csw/2.0.2 http://schemas.opengis.net/csw/2.0.2/CSW-discovery.xsd">
  <rim:ExtrinsicObject xsi:schemaLocation="http://www.opengis.net/cat/wrs/1.0 http://schemas.opengis.net/csw/2.0.2/profiles/ebrim/1.0/csw-ebrim.xsd" id="6590534a-991f-11e9-892b-0242ac120006" lid="6590534a-991f-11e9-892b-0242ac120006" objectType="dataset" status="urn:oasis:names:tc:ebxml-regrep:StatusType:Submitted">
    <rim:VersionInfo versionName=""/>
    <rim:ExternalIdentifier id="6590534a-991f-11e9-892b-0242ac120006" identificationScheme="foo" registryObject="None" value="6590534a-991f-11e9-892b-0242ac120006"/>
    <rim:Name>
      <rim:LocalizedString value="Arizona Primary Care Areas"/>
    </rim:Name>
    <rim:Description>
      <rim:LocalizedString value="Arizona PCAs reflect similarities in demographics and primary care services utilization patterns. They are a common geographic unit adopted by the Arizona Department for Health Services for health statistical analysis.&#13;&#10;&#13;&#10;A specific methodology process, rules and exceptions were developed to guide the creation of PCAs, which are built from 2010 US Census Tracts. All PCAs have a population greater than 10,000 but less than 200,000, have an area no greater than 7500 square miles, shall not cross county lines, and shall follow existing political boundaries whenever possible. If no political boundary exists, demographics (in urban areas) and proximity to safety net facilities and neighboring communities (in rural areas) are used to form a PCA. There are a couple exceptions to these rules. Tribal PCAs are exempt from population and area minimum and maximum rules, and can cross county lines. If the Census&#13;&#10;Designated Place (CDP) that defines a PCA crosses county lines and its population adds up to at least 10,000 but less than 150,000 then the resulting PCA can cross a county line."/>
    </rim:Description>
    <rim:Slot slotType="urn:ogc:def:dataType:ISO-19107:2003:GM_Envelope">
      <rim:ValueList>
        <rim:Value>
          <ows:BoundingBox crs="urn:x-ogc:def:crs:EPSG:6.11:4326" dimensions="2">
            <ows:LowerCorner>31.332177 -114.816591</ows:LowerCorner>
            <ows:UpperCorner>37.0042602299 -109.045223469</ows:UpperCorner>
          </ows:BoundingBox>
        </rim:Value>
      </rim:ValueList>
    </rim:Slot>
    <rim:Slot name="http://purl.org/dc/elements/1.1/subject">
      <rim:ValueList>
        <rim:Value>boundaries</rim:Value>
        <rim:Value>education</rim:Value>
      </rim:ValueList>
    </rim:Slot>
  </rim:ExtrinsicObject>
</csw:GetRecordByIdResponse>
