<?xml version="1.0" encoding="UTF-8" standalone="no"?>
<!-- pycsw 2.4.0 -->
<csw:GetRecordByIdResponse xmlns:csw="http://www.opengis.net/cat/csw/2.0.2" xmlns:dc="http://purl.org/dc/elements/1.1/" xmlns:dct="http://purl.org/dc/terms/" xmlns:gco="http://www.isotc211.org/2005/gco" xmlns:gmd="http://www.isotc211.org/2005/gmd" xmlns:gml="http://www.opengis.net/gml" xmlns:ows="http://www.opengis.net/ows" xmlns:xlink="http://www.w3.org/1999/xlink" xmlns:xs="http://www.w3.org/2001/XMLSchema" xmlns:xsi="http://www.w3.org/2001/XMLSchema-instance" xsi:schemaLocation="http://www.opengis.net/cat/csw/2.0.2 http://schemas.opengis.net/csw/2.0.2/CSW-discovery.xsd">
  <gmd:MD_Metadata xsi:schemaLocation="http://www.isotc211.org/2005/gmd http://www.isotc211.org/2005/gmd/gmd.xsd">
   <gmd:fileIdentifier>
     <gco:CharacterString>6590534a-991f-11e9-892b-0242ac120006</gco:CharacterString>
   </gmd:fileIdentifier>
   <gmd:language>
     <gco:CharacterString>eng</gco:CharacterString>
   </gmd:language>
   <gmd:characterSet>
     <gmd:MD_CharacterSetCode codeSpace="ISOTC211/19115" codeList="http://www.isotc211.org/2005/resources/Codelist/gmxCodelists.xml#MD_CharacterSetCode" codeListValue="utf8">utf8</gmd:MD_CharacterSetCode>
   </gmd:characterSet>
   <gmd:hierarchyLevel>
    <gmd:MD_ScopeCode codeSpace="ISOTC211/19115" codeList="http://www.isotc211.org/2005/resources/Codelist/gmxCodelists.xml#MD_ScopeCode" codeListValue="dataset">dataset</gmd:MD_ScopeCode>
   </gmd:hierarchyLevel>


   
   <gmd:contact>
     <gmd:CI_ResponsibleParty>
       <gmd:individualName gco:nilReason="missing">
         
       </gmd:individualName>
       <gmd:organisationName gco:nilReason="missing">
         
       </gmd:organisationName>
       <gmd:positionName gco:nilReason="missing">
         
       </gmd:positionName>
       <gmd:contactInfo>
         <gmd:CI_Contact>
           <gmd:phone>
             <gmd:CI_Telephone>
               <gmd:voice gco:nilReason="missing">
                 
               </gmd:voice>
               <gmd:facsimile gco:nilReason="missing">
                 
               </gmd:facsimile>
             </gmd:CI_Telephone>
           </gmd:phone>
           <gmd:address>
             <gmd:CI_Address>
               <gmd:deliveryPoint gco:nilReason="missing">
                 
               </gmd:deliveryPoint>
               <gmd:city gco:nilReason="missing">
                 
               </gmd:city>
               <gmd:administrativeArea gco:nilReason="missing">
                 
               </gmd:administrativeArea>
               <gmd:postalCode gco:nilReason="missing">
                 
               </gmd:postalCode>
               <gmd:country gco:nilReason="missing">
                 
               </gmd:country>
               <gmd:electronicMailAddress>
                 <gco:CharacterString>pyager1@asu.edu</gco:CharacterString>
               </gmd:electronicMailAddress>
             </gmd:CI_Address>
           </gmd:address>
           
         </gmd:CI_Contact>
       </gmd:contactInfo>
       <gmd:role>
         <gmd:CI_RoleCode codeSpace="ISOTC211/19115" codeList="http://www.isotc211.org/2005/resources/Codelist/gmxCodelists.xml#CI_RoleCode" codeListValue="pointOfContact">pointOfContact</gmd:CI_RoleCode>
       </gmd:role>
     </gmd:CI_ResponsibleParty>
   </gmd:contact>
   

   
   <gmd:contact>
     <gmd:CI_ResponsibleParty>
       <gmd:individualName gco:nilReason="missing">
         
       </gmd:individualName>
       <gmd:organisationName gco:nilReason="missing">
         
       </gmd:organisationName>
       <gmd:positionName gco:nilReason="missing">
         
       </gmd:positionName>
       <gmd:contactInfo>
         <gmd:CI_Contact>
           <gmd:phone>
             <gmd:CI_Telephone>
               <gmd:voice gco:nilReason="missing">
                 
               </gmd:voice>
               <gmd:facsimile gco:nilReason="missing">
                 
               </gmd:facsimile>
             </gmd:CI_Telephone>
           </gmd:phone>
           <gmd:address>
             <gmd:CI_Address>
               <gmd:deliveryPoint gco:nilReason="missing">
                 
               </gmd:deliveryPoint>
               <gmd:city gco:nilReason="missing">
                 
               </gmd:city>
               <gmd:administrativeArea gco:nilReason="missing">
                 
               </gmd:administrativeArea>
               <gmd:postalCode gco:nilReason="missing">
                 
               </gmd:postalCode>
               <gmd:country gco:nilReason="missing">
                 
               </gmd:country>
               <gmd:electronicMailAddress>
                 <gco:CharacterString>pyager1@asu.edu</gco:CharacterString>
               </gmd:electronicMailAddress>
             </gmd:CI_Address>
           </gmd:address>
           
         </gmd:CI_Contact>
       </gmd:contactInfo>
       <gmd:role>
         <gmd:CI_RoleCode codeSpace="ISOTC211/19115" codeList="http://www.isotc211.org/2005/resources/Codelist/gmxCodelists.xml#CI_RoleCode" codeListValue="author">author</gmd:CI_RoleCode>
       </gmd:role>
     </gmd:CI_ResponsibleParty>
   </gmd:contact>
   


   <gmd:dateStamp>
     <gco:DateTime>2019-07-18T21:42:25Z</gco:DateTime>
   </gmd:dateStamp>
   <gmd:metadataStandardName>
     <gco:CharacterString>ISO 19115:2003 - Geographic information - Metadata</gco:CharacterString>
   </gmd:metadataStandardName>
   <gmd:metadataStandardVersion>
     <gco:CharacterString>ISO 19115:2003</gco:CharacterString>
   </gmd:metadataStandardVersion>
   <gmd:spatialRepresentationInfo/>
   <gmd:referenceSystemInfo>
     <gmd:MD_ReferenceSystem>
       <gmd:referenceSystemIdentifier>
         <gmd:RS_Identifier>
           <gmd:code>
             <gco:CharacterString>4326</gco:CharacterString>
           </gmd:code>
           <gmd:codeSpace>
             <gco:CharacterString>EPSG</gco:CharacterString>
           </gmd:codeSpace>
           <gmd:version>
             <gco:CharacterString>6.11</gco:CharacterString>
           </gmd:version>
         </gmd:RS_Identifier>
       </gmd:referenceSystemIdentifier>
     </gmd:MD_ReferenceSystem>
   </gmd:referenceSystemInfo>

   <gmd:identificationInfo>
     <gmd:MD_DataIdentification>
       <gmd:citation>
         <gmd:CI_Citation>
           
           <gmd:name>
             <gco:CharacterString>geonode:PCA</gco:CharacterString>
           </gmd:name>
           
           <gmd:title>
             <gco:CharacterString>Arizona Primary Care Areas</gco:CharacterString>
           </gmd:title>
           <gmd:date>
             <gmd:CI_Date>
               <gmd:date>
                 <gco:DateTime>2019-06-27T21:06:00Z</gco:DateTime>
               </gmd:date>
               <gmd:dateType>
                 <gmd:CI_DateTypeCode codeSpace="ISOTC211/19115" codeList="http://www.isotc211.org/2005/resources/Codelist/gmxCodelists.xml#CI_DateTypeCode" codeListValue="publication">publication</gmd:CI_DateTypeCode>
               </gmd:dateType>
             </gmd:CI_Date>
           </gmd:date>
           <gmd:edition gco:nilReason="missing">
                 
           </gmd:edition>
           <gmd:presentationForm>
             <gmd:CI_PresentationFormCode codeSpace="ISOTC211/19115" codeList="http://www.isotc211.org/2005/resources/Codelist/gmxCodelists.xml#CI_PresentationFormCode" codeListValue="mapDigital">mapDigital</gmd:CI_PresentationFormCode>
           </gmd:presentationForm>
         </gmd:CI_Citation>
       </gmd:citation>
       <gmd:abstract>
         <gco:CharacterString>Arizona PCAs reflect similarities in demographics and primary care services utilization patterns. They are a common geographic unit adopted by the Arizona Department for Health Services for health statistical analysis.

A specific methodology process, rules and exceptions were developed to guide the creation of PCAs, which are built from 2010 US Census Tracts. All PCAs have a population greater than 10,000 but less than 200,000, have an area no greater than 7500 square miles, shall not cross county lines, and shall follow existing political boundaries whenever possible. If no political boundary exists, demographics (in urban areas) and proximity to safety net facilities and neighboring communities (in rural areas) are used to form a PCA. There are a couple exceptions to these rules. Tribal PCAs are exempt from population and area minimum and maximum rules, and can cross county lines. If the Census
Designated Place (CDP) that defines a PCA crosses county lines and its population adds up to at least 10,000 but less than 150,000 then the resulting PCA can cross a county line.</gco:CharacterString>
       </gmd:abstract>
       <gmd:purpose>
             <gco:CharacterString>To provide the most recent Primary Care Area boundaries, formally adopted in 2014.</gco:CharacterString>
       </gmd:purpose>
       <gmd:status>
         <gmd:MD_ProgressCode codeSpace="ISOTC211/19115" codeList="http://www.isotc211.org/2005/resources/Codelist/gmxCodelists.xml#MD_ProgressCode" codeListValue="completed">completed</gmd:MD_ProgressCode>
       </gmd:status>

       
       <gmd:pointOfContact>
         <gmd:CI_ResponsibleParty>
           <gmd:individualName gco:nilReason="missing">
             
           </gmd:individualName>
           <gmd:organisationName gco:nilReason="missing">
             
           </gmd:organisationName>
           <gmd:positionName gco:nilReason="missing">
             
           </gmd:positionName>
           <gmd:contactInfo>
             <gmd:CI_Contact>
               <gmd:phone>
                 <gmd:CI_Telephone>
                   <gmd:voice gco:nilReason="missing">
                     
                   </gmd:voice>
                   <gmd:facsimile gco:nilReason="missing">
                     
                   </gmd:facsimile>
                 </gmd:CI_Telephone>
               </gmd:phone>
               <gmd:address>
                 <gmd:CI_Address>
                   <gmd:deliveryPoint gco:nilReason="missing">
                     
                   </gmd:deliveryPoint>
                   <gmd:city gco:nilReason="missing">
                     
                   </gmd:city>
                   <gmd:administrativeArea gco:nilReason="missing">
                     
                   </gmd:administrativeArea>
                   <gmd:postalCode gco:nilReason="missing">
                     
                   </gmd:postalCode>
                   <gmd:country gco:nilReason="missing">
                     
                   </gmd:country>
                   <gmd:electronicMailAddress>
                     <gco:CharacterString>pyager1@asu.edu</gco:CharacterString>
                   </gmd:electronicMailAddress>
                 </gmd:CI_Address>
               </gmd:address>
               
             </gmd:CI_Contact>
           </gmd:contactInfo>
           <gmd:role>
             <gmd:CI_RoleCode codeSpace="ISOTC211/19115" codeList="http://www.isotc211.org/2005/resources/Codelist/gmxCodelists.xml#CI_RoleCode" codeListValue="originator">originator</gmd:CI_RoleCode>
           </gmd:role>
         </gmd:CI_ResponsibleParty>
       </gmd:pointOfContact>
       

       
       <gmd:graphicOverview>
         <gmd:MD_BrowseGraphic>
           <gmd:fileName>
             <gco:CharacterString>/static/geonode/img/missing_thumb.png</gco:CharacterString>
           </gmd:fileName>
           <gmd:fileDescription>
             <gco:CharacterString>Thumbnail for 'Arizona Primary Care Areas'</gco:CharacterString>
           </gmd:fileDescription>
           <gmd:fileType>
             <gco:CharacterString>image/png</gco:CharacterString>
           </gmd:fileType>
         </gmd:MD_BrowseGraphic>
       </gmd:graphicOverview>
       <gmd:resourceFormat>
         <gmd:MD_Format>
           <gmd:name>
             
             <gco:CharacterString>ESRI Shapefile</gco:CharacterString>
             
           </gmd:name>
           <gmd:version>
             <gco:CharacterString>1.0</gco:CharacterString>
           </gmd:version>
         </gmd:MD_Format>
       </gmd:resourceFormat>
       
       <gmd:descriptiveKeywords>
         <gmd:MD_Keywords>
           
           <gmd:keyword>
             <gco:CharacterString>boundaries</gco:CharacterString>
           </gmd:keyword>
           
           <gmd:keyword>
             <gco:CharacterString>education</gco:CharacterString>
           </gmd:keyword>
           
           <gmd:type>
              <gmd:MD_KeywordTypeCode codeSpace="ISOTC211/19115" codeList="http://www.isotc211.org/2005/resources/Codelist/gmxCodelists.xml#MD_KeywordTypeCode" codeListValue="theme">theme</gmd:MD_KeywordTypeCode>
            </gmd:type>
         </gmd:MD_Keywords>
       </gmd:descriptiveKeywords>
       
       
       <gmd:descriptiveKeywords>
         <gmd:MD_Keywords>
           <gmd:keyword>
             <gco:CharacterString>United States of America</gco:CharacterString>
           </gmd:keyword>
           <gmd:type>
              <gmd:MD_KeywordTypeCode codeSpace="ISOTC211/19115" codeList="http://www.isotc211.org/2005/resources/Codelist/gmxCodelists.xml#MD_KeywordTypeCode" codeListValue="place">place</gmd:MD_KeywordTypeCode>
            </gmd:type>
         </gmd:MD_Keywords>
       </gmd:descriptiveKeywords>
       
       
       
       <gmd:resourceConstraints>
         <gmd:MD_LegalConstraints>
           <gmd:useConstraints>
             <gmd:MD_RestrictionCode codeSpace="ISOTC211/19115" codeList="http://www.isotc211.org/2005/resources/Codelist/gmxCodelists.xml#MD_RestrictionCode" codeListValue="license">license</gmd:MD_RestrictionCode>
           </gmd:useConstraints>
           <gmd:otherConstraints>
             <gco:CharacterString>Not Specified: The original author did not specify a license.</gco:CharacterString>
           </gmd:otherConstraints>
         </gmd:MD_LegalConstraints>
       </gmd:resourceConstraints>
       
       <gmd:resourceConstraints>
         <gmd:MD_LegalConstraints>
           <gmd:useConstraints>
              <gmd:MD_RestrictionCode codeSpace="ISOTC211/19115" codeList="http://www.isotc211.org/2005/resources/Codelist/gmxCodelists.xml#MD_RestrictionCode" codeListValue=""/>
           </gmd:useConstraints>
           <gmd:otherConstraints>
             <gco:CharacterString/>
           </gmd:otherConstraints>
         </gmd:MD_LegalConstraints>
       </gmd:resourceConstraints>
       <gmd:spatialRepresentationType>
         <gmd:MD_SpatialRepresentationTypeCode codeSpace="ISOTC211/19115" codeList="http://www.isotc211.org/2005/resources/Codelist/gmxCodelists.xml#MD_SpatialRepresentationTypeCode" codeListValue=""/>
       </gmd:spatialRepresentationType>
       <gmd:language>
         <gco:CharacterString>eng</gco:CharacterString>
       </gmd:language>
       <gmd:characterSet>
         <gmd:MD_CharacterSetCode codeSpace="ISOTC211/19115" codeList="http://www.isotc211.org/2005/resources/Codelist/gmxCodelists.xml#MD_CharacterSetCode" codeListValue="utf8">utf8</gmd:MD_CharacterSetCode>
       </gmd:characterSet>
       <gmd:topicCategory>
         
         <gmd:MD_TopicCategoryCode>health</gmd:MD_TopicCategoryCode>
         
       </gmd:topicCategory>
       <gmd:extent>
         <gmd:EX_Extent>
           <gmd:geographicElement>
             <gmd:EX_GeographicBoundingBox>
               <gmd:westBoundLongitude>
                 <gco:Decimal>-114.816591</gco:Decimal>
               </gmd:westBoundLongitude>
               <gmd:eastBoundLongitude>
                 <gco:Decimal>-109.045223469</gco:Decimal>
               </gmd:eastBoundLongitude>
               <gmd:southBoundLatitude>
                 <gco:Decimal>31.332177</gco:Decimal>
               </gmd:southBoundLatitude>
               <gmd:northBoundLatitude>
                 <gco:Decimal>37.0042602299</gco:Decimal>
               </gmd:northBoundLatitude>
             </gmd:EX_GeographicBoundingBox>
           </gmd:geographicElement>
         </gmd:EX_Extent>
       </gmd:extent>
       
       <gmd:supplementalInformation>
         <gco:CharacterString>This dataset was retrieved from the Arizona Department of Health Services</gco:CharacterString>
       </gmd:supplementalInformation>
     </gmd:MD_DataIdentification>
   </gmd:identificationInfo>

   <gmd:contentInfo>
     
     <gmd:includedWithDataset>
       <gco:Boolean>0</gco:Boolean>
     </gmd:includedWithDataset>
     <gmd:MD_FeatureCatalogueDescription>
       <gmd:featureCatalogueCitation uuidref="6590534a-991f-11e9-892b-0242ac120006" xlink:href="http://dataexchange.asu.edu:80/layers/geonode:PCA/feature_catalogue"/>
     </gmd:MD_FeatureCatalogueDescription>
     
   </gmd:contentInfo>
   <gmd:distributionInfo>
     <gmd:MD_Distribution>
       <gmd:transferOptions>
         <gmd:MD_DigitalTransferOptions>
           <gmd:onLine>
             <gmd:CI_OnlineResource>
               <gmd:linkage>
                   <gmd:URL>http://dataexchange.asu.edu:80/layers/geonode:PCA</gmd:URL>
               </gmd:linkage>
               <gmd:protocol>
                 <gco:CharacterString>WWW:LINK-1.0-http--link</gco:CharacterString>
               </gmd:protocol>
               <gmd:description>
                 <gco:CharacterString>Online link to the 'Arizona Primary Care Areas' description on GeoNode</gco:CharacterString>
               </gmd:description>
             </gmd:CI_OnlineResource>
           </gmd:onLine>
           
           <gmd:onLine>
             <gmd:CI_OnlineResource>
               <gmd:linkage>
                 <gmd:URL>http://dataexchange.asu.edu:80/gs/ows?service=WMS&amp;request=GetLegendGraphic&amp;format=image/png&amp;WIDTH=20&amp;HEIGHT=20&amp;LAYER=geonode:PCA&amp;STYLE=PCA&amp;legend_options=fontAntiAliasing:true;fontSize:12;forceLabels:on</gmd:URL>
               </gmd:linkage>
               <gmd:protocol>
                 <gco:CharacterString>WWW:DOWNLOAD-1.0-http--download</gco:CharacterString>
               </gmd:protocol>
               <gmd:name>
                 <gco:CharacterString>PCA.png</gco:CharacterString>
               </gmd:name>
               <gmd:description>
                 <gco:CharacterString>Arizona Primary Care Areas (Legend Format)</gco:CharacterString>
               </gmd:description>
             </gmd:CI_OnlineResource>
           </gmd:onLine>
           
           <gmd:onLine>
             <gmd:CI_OnlineResource>
               <gmd:linkage>
                 <gmd:URL>http://dataexchange.asu.edu:80/gs/ows?layers=geonode%3APCA&amp;service=WMS&amp;format=image%2Fpng&amp;request=GetMap&amp;height=550&amp;width=462&amp;bbox=-12781324.444739600000000%2C3675964.206821020000000%2C-12138858.750000000000000%2C4439700.625000010000000&amp;srs=EPSG%3A3857</gmd:URL>
               </gmd:linkage>
               <gmd:protocol>
                 <gco:CharacterString>WWW:DOWNLOAD-1.0-http--download</gco:CharacterString>
               </gmd:protocol>
               <gmd:name>
                 <gco:CharacterString>PCA.png</gco:CharacterString>
               </gmd:name>
               <gmd:description>
                 <gco:CharacterString>Arizona Primary Care Areas (PNG Format)</gco:CharacterString>
               </gmd:description>
             </gmd:CI_OnlineResource>
           </gmd:onLine>
           
           <gmd:onLine>
             <gmd:CI_OnlineResource>
               <gmd:linkage>
                 <gmd:URL>http://dataexchange.asu.edu:80/gs/ows?layers=geonode%3APCA&amp;service=WMS&amp;format=application%2Fpdf&amp;request=GetMap&amp;height=550&amp;width=462&amp;bbox=-12781324.444739600000000%2C3675964.206821020000000%2C-12138858.750000000000000%2C4439700.625000010000000&amp;srs=EPSG%3A3857</gmd:URL>
               </gmd:linkage>
               <gmd:protocol>
                 <gco:CharacterString>WWW:DOWNLOAD-1.0-http--download</gco:CharacterString>
               </gmd:protocol>
               <gmd:name>
                 <gco:CharacterString>PCA.pdf</gco:CharacterString>
               </gmd:name>
               <gmd:description>
                 <gco:CharacterString>Arizona Primary Care Areas (PDF Format)</gco:CharacterString>
               </gmd:description>
             </gmd:CI_OnlineResource>
           </gmd:onLine>
           
           <gmd:onLine>
             <gmd:CI_OnlineResource>
               <gmd:linkage>
                 <gmd:URL>http://dataexchange.asu.edu:80/gs/ows?layers=geonode%3APCA&amp;service=WMS&amp;format=image%2Fjpeg&amp;request=GetMap&amp;height=550&amp;width=462&amp;bbox=-12781324.444739600000000%2C3675964.206821020000000%2C-12138858.750000000000000%2C4439700.625000010000000&amp;srs=EPSG%3A3857</gmd:URL>
               </gmd:linkage>
               <gmd:protocol>
                 <gco:CharacterString>WWW:DOWNLOAD-1.0-http--download</gco:CharacterString>
               </gmd:protocol>
               <gmd:name>
                 <gco:CharacterString>PCA.jpg</gco:CharacterString>
               </gmd:name>
               <gmd:description>
                 <gco:CharacterString>Arizona Primary Care Areas (JPEG Format)</gco:CharacterString>
               </gmd:description>
             </gmd:CI_OnlineResource>
           </gmd:onLine>
           
           <gmd:onLine>
             <gmd:CI_OnlineResource>
               <gmd:linkage>
                 <gmd:URL>http://dataexchange.asu.edu:80/gs/ows?srsName=EPSG%3A3857&amp;outputFormat=json&amp;service=WFS&amp;srs=EPSG%3A3857&amp;request=GetFeature&amp;typename=geonode%3APCA&amp;version=1.0.0</gmd:URL>
               </gmd:linkage>
               <gmd:protocol>
                 <gco:CharacterString>WWW:DOWNLOAD-1.0-http--download</gco:CharacterString>
               </gmd:protocol>
               <gmd:name>
                 <gco:CharacterString>PCA.json</gco:CharacterString>
               </gmd:name>
               <gmd:description>
                 <gco:CharacterString>Arizona Primary Care Areas (GeoJSON Format)</gco:CharacterString>
               </gmd:description>
             </gmd:CI_OnlineResource>
           </gmd:onLine>
           
           <gmd:onLine>
             <gmd:CI_OnlineResource>
               <gmd:linkage>
                 <gmd:URL>http://dataexchange.asu.edu:80/gs/ows?outputFormat=excel&amp;service=WFS&amp;srs=EPSG%3A3857&amp;request=GetFeature&amp;typename=geonode%3APCA&amp;version=1.0.0</gmd:URL>
               </gmd:linkage>
               <gmd:protocol>
                 <gco:CharacterString>WWW:DOWNLOAD-1.0-http--download</gco:CharacterString>
               </gmd:protocol>
               <gmd:name>
                 <gco:CharacterString>PCA.excel</gco:CharacterString>
               </gmd:name>
               <gmd:description>
                 <gco:CharacterString>Arizona Primary Care Areas (Excel Format)</gco:CharacterString>
               </gmd:description>
             </gmd:CI_OnlineResource>
           </gmd:onLine>
           
           <gmd:onLine>
             <gmd:CI_OnlineResource>
               <gmd:linkage>
                 <gmd:URL>http://dataexchange.asu.edu:80/gs/ows?outputFormat=csv&amp;service=WFS&amp;srs=EPSG%3A3857&amp;request=GetFeature&amp;typename=geonode%3APCA&amp;version=1.0.0</gmd:URL>
               </gmd:linkage>
               <gmd:protocol>
                 <gco:CharacterString>WWW:DOWNLOAD-1.0-http--download</gco:CharacterString>
               </gmd:protocol>
               <gmd:name>
                 <gco:CharacterString>PCA.csv</gco:CharacterString>
               </gmd:name>
               <gmd:description>
                 <gco:CharacterString>Arizona Primary Care Areas (CSV Format)</gco:CharacterString>
               </gmd:description>
             </gmd:CI_OnlineResource>
           </gmd:onLine>
           
           <gmd:onLine>
             <gmd:CI_OnlineResource>
               <gmd:linkage>
                 <gmd:URL>http://dataexchange.asu.edu:80/gs/ows?outputFormat=text%2Fxml%3B+subtype%3Dgml%2F3.1.1&amp;service=WFS&amp;srs=EPSG%3A3857&amp;request=GetFeature&amp;typename=geonode%3APCA&amp;version=1.0.0</gmd:URL>
               </gmd:linkage>
               <gmd:protocol>
                 <gco:CharacterString>WWW:DOWNLOAD-1.0-http--download</gco:CharacterString>
               </gmd:protocol>
               <gmd:name>
                 <gco:CharacterString>PCA.gml</gco:CharacterString>
               </gmd:name>
               <gmd:description>
                 <gco:CharacterString>Arizona Primary Care Areas (GML 3.1.1 Format)</gco:CharacterString>
               </gmd:description>
             </gmd:CI_OnlineResource>
           </gmd:onLine>
           
           <gmd:onLine>
             <gmd:CI_OnlineResource>
               <gmd:linkage>
                 <gmd:URL>http://dataexchange.asu.edu:80/gs/ows?outputFormat=gml2&amp;service=WFS&amp;srs=EPSG%3A3857&amp;request=GetFeature&amp;typename=geonode%3APCA&amp;version=1.0.0</gmd:URL>
               </gmd:linkage>
               <gmd:protocol>
                 <gco:CharacterString>WWW:DOWNLOAD-1.0-http--download</gco:CharacterString>
               </gmd:protocol>
               <gmd:name>
                 <gco:CharacterString>PCA.gml</gco:CharacterString>
               </gmd:name>
               <gmd:description>
                 <gco:CharacterString>Arizona Primary Care Areas (GML 2.0 Format)</gco:CharacterString>
               </gmd:description>
             </gmd:CI_OnlineResource>
           </gmd:onLine>
           
           <gmd:onLine>
             <gmd:CI_OnlineResource>
               <gmd:linkage>
                 <gmd:URL>http://dataexchange.asu.edu:80/gs/ows?outputFormat=SHAPE-ZIP&amp;service=WFS&amp;srs=EPSG%3A3857&amp;request=GetFeature&amp;format_options=charset%3AUTF-8&amp;typename=geonode%3APCA&amp;version=1.0.0</gmd:URL>
               </gmd:linkage>
               <gmd:protocol>
                 <gco:CharacterString>WWW:DOWNLOAD-1.0-http--download</gco:CharacterString>
               </gmd:protocol>
               <gmd:name>
                 <gco:CharacterString>PCA.zip</gco:CharacterString>
               </gmd:name>
               <gmd:description>
                 <gco:CharacterString>Arizona Primary Care Areas (Zipped Shapefile Format)</gco:CharacterString>
               </gmd:description>
             </gmd:CI_OnlineResource>
           </gmd:onLine>
           
           <gmd:onLine>
             <gmd:CI_OnlineResource>
               <gmd:linkage>
                 <gmd:URL>http://dataexchange.asu.edu:80/download/58</gmd:URL>
               </gmd:linkage>
               <gmd:protocol>
                 <gco:CharacterString>WWW:DOWNLOAD-1.0-http--download</gco:CharacterString>
               </gmd:protocol>
               <gmd:name>
                 <gco:CharacterString>PCA.zip</gco:CharacterString>
               </gmd:name>
               <gmd:description>
                 <gco:CharacterString>Arizona Primary Care Areas (Original Dataset Format)</gco:CharacterString>
               </gmd:description>
             </gmd:CI_OnlineResource>
           </gmd:onLine>
           
           
           <gmd:onLine>
             <gmd:CI_OnlineResource>
               <gmd:linkage>
                 <gmd:URL>http://dataexchange.asu.edu:80/gs/ows</gmd:URL>
               </gmd:linkage>
               <gmd:protocol>
                 <gco:CharacterString>OGC:WMS</gco:CharacterString>
               </gmd:protocol>
               <gmd:name>
                 <gco:CharacterString>geonode:PCA</gco:CharacterString>
               </gmd:name>
               <gmd:description>
                 <gco:CharacterString>geonode Service - Provides Layer: Arizona Primary Care Areas</gco:CharacterString>
               </gmd:description>
             </gmd:CI_OnlineResource>
           </gmd:onLine>
           
         </gmd:MD_DigitalTransferOptions>
       </gmd:transferOptions>
     </gmd:MD_Distribution>
   </gmd:distributionInfo>
   <gmd:dataQualityInfo>
     <gmd:DQ_DataQuality>
       <gmd:scope>
         <gmd:DQ_Scope>
           <gmd:level>
             <gmd:MD_ScopeCode codeSpace="ISOTC211/19115" codeList="http://www.isotc211.org/2005/resources/Codelist/gmxCodelists.xml#MD_ScopeCode" codeListValue="dataset">dataset</gmd:MD_ScopeCode>
           </gmd:level>
         </gmd:DQ_Scope>
       </gmd:scope>
       <gmd:lineage>
         <gmd:LI_Lineage>
           <gmd:statement gco:nilReason="missing"/>
         </gmd:LI_Lineage>
       </gmd:lineage>
     </gmd:DQ_DataQuality>
   </gmd:dataQualityInfo>
 </gmd:MD_Metadata>
</csw:GetRecordByIdResponse>
