<?xml version="1.0" encoding="UTF-8" standalone="no"?>
<!-- pycsw 2.4.0 -->
<csw:GetRecordByIdResponse xmlns:atom="http://www.w3.org/2005/Atom" xmlns:csw="http://www.opengis.net/cat/csw/2.0.2" xmlns:dc="http://purl.org/dc/elements/1.1/" xmlns:dct="http://purl.org/dc/terms/" xmlns:gmd="http://www.isotc211.org/2005/gmd" xmlns:gml="http://www.opengis.net/gml" xmlns:ows="http://www.opengis.net/ows" xmlns:xs="http://www.w3.org/2001/XMLSchema" xmlns:xsi="http://www.w3.org/2001/XMLSchema-instance" xsi:schemaLocation="http://www.opengis.net/cat/csw/2.0.2 http://schemas.opengis.net/csw/2.0.2/CSW-discovery.xsd">
  <atom:entry xmlns:georss="http://www.georss.org/georss" xsi:schemaLocation="http://www.w3.org/2005/Atom http://www.kbcafe.com/rss/atom.xsd.xml">
    <atom:author>
      <atom:name>pyager1</atom:name>
    </atom:author>
    <atom:category term="boundaries"/>
    <atom:category term="neighborhoods"/>
    <atom:contributor>pyager1</atom:contributor>
    <atom:id>553e9dd0-9230-11e9-9b01-0242ac120003</atom:id>
    <dc:identifier>553e9dd0-9230-11e9-9b01-0242ac120003</dc:identifier>
    <atom:link href="http://dataexchange.asu.edu:80/gs/ows?service=WMS&amp;request=GetLegendGraphic&amp;format=image/png&amp;WIDTH=20&amp;HEIGHT=20&amp;LAYER=geonode:Census_Tract_Boundaries&amp;STYLE=Census_Tract_Boundaries&amp;legend_options=fontAntiAliasing:true;fontSize:12;forceLabels:on" title="Arizona Census Tracts (Legend Format)" type="WWW:DOWNLOAD-1.0-http--download"/>
    <atom:link href="http://dataexchange.asu.edu:80/gs/ows?layers=geonode%3ACensus_Tract_Boundaries&amp;service=WMS&amp;format=image%2Fpng&amp;request=GetMap&amp;height=550&amp;width=559&amp;bbox=-114.816591000000000%2C31.332177000000100%2C-109.045172000000000%2C37.003725000000000&amp;srs=EPSG%3A4269" title="Arizona Census Tracts (PNG Format)" type="WWW:DOWNLOAD-1.0-http--download"/>
    <atom:link href="http://dataexchange.asu.edu:80/gs/ows?layers=geonode%3ACensus_Tract_Boundaries&amp;service=WMS&amp;format=application%2Fpdf&amp;request=GetMap&amp;height=550&amp;width=559&amp;bbox=-114.816591000000000%2C31.332177000000100%2C-109.045172000000000%2C37.003725000000000&amp;srs=EPSG%3A4269" title="Arizona Census Tracts (PDF Format)" type="WWW:DOWNLOAD-1.0-http--download"/>
    <atom:link href="http://dataexchange.asu.edu:80/gs/ows?layers=geonode%3ACensus_Tract_Boundaries&amp;service=WMS&amp;format=image%2Fjpeg&amp;request=GetMap&amp;height=550&amp;width=559&amp;bbox=-114.816591000000000%2C31.332177000000100%2C-109.045172000000000%2C37.003725000000000&amp;srs=EPSG%3A4269" title="Arizona Census Tracts (JPEG Format)" type="WWW:DOWNLOAD-1.0-http--download"/>
    <atom:link href="http://dataexchange.asu.edu:80/gs/ows" title="OGC WMS: geonode Service" type="OGC:WMS"/>
    <atom:link href="http://dataexchange.asu.edu:80/layers/geonode:Census_Tract_Boundaries" title="Web address (URL)" type="WWW:LINK-1.0-http--link"/>
    <atom:link href="http://dataexchange.asu.edu:80/gs/ows?srsName=EPSG%3A4269&amp;outputFormat=json&amp;service=WFS&amp;srs=EPSG%3A4269&amp;request=GetFeature&amp;typename=geonode%3ACensus_Tract_Boundaries&amp;version=1.0.0" title="Arizona Census Tracts (GeoJSON Format)" type="WWW:DOWNLOAD-1.0-http--download"/>
    <atom:link href="http://dataexchange.asu.edu:80/gs/ows?outputFormat=excel&amp;service=WFS&amp;srs=EPSG%3A4269&amp;request=GetFeature&amp;typename=geonode%3ACensus_Tract_Boundaries&amp;version=1.0.0" title="Arizona Census Tracts (Excel Format)" type="WWW:DOWNLOAD-1.0-http--download"/>
    <atom:link href="http://dataexchange.asu.edu:80/gs/ows?outputFormat=csv&amp;service=WFS&amp;srs=EPSG%3A4269&amp;request=GetFeature&amp;typename=geonode%3ACensus_Tract_Boundaries&amp;version=1.0.0" title="Arizona Census Tracts (CSV Format)" type="WWW:DOWNLOAD-1.0-http--download"/>
    <atom:link href="http://dataexchange.asu.edu:80/gs/ows?outputFormat=text%2Fxml%3B+subtype%3Dgml%2F3.1.1&amp;service=WFS&amp;srs=EPSG%3A4269&amp;request=GetFeature&amp;typename=geonode%3ACensus_Tract_Boundaries&amp;version=1.0.0" title="Arizona Census Tracts (GML 3.1.1 Format)" type="WWW:DOWNLOAD-1.0-http--download"/>
    <atom:link href="http://dataexchange.asu.edu:80/gs/ows?outputFormat=gml2&amp;service=WFS&amp;srs=EPSG%3A4269&amp;request=GetFeature&amp;typename=geonode%3ACensus_Tract_Boundaries&amp;version=1.0.0" title="Arizona Census Tracts (GML 2.0 Format)" type="WWW:DOWNLOAD-1.0-http--download"/>
    <atom:link href="http://dataexchange.asu.edu:80/gs/ows?outputFormat=SHAPE-ZIP&amp;service=WFS&amp;srs=EPSG%3A4269&amp;request=GetFeature&amp;format_options=charset%3AUTF-8&amp;typename=geonode%3ACensus_Tract_Boundaries&amp;version=1.0.0" title="Arizona Census Tracts (Zipped Shapefile Format)" type="WWW:DOWNLOAD-1.0-http--download"/>
    <atom:link href="http://dataexchange.asu.edu:80/download/22" title="Arizona Census Tracts (Original Dataset Format)" type="WWW:DOWNLOAD-1.0-http--download"/>
    <atom:link href="http://dataexchange.asu.edu:80/catalogue/csw?service=CSW&amp;version=2.0.2&amp;request=GetRepositoryItem&amp;id=553e9dd0-9230-11e9-9b01-0242ac120003"/>
    <atom:title>Arizona Census Tracts</atom:title>
    <atom:updated>2019-06-19T01:19:00Z</atom:updated>
    <atom:published>2019-06-19T01:19:00Z</atom:published>
    <atom:rights>otherRestrictions</atom:rights>
    <atom:summary>Census tracts are small, relatively permanent statistical subdivisions of a county or equivalent entity, and&#13;
are reviewed and updated by local participants prior to each decennial census as part of the Census&#13;
Bureau’s Participant Statistical Areas Program (PSAP). The Census Bureau updates census tracts in&#13;
situations where no local participant existed or where local or tribal governments declined to participate.&#13;
The primary purpose of census tracts is to provide a stable set of geographic units for the presentation of&#13;
decennial census data.</atom:summary>
    <georss:where>
      <gml:Envelope srsName="http://www.opengis.net/def/crs/EPSG/0/4326">
        <gml:lowerCorner>31.332177 -114.816591</gml:lowerCorner>
        <gml:upperCorner>37.003725 -109.045172</gml:upperCorner>
      </gml:Envelope>
    </georss:where>
  </atom:entry>
</csw:GetRecordByIdResponse>
