<?xml version="1.0" encoding="UTF-8" standalone="no"?>
<!-- pycsw 2.4.0 -->
<csw:GetRecordByIdResponse xmlns:csw="http://www.opengis.net/cat/csw/2.0.2" xmlns:dc="http://purl.org/dc/elements/1.1/" xmlns:dct="http://purl.org/dc/terms/" xmlns:gmd="http://www.isotc211.org/2005/gmd" xmlns:gml="http://www.opengis.net/gml" xmlns:ows="http://www.opengis.net/ows" xmlns:rim="urn:oasis:names:tc:ebxml-regrep:xsd:rim:3.0" xmlns:xs="http://www.w3.org/2001/XMLSchema" xmlns:xsi="http://www.w3.org/2001/XMLSchema-instance" xsi:schemaLocation="http://www.opengis.net/cat/csw/2.0.2 http://schemas.opengis.net/csw/2.0.2/CSW-discovery.xsd">
  <rim:ExtrinsicObject xsi:schemaLocation="http://www.opengis.net/cat/wrs/1.0 http://schemas.opengis.net/csw/2.0.2/profiles/ebrim/1.0/csw-ebrim.xsd" id="553e9dd0-9230-11e9-9b01-0242ac120003" lid="553e9dd0-9230-11e9-9b01-0242ac120003" objectType="dataset" status="urn:oasis:names:tc:ebxml-regrep:StatusType:Submitted">
    <rim:VersionInfo versionName=""/>
    <rim:ExternalIdentifier id="553e9dd0-9230-11e9-9b01-0242ac120003" identificationScheme="foo" registryObject="None" value="553e9dd0-9230-11e9-9b01-0242ac120003"/>
    <rim:Name>
      <rim:LocalizedString value="Arizona Census Tracts"/>
    </rim:Name>
    <rim:Description>
      <rim:LocalizedString value="Census tracts are small, relatively permanent statistical subdivisions of a county or equivalent entity, and&#13;&#10;are reviewed and updated by local participants prior to each decennial census as part of the Census&#13;&#10;Bureau’s Participant Statistical Areas Program (PSAP). The Census Bureau updates census tracts in&#13;&#10;situations where no local participant existed or where local or tribal governments declined to participate.&#13;&#10;The primary purpose of census tracts is to provide a stable set of geographic units for the presentation of&#13;&#10;decennial census data."/>
    </rim:Description>
    <rim:Slot slotType="urn:ogc:def:dataType:ISO-19107:2003:GM_Envelope">
      <rim:ValueList>
        <rim:Value>
          <ows:BoundingBox crs="urn:x-ogc:def:crs:EPSG:6.11:4326" dimensions="2">
            <ows:LowerCorner>31.332177 -114.816591</ows:LowerCorner>
            <ows:UpperCorner>37.003725 -109.045172</ows:UpperCorner>
          </ows:BoundingBox>
        </rim:Value>
      </rim:ValueList>
    </rim:Slot>
    <rim:Slot name="http://purl.org/dc/elements/1.1/subject">
      <rim:ValueList>
        <rim:Value>boundaries</rim:Value>
        <rim:Value>neighborhoods</rim:Value>
      </rim:ValueList>
    </rim:Slot>
  </rim:ExtrinsicObject>
</csw:GetRecordByIdResponse>
