<?xml version="1.0" encoding="UTF-8" standalone="no"?>
<!-- pycsw 2.4.0 -->
<csw:GetRecordByIdResponse xmlns:csw="http://www.opengis.net/cat/csw/2.0.2" xmlns:dc="http://purl.org/dc/elements/1.1/" xmlns:dct="http://purl.org/dc/terms/" xmlns:gco="http://www.isotc211.org/2005/gco" xmlns:gmd="http://www.isotc211.org/2005/gmd" xmlns:gml="http://www.opengis.net/gml" xmlns:ows="http://www.opengis.net/ows" xmlns:xlink="http://www.w3.org/1999/xlink" xmlns:xs="http://www.w3.org/2001/XMLSchema" xmlns:xsi="http://www.w3.org/2001/XMLSchema-instance" xsi:schemaLocation="http://www.opengis.net/cat/csw/2.0.2 http://schemas.opengis.net/csw/2.0.2/CSW-discovery.xsd">
  <gmd:MD_Metadata xsi:schemaLocation="http://www.isotc211.org/2005/gmd http://www.isotc211.org/2005/gmd/gmd.xsd">
   <gmd:fileIdentifier>
     <gco:CharacterString>553e9dd0-9230-11e9-9b01-0242ac120003</gco:CharacterString>
   </gmd:fileIdentifier>
   <gmd:language>
     <gco:CharacterString>eng</gco:CharacterString>
   </gmd:language>
   <gmd:characterSet>
     <gmd:MD_CharacterSetCode codeSpace="ISOTC211/19115" codeList="http://www.isotc211.org/2005/resources/Codelist/gmxCodelists.xml#MD_CharacterSetCode" codeListValue="utf8">utf8</gmd:MD_CharacterSetCode>
   </gmd:characterSet>
   <gmd:hierarchyLevel>
    <gmd:MD_ScopeCode codeSpace="ISOTC211/19115" codeList="http://www.isotc211.org/2005/resources/Codelist/gmxCodelists.xml#MD_ScopeCode" codeListValue="dataset">dataset</gmd:MD_ScopeCode>
   </gmd:hierarchyLevel>


   
   <gmd:contact>
     <gmd:CI_ResponsibleParty>
       <gmd:individualName gco:nilReason="missing">
         
       </gmd:individualName>
       <gmd:organisationName gco:nilReason="missing">
         
       </gmd:organisationName>
       <gmd:positionName gco:nilReason="missing">
         
       </gmd:positionName>
       <gmd:contactInfo>
         <gmd:CI_Contact>
           <gmd:phone>
             <gmd:CI_Telephone>
               <gmd:voice gco:nilReason="missing">
                 
               </gmd:voice>
               <gmd:facsimile gco:nilReason="missing">
                 
               </gmd:facsimile>
             </gmd:CI_Telephone>
           </gmd:phone>
           <gmd:address>
             <gmd:CI_Address>
               <gmd:deliveryPoint gco:nilReason="missing">
                 
               </gmd:deliveryPoint>
               <gmd:city gco:nilReason="missing">
                 
               </gmd:city>
               <gmd:administrativeArea gco:nilReason="missing">
                 
               </gmd:administrativeArea>
               <gmd:postalCode gco:nilReason="missing">
                 
               </gmd:postalCode>
               <gmd:country gco:nilReason="missing">
                 
               </gmd:country>
               <gmd:electronicMailAddress>
                 <gco:CharacterString>pyager1@asu.edu</gco:CharacterString>
               </gmd:electronicMailAddress>
             </gmd:CI_Address>
           </gmd:address>
           
         </gmd:CI_Contact>
       </gmd:contactInfo>
       <gmd:role>
         <gmd:CI_RoleCode codeSpace="ISOTC211/19115" codeList="http://www.isotc211.org/2005/resources/Codelist/gmxCodelists.xml#CI_RoleCode" codeListValue="pointOfContact">pointOfContact</gmd:CI_RoleCode>
       </gmd:role>
     </gmd:CI_ResponsibleParty>
   </gmd:contact>
   

   
   <gmd:contact>
     <gmd:CI_ResponsibleParty>
       <gmd:individualName gco:nilReason="missing">
         
       </gmd:individualName>
       <gmd:organisationName gco:nilReason="missing">
         
       </gmd:organisationName>
       <gmd:positionName gco:nilReason="missing">
         
       </gmd:positionName>
       <gmd:contactInfo>
         <gmd:CI_Contact>
           <gmd:phone>
             <gmd:CI_Telephone>
               <gmd:voice gco:nilReason="missing">
                 
               </gmd:voice>
               <gmd:facsimile gco:nilReason="missing">
                 
               </gmd:facsimile>
             </gmd:CI_Telephone>
           </gmd:phone>
           <gmd:address>
             <gmd:CI_Address>
               <gmd:deliveryPoint gco:nilReason="missing">
                 
               </gmd:deliveryPoint>
               <gmd:city gco:nilReason="missing">
                 
               </gmd:city>
               <gmd:administrativeArea gco:nilReason="missing">
                 
               </gmd:administrativeArea>
               <gmd:postalCode gco:nilReason="missing">
                 
               </gmd:postalCode>
               <gmd:country gco:nilReason="missing">
                 
               </gmd:country>
               <gmd:electronicMailAddress>
                 <gco:CharacterString>pyager1@asu.edu</gco:CharacterString>
               </gmd:electronicMailAddress>
             </gmd:CI_Address>
           </gmd:address>
           
         </gmd:CI_Contact>
       </gmd:contactInfo>
       <gmd:role>
         <gmd:CI_RoleCode codeSpace="ISOTC211/19115" codeList="http://www.isotc211.org/2005/resources/Codelist/gmxCodelists.xml#CI_RoleCode" codeListValue="author">author</gmd:CI_RoleCode>
       </gmd:role>
     </gmd:CI_ResponsibleParty>
   </gmd:contact>
   


   <gmd:dateStamp>
     <gco:DateTime>2019-07-18T21:12:26Z</gco:DateTime>
   </gmd:dateStamp>
   <gmd:metadataStandardName>
     <gco:CharacterString>ISO 19115:2003 - Geographic information - Metadata</gco:CharacterString>
   </gmd:metadataStandardName>
   <gmd:metadataStandardVersion>
     <gco:CharacterString>ISO 19115:2003</gco:CharacterString>
   </gmd:metadataStandardVersion>
   <gmd:spatialRepresentationInfo/>
   <gmd:referenceSystemInfo>
     <gmd:MD_ReferenceSystem>
       <gmd:referenceSystemIdentifier>
         <gmd:RS_Identifier>
           <gmd:code>
             <gco:CharacterString>4326</gco:CharacterString>
           </gmd:code>
           <gmd:codeSpace>
             <gco:CharacterString>EPSG</gco:CharacterString>
           </gmd:codeSpace>
           <gmd:version>
             <gco:CharacterString>6.11</gco:CharacterString>
           </gmd:version>
         </gmd:RS_Identifier>
       </gmd:referenceSystemIdentifier>
     </gmd:MD_ReferenceSystem>
   </gmd:referenceSystemInfo>

   <gmd:identificationInfo>
     <gmd:MD_DataIdentification>
       <gmd:citation>
         <gmd:CI_Citation>
           
           <gmd:name>
             <gco:CharacterString>geonode:Census_Tract_Boundaries</gco:CharacterString>
           </gmd:name>
           
           <gmd:title>
             <gco:CharacterString>Arizona Census Tracts</gco:CharacterString>
           </gmd:title>
           <gmd:date>
             <gmd:CI_Date>
               <gmd:date>
                 <gco:DateTime>2019-06-19T01:19:00Z</gco:DateTime>
               </gmd:date>
               <gmd:dateType>
                 <gmd:CI_DateTypeCode codeSpace="ISOTC211/19115" codeList="http://www.isotc211.org/2005/resources/Codelist/gmxCodelists.xml#CI_DateTypeCode" codeListValue="publication">publication</gmd:CI_DateTypeCode>
               </gmd:dateType>
             </gmd:CI_Date>
           </gmd:date>
           <gmd:edition gco:nilReason="missing">
                 
           </gmd:edition>
           <gmd:presentationForm>
             <gmd:CI_PresentationFormCode codeSpace="ISOTC211/19115" codeList="http://www.isotc211.org/2005/resources/Codelist/gmxCodelists.xml#CI_PresentationFormCode" codeListValue="mapDigital">mapDigital</gmd:CI_PresentationFormCode>
           </gmd:presentationForm>
         </gmd:CI_Citation>
       </gmd:citation>
       <gmd:abstract>
         <gco:CharacterString>Census tracts are small, relatively permanent statistical subdivisions of a county or equivalent entity, and
are reviewed and updated by local participants prior to each decennial census as part of the Census
Bureau’s Participant Statistical Areas Program (PSAP). The Census Bureau updates census tracts in
situations where no local participant existed or where local or tribal governments declined to participate.
The primary purpose of census tracts is to provide a stable set of geographic units for the presentation of
decennial census data.</gco:CharacterString>
       </gmd:abstract>
       <gmd:purpose>
             <gco:CharacterString>To provide boundaries for Arizona census tracts</gco:CharacterString>
       </gmd:purpose>
       <gmd:status>
         <gmd:MD_ProgressCode codeSpace="ISOTC211/19115" codeList="http://www.isotc211.org/2005/resources/Codelist/gmxCodelists.xml#MD_ProgressCode" codeListValue="completed">completed</gmd:MD_ProgressCode>
       </gmd:status>

       
       <gmd:pointOfContact>
         <gmd:CI_ResponsibleParty>
           <gmd:individualName gco:nilReason="missing">
             
           </gmd:individualName>
           <gmd:organisationName gco:nilReason="missing">
             
           </gmd:organisationName>
           <gmd:positionName gco:nilReason="missing">
             
           </gmd:positionName>
           <gmd:contactInfo>
             <gmd:CI_Contact>
               <gmd:phone>
                 <gmd:CI_Telephone>
                   <gmd:voice gco:nilReason="missing">
                     
                   </gmd:voice>
                   <gmd:facsimile gco:nilReason="missing">
                     
                   </gmd:facsimile>
                 </gmd:CI_Telephone>
               </gmd:phone>
               <gmd:address>
                 <gmd:CI_Address>
                   <gmd:deliveryPoint gco:nilReason="missing">
                     
                   </gmd:deliveryPoint>
                   <gmd:city gco:nilReason="missing">
                     
                   </gmd:city>
                   <gmd:administrativeArea gco:nilReason="missing">
                     
                   </gmd:administrativeArea>
                   <gmd:postalCode gco:nilReason="missing">
                     
                   </gmd:postalCode>
                   <gmd:country gco:nilReason="missing">
                     
                   </gmd:country>
                   <gmd:electronicMailAddress>
                     <gco:CharacterString>pyager1@asu.edu</gco:CharacterString>
                   </gmd:electronicMailAddress>
                 </gmd:CI_Address>
               </gmd:address>
               
             </gmd:CI_Contact>
           </gmd:contactInfo>
           <gmd:role>
             <gmd:CI_RoleCode codeSpace="ISOTC211/19115" codeList="http://www.isotc211.org/2005/resources/Codelist/gmxCodelists.xml#CI_RoleCode" codeListValue="originator">originator</gmd:CI_RoleCode>
           </gmd:role>
         </gmd:CI_ResponsibleParty>
       </gmd:pointOfContact>
       

       
       <gmd:graphicOverview>
         <gmd:MD_BrowseGraphic>
           <gmd:fileName>
             <gco:CharacterString>/static/geonode/img/missing_thumb.png</gco:CharacterString>
           </gmd:fileName>
           <gmd:fileDescription>
             <gco:CharacterString>Thumbnail for 'Arizona Census Tracts'</gco:CharacterString>
           </gmd:fileDescription>
           <gmd:fileType>
             <gco:CharacterString>image/png</gco:CharacterString>
           </gmd:fileType>
         </gmd:MD_BrowseGraphic>
       </gmd:graphicOverview>
       <gmd:resourceFormat>
         <gmd:MD_Format>
           <gmd:name>
             
             <gco:CharacterString>ESRI Shapefile</gco:CharacterString>
             
           </gmd:name>
           <gmd:version>
             <gco:CharacterString>1.0</gco:CharacterString>
           </gmd:version>
         </gmd:MD_Format>
       </gmd:resourceFormat>
       
       <gmd:descriptiveKeywords>
         <gmd:MD_Keywords>
           
           <gmd:keyword>
             <gco:CharacterString>boundaries</gco:CharacterString>
           </gmd:keyword>
           
           <gmd:keyword>
             <gco:CharacterString>neighborhoods</gco:CharacterString>
           </gmd:keyword>
           
           <gmd:type>
              <gmd:MD_KeywordTypeCode codeSpace="ISOTC211/19115" codeList="http://www.isotc211.org/2005/resources/Codelist/gmxCodelists.xml#MD_KeywordTypeCode" codeListValue="theme">theme</gmd:MD_KeywordTypeCode>
            </gmd:type>
         </gmd:MD_Keywords>
       </gmd:descriptiveKeywords>
       
       
       <gmd:descriptiveKeywords>
         <gmd:MD_Keywords>
           <gmd:keyword>
             <gco:CharacterString>Global</gco:CharacterString>
           </gmd:keyword>
           <gmd:type>
              <gmd:MD_KeywordTypeCode codeSpace="ISOTC211/19115" codeList="http://www.isotc211.org/2005/resources/Codelist/gmxCodelists.xml#MD_KeywordTypeCode" codeListValue="place">place</gmd:MD_KeywordTypeCode>
            </gmd:type>
         </gmd:MD_Keywords>
       </gmd:descriptiveKeywords>
       
       
       
       <gmd:resourceConstraints>
         <gmd:MD_LegalConstraints>
           <gmd:useConstraints>
             <gmd:MD_RestrictionCode codeSpace="ISOTC211/19115" codeList="http://www.isotc211.org/2005/resources/Codelist/gmxCodelists.xml#MD_RestrictionCode" codeListValue="license">license</gmd:MD_RestrictionCode>
           </gmd:useConstraints>
           <gmd:otherConstraints>
             <gco:CharacterString>Not Specified: The original author did not specify a license.</gco:CharacterString>
           </gmd:otherConstraints>
         </gmd:MD_LegalConstraints>
       </gmd:resourceConstraints>
       
       <gmd:resourceConstraints>
         <gmd:MD_LegalConstraints>
           <gmd:useConstraints>
              <gmd:MD_RestrictionCode codeSpace="ISOTC211/19115" codeList="http://www.isotc211.org/2005/resources/Codelist/gmxCodelists.xml#MD_RestrictionCode" codeListValue="limitation not listed">limitation not listed</gmd:MD_RestrictionCode>
           </gmd:useConstraints>
           <gmd:otherConstraints>
             <gco:CharacterString>TIGER/Line® is a registered trademark of the Census Bureau. TIGER/Line cannot be used as or within
the proprietary product names of any commercial product including or otherwise relevant to Census
Bureau data and may only be used to refer to the nature of such a product. The Census Bureau requests
that any repackaging of the TIGER/Line Shapefile data, documentation, and other files accompanying it
for distribution include a conspicuously placed statement to this effect on the product's cover, the first
page of the website, or elsewhere of comparable visibility. Further, Census Bureau trademarks, when
used in reference to the nature of the product, should be accompanied by the ® (registered) symbol or ™
symbol, where convenient.</gco:CharacterString>
           </gmd:otherConstraints>
         </gmd:MD_LegalConstraints>
       </gmd:resourceConstraints>
       <gmd:spatialRepresentationType>
         <gmd:MD_SpatialRepresentationTypeCode codeSpace="ISOTC211/19115" codeList="http://www.isotc211.org/2005/resources/Codelist/gmxCodelists.xml#MD_SpatialRepresentationTypeCode" codeListValue="vector">vector</gmd:MD_SpatialRepresentationTypeCode>
       </gmd:spatialRepresentationType>
       <gmd:language>
         <gco:CharacterString>eng</gco:CharacterString>
       </gmd:language>
       <gmd:characterSet>
         <gmd:MD_CharacterSetCode codeSpace="ISOTC211/19115" codeList="http://www.isotc211.org/2005/resources/Codelist/gmxCodelists.xml#MD_CharacterSetCode" codeListValue="utf8">utf8</gmd:MD_CharacterSetCode>
       </gmd:characterSet>
       <gmd:topicCategory>
         
         <gmd:MD_TopicCategoryCode>boundaries</gmd:MD_TopicCategoryCode>
         
       </gmd:topicCategory>
       <gmd:extent>
         <gmd:EX_Extent>
           <gmd:geographicElement>
             <gmd:EX_GeographicBoundingBox>
               <gmd:westBoundLongitude>
                 <gco:Decimal>-114.816591</gco:Decimal>
               </gmd:westBoundLongitude>
               <gmd:eastBoundLongitude>
                 <gco:Decimal>-109.045172</gco:Decimal>
               </gmd:eastBoundLongitude>
               <gmd:southBoundLatitude>
                 <gco:Decimal>31.332177</gco:Decimal>
               </gmd:southBoundLatitude>
               <gmd:northBoundLatitude>
                 <gco:Decimal>37.003725</gco:Decimal>
               </gmd:northBoundLatitude>
             </gmd:EX_GeographicBoundingBox>
           </gmd:geographicElement>
         </gmd:EX_Extent>
       </gmd:extent>
       
       <gmd:supplementalInformation>
         <gco:CharacterString>No information proThe TIGER/Line Shapefiles are the fully supported, core geographic product from the U.S. Census
Bureau. They are extracts of selected geographic and cartographic information from the U.S. Census
Bureau's Master Address File/Topologically Integrated Geographic Encoding and Referencing
(MAF/TIGER) database. The shapefiles include information for the fifty states, the District of Columbia,
Puerto Rico, and the Island areas (American Samoa, the Commonwealth of the Northern Mariana
Islands, Guam, and the United States Virgin Islands). The shapefiles include polygon boundaries of
geographic areas and features, linear features including roads and hydrography, and point features. They
do not contain any sensitive data.vided</gco:CharacterString>
       </gmd:supplementalInformation>
     </gmd:MD_DataIdentification>
   </gmd:identificationInfo>

   <gmd:contentInfo>
     
     <gmd:includedWithDataset>
       <gco:Boolean>0</gco:Boolean>
     </gmd:includedWithDataset>
     <gmd:MD_FeatureCatalogueDescription>
       <gmd:featureCatalogueCitation uuidref="553e9dd0-9230-11e9-9b01-0242ac120003" xlink:href="http://dataexchange.asu.edu:80/layers/geonode:Census_Tract_Boundaries/feature_catalogue"/>
     </gmd:MD_FeatureCatalogueDescription>
     
   </gmd:contentInfo>
   <gmd:distributionInfo>
     <gmd:MD_Distribution>
       <gmd:transferOptions>
         <gmd:MD_DigitalTransferOptions>
           <gmd:onLine>
             <gmd:CI_OnlineResource>
               <gmd:linkage>
                   <gmd:URL>http://dataexchange.asu.edu:80/layers/geonode:Census_Tract_Boundaries</gmd:URL>
               </gmd:linkage>
               <gmd:protocol>
                 <gco:CharacterString>WWW:LINK-1.0-http--link</gco:CharacterString>
               </gmd:protocol>
               <gmd:description>
                 <gco:CharacterString>Online link to the 'Arizona Census Tracts' description on GeoNode</gco:CharacterString>
               </gmd:description>
             </gmd:CI_OnlineResource>
           </gmd:onLine>
           
           <gmd:onLine>
             <gmd:CI_OnlineResource>
               <gmd:linkage>
                 <gmd:URL>http://dataexchange.asu.edu:80/gs/ows?service=WMS&amp;request=GetLegendGraphic&amp;format=image/png&amp;WIDTH=20&amp;HEIGHT=20&amp;LAYER=geonode:Census_Tract_Boundaries&amp;STYLE=Census_Tract_Boundaries&amp;legend_options=fontAntiAliasing:true;fontSize:12;forceLabels:on</gmd:URL>
               </gmd:linkage>
               <gmd:protocol>
                 <gco:CharacterString>WWW:DOWNLOAD-1.0-http--download</gco:CharacterString>
               </gmd:protocol>
               <gmd:name>
                 <gco:CharacterString>Census_Tract_Boundaries.png</gco:CharacterString>
               </gmd:name>
               <gmd:description>
                 <gco:CharacterString>Arizona Census Tracts (Legend Format)</gco:CharacterString>
               </gmd:description>
             </gmd:CI_OnlineResource>
           </gmd:onLine>
           
           <gmd:onLine>
             <gmd:CI_OnlineResource>
               <gmd:linkage>
                 <gmd:URL>http://dataexchange.asu.edu:80/gs/ows?layers=geonode%3ACensus_Tract_Boundaries&amp;service=WMS&amp;format=image%2Fpng&amp;request=GetMap&amp;height=550&amp;width=559&amp;bbox=-114.816591000000000%2C31.332177000000100%2C-109.045172000000000%2C37.003725000000000&amp;srs=EPSG%3A4269</gmd:URL>
               </gmd:linkage>
               <gmd:protocol>
                 <gco:CharacterString>WWW:DOWNLOAD-1.0-http--download</gco:CharacterString>
               </gmd:protocol>
               <gmd:name>
                 <gco:CharacterString>Census_Tract_Boundaries.png</gco:CharacterString>
               </gmd:name>
               <gmd:description>
                 <gco:CharacterString>Arizona Census Tracts (PNG Format)</gco:CharacterString>
               </gmd:description>
             </gmd:CI_OnlineResource>
           </gmd:onLine>
           
           <gmd:onLine>
             <gmd:CI_OnlineResource>
               <gmd:linkage>
                 <gmd:URL>http://dataexchange.asu.edu:80/gs/ows?layers=geonode%3ACensus_Tract_Boundaries&amp;service=WMS&amp;format=application%2Fpdf&amp;request=GetMap&amp;height=550&amp;width=559&amp;bbox=-114.816591000000000%2C31.332177000000100%2C-109.045172000000000%2C37.003725000000000&amp;srs=EPSG%3A4269</gmd:URL>
               </gmd:linkage>
               <gmd:protocol>
                 <gco:CharacterString>WWW:DOWNLOAD-1.0-http--download</gco:CharacterString>
               </gmd:protocol>
               <gmd:name>
                 <gco:CharacterString>Census_Tract_Boundaries.pdf</gco:CharacterString>
               </gmd:name>
               <gmd:description>
                 <gco:CharacterString>Arizona Census Tracts (PDF Format)</gco:CharacterString>
               </gmd:description>
             </gmd:CI_OnlineResource>
           </gmd:onLine>
           
           <gmd:onLine>
             <gmd:CI_OnlineResource>
               <gmd:linkage>
                 <gmd:URL>http://dataexchange.asu.edu:80/gs/ows?layers=geonode%3ACensus_Tract_Boundaries&amp;service=WMS&amp;format=image%2Fjpeg&amp;request=GetMap&amp;height=550&amp;width=559&amp;bbox=-114.816591000000000%2C31.332177000000100%2C-109.045172000000000%2C37.003725000000000&amp;srs=EPSG%3A4269</gmd:URL>
               </gmd:linkage>
               <gmd:protocol>
                 <gco:CharacterString>WWW:DOWNLOAD-1.0-http--download</gco:CharacterString>
               </gmd:protocol>
               <gmd:name>
                 <gco:CharacterString>Census_Tract_Boundaries.jpg</gco:CharacterString>
               </gmd:name>
               <gmd:description>
                 <gco:CharacterString>Arizona Census Tracts (JPEG Format)</gco:CharacterString>
               </gmd:description>
             </gmd:CI_OnlineResource>
           </gmd:onLine>
           
           <gmd:onLine>
             <gmd:CI_OnlineResource>
               <gmd:linkage>
                 <gmd:URL>http://dataexchange.asu.edu:80/gs/ows?srsName=EPSG%3A4269&amp;outputFormat=json&amp;service=WFS&amp;srs=EPSG%3A4269&amp;request=GetFeature&amp;typename=geonode%3ACensus_Tract_Boundaries&amp;version=1.0.0</gmd:URL>
               </gmd:linkage>
               <gmd:protocol>
                 <gco:CharacterString>WWW:DOWNLOAD-1.0-http--download</gco:CharacterString>
               </gmd:protocol>
               <gmd:name>
                 <gco:CharacterString>Census_Tract_Boundaries.json</gco:CharacterString>
               </gmd:name>
               <gmd:description>
                 <gco:CharacterString>Arizona Census Tracts (GeoJSON Format)</gco:CharacterString>
               </gmd:description>
             </gmd:CI_OnlineResource>
           </gmd:onLine>
           
           <gmd:onLine>
             <gmd:CI_OnlineResource>
               <gmd:linkage>
                 <gmd:URL>http://dataexchange.asu.edu:80/gs/ows?outputFormat=excel&amp;service=WFS&amp;srs=EPSG%3A4269&amp;request=GetFeature&amp;typename=geonode%3ACensus_Tract_Boundaries&amp;version=1.0.0</gmd:URL>
               </gmd:linkage>
               <gmd:protocol>
                 <gco:CharacterString>WWW:DOWNLOAD-1.0-http--download</gco:CharacterString>
               </gmd:protocol>
               <gmd:name>
                 <gco:CharacterString>Census_Tract_Boundaries.excel</gco:CharacterString>
               </gmd:name>
               <gmd:description>
                 <gco:CharacterString>Arizona Census Tracts (Excel Format)</gco:CharacterString>
               </gmd:description>
             </gmd:CI_OnlineResource>
           </gmd:onLine>
           
           <gmd:onLine>
             <gmd:CI_OnlineResource>
               <gmd:linkage>
                 <gmd:URL>http://dataexchange.asu.edu:80/gs/ows?outputFormat=csv&amp;service=WFS&amp;srs=EPSG%3A4269&amp;request=GetFeature&amp;typename=geonode%3ACensus_Tract_Boundaries&amp;version=1.0.0</gmd:URL>
               </gmd:linkage>
               <gmd:protocol>
                 <gco:CharacterString>WWW:DOWNLOAD-1.0-http--download</gco:CharacterString>
               </gmd:protocol>
               <gmd:name>
                 <gco:CharacterString>Census_Tract_Boundaries.csv</gco:CharacterString>
               </gmd:name>
               <gmd:description>
                 <gco:CharacterString>Arizona Census Tracts (CSV Format)</gco:CharacterString>
               </gmd:description>
             </gmd:CI_OnlineResource>
           </gmd:onLine>
           
           <gmd:onLine>
             <gmd:CI_OnlineResource>
               <gmd:linkage>
                 <gmd:URL>http://dataexchange.asu.edu:80/gs/ows?outputFormat=text%2Fxml%3B+subtype%3Dgml%2F3.1.1&amp;service=WFS&amp;srs=EPSG%3A4269&amp;request=GetFeature&amp;typename=geonode%3ACensus_Tract_Boundaries&amp;version=1.0.0</gmd:URL>
               </gmd:linkage>
               <gmd:protocol>
                 <gco:CharacterString>WWW:DOWNLOAD-1.0-http--download</gco:CharacterString>
               </gmd:protocol>
               <gmd:name>
                 <gco:CharacterString>Census_Tract_Boundaries.gml</gco:CharacterString>
               </gmd:name>
               <gmd:description>
                 <gco:CharacterString>Arizona Census Tracts (GML 3.1.1 Format)</gco:CharacterString>
               </gmd:description>
             </gmd:CI_OnlineResource>
           </gmd:onLine>
           
           <gmd:onLine>
             <gmd:CI_OnlineResource>
               <gmd:linkage>
                 <gmd:URL>http://dataexchange.asu.edu:80/gs/ows?outputFormat=gml2&amp;service=WFS&amp;srs=EPSG%3A4269&amp;request=GetFeature&amp;typename=geonode%3ACensus_Tract_Boundaries&amp;version=1.0.0</gmd:URL>
               </gmd:linkage>
               <gmd:protocol>
                 <gco:CharacterString>WWW:DOWNLOAD-1.0-http--download</gco:CharacterString>
               </gmd:protocol>
               <gmd:name>
                 <gco:CharacterString>Census_Tract_Boundaries.gml</gco:CharacterString>
               </gmd:name>
               <gmd:description>
                 <gco:CharacterString>Arizona Census Tracts (GML 2.0 Format)</gco:CharacterString>
               </gmd:description>
             </gmd:CI_OnlineResource>
           </gmd:onLine>
           
           <gmd:onLine>
             <gmd:CI_OnlineResource>
               <gmd:linkage>
                 <gmd:URL>http://dataexchange.asu.edu:80/gs/ows?outputFormat=SHAPE-ZIP&amp;service=WFS&amp;srs=EPSG%3A4269&amp;request=GetFeature&amp;format_options=charset%3AUTF-8&amp;typename=geonode%3ACensus_Tract_Boundaries&amp;version=1.0.0</gmd:URL>
               </gmd:linkage>
               <gmd:protocol>
                 <gco:CharacterString>WWW:DOWNLOAD-1.0-http--download</gco:CharacterString>
               </gmd:protocol>
               <gmd:name>
                 <gco:CharacterString>Census_Tract_Boundaries.zip</gco:CharacterString>
               </gmd:name>
               <gmd:description>
                 <gco:CharacterString>Arizona Census Tracts (Zipped Shapefile Format)</gco:CharacterString>
               </gmd:description>
             </gmd:CI_OnlineResource>
           </gmd:onLine>
           
           <gmd:onLine>
             <gmd:CI_OnlineResource>
               <gmd:linkage>
                 <gmd:URL>http://dataexchange.asu.edu:80/download/22</gmd:URL>
               </gmd:linkage>
               <gmd:protocol>
                 <gco:CharacterString>WWW:DOWNLOAD-1.0-http--download</gco:CharacterString>
               </gmd:protocol>
               <gmd:name>
                 <gco:CharacterString>Census_Tract_Boundaries.zip</gco:CharacterString>
               </gmd:name>
               <gmd:description>
                 <gco:CharacterString>Arizona Census Tracts (Original Dataset Format)</gco:CharacterString>
               </gmd:description>
             </gmd:CI_OnlineResource>
           </gmd:onLine>
           
           
           <gmd:onLine>
             <gmd:CI_OnlineResource>
               <gmd:linkage>
                 <gmd:URL>http://dataexchange.asu.edu:80/gs/ows</gmd:URL>
               </gmd:linkage>
               <gmd:protocol>
                 <gco:CharacterString>OGC:WMS</gco:CharacterString>
               </gmd:protocol>
               <gmd:name>
                 <gco:CharacterString>geonode:Census_Tract_Boundaries</gco:CharacterString>
               </gmd:name>
               <gmd:description>
                 <gco:CharacterString>geonode Service - Provides Layer: Arizona Census Tracts</gco:CharacterString>
               </gmd:description>
             </gmd:CI_OnlineResource>
           </gmd:onLine>
           
         </gmd:MD_DigitalTransferOptions>
       </gmd:transferOptions>
     </gmd:MD_Distribution>
   </gmd:distributionInfo>
   <gmd:dataQualityInfo>
     <gmd:DQ_DataQuality>
       <gmd:scope>
         <gmd:DQ_Scope>
           <gmd:level>
             <gmd:MD_ScopeCode codeSpace="ISOTC211/19115" codeList="http://www.isotc211.org/2005/resources/Codelist/gmxCodelists.xml#MD_ScopeCode" codeListValue="dataset">dataset</gmd:MD_ScopeCode>
           </gmd:level>
         </gmd:DQ_Scope>
       </gmd:scope>
       <gmd:lineage>
         <gmd:LI_Lineage>
           <gmd:statement><gco:CharacterString>No warranty, expressed or implied, is made with regard to the accuracy of the data in the TIGER
Geodatabases, and no liability is assumed by the United States Government in general, or the
Census Bureau specifically, as to the positional or attribute accuracy of the data. The boundary
information in the TIGER Geodatabases is for statistical data collection and tabulation purposes
only. Their depiction and designation for statistical purposes does not constitute a
determination of jurisdictional authority or rights of ownership or entitlement and they are not
legal land descriptions.</gco:CharacterString></gmd:statement>
         </gmd:LI_Lineage>
       </gmd:lineage>
     </gmd:DQ_DataQuality>
   </gmd:dataQualityInfo>
 </gmd:MD_Metadata>
</csw:GetRecordByIdResponse>
