<?xml version="1.0" encoding="UTF-8" standalone="no"?>
<!-- pycsw 2.4.0 -->
<csw:GetRecordByIdResponse xmlns:atom="http://www.w3.org/2005/Atom" xmlns:csw="http://www.opengis.net/cat/csw/2.0.2" xmlns:dc="http://purl.org/dc/elements/1.1/" xmlns:dct="http://purl.org/dc/terms/" xmlns:gmd="http://www.isotc211.org/2005/gmd" xmlns:gml="http://www.opengis.net/gml" xmlns:ows="http://www.opengis.net/ows" xmlns:xs="http://www.w3.org/2001/XMLSchema" xmlns:xsi="http://www.w3.org/2001/XMLSchema-instance" xsi:schemaLocation="http://www.opengis.net/cat/csw/2.0.2 http://schemas.opengis.net/csw/2.0.2/CSW-discovery.xsd">
  <atom:entry xmlns:georss="http://www.georss.org/georss" xsi:schemaLocation="http://www.w3.org/2005/Atom http://www.kbcafe.com/rss/atom.xsd.xml">
    <atom:author>
      <atom:name>pmshea</atom:name>
    </atom:author>
    <atom:category term="Heath"/>
    <atom:contributor>pmshea</atom:contributor>
    <atom:id>e90503c2-92c8-11e9-be18-0242ac120003</atom:id>
    <dc:identifier>e90503c2-92c8-11e9-be18-0242ac120003</dc:identifier>
    <atom:link href="http://dataexchange.asu.edu:80/gs/ows?layers=geonode%3Adata_summary_by_tract&amp;service=WMS&amp;format=image%2Fpng&amp;request=GetMap&amp;height=550&amp;width=690&amp;bbox=263084.312335957000000%2C548085.493766404000000%2C967374.569881889000000%2C1109003.386811030000000&amp;srs=EPSG%3A2868" title="Heat Deaths and Utility Assistance in Maricopa County (PNG Format)" type="WWW:DOWNLOAD-1.0-http--download"/>
    <atom:link href="http://dataexchange.asu.edu:80/gs/ows?layers=geonode%3Adata_summary_by_tract&amp;service=WMS&amp;format=application%2Fpdf&amp;request=GetMap&amp;height=550&amp;width=690&amp;bbox=263084.312335957000000%2C548085.493766404000000%2C967374.569881889000000%2C1109003.386811030000000&amp;srs=EPSG%3A2868" title="Heat Deaths and Utility Assistance in Maricopa County (PDF Format)" type="WWW:DOWNLOAD-1.0-http--download"/>
    <atom:link href="http://dataexchange.asu.edu:80/gs/ows?layers=geonode%3Adata_summary_by_tract&amp;service=WMS&amp;format=image%2Fjpeg&amp;request=GetMap&amp;height=550&amp;width=690&amp;bbox=263084.312335957000000%2C548085.493766404000000%2C967374.569881889000000%2C1109003.386811030000000&amp;srs=EPSG%3A2868" title="Heat Deaths and Utility Assistance in Maricopa County (JPEG Format)" type="WWW:DOWNLOAD-1.0-http--download"/>
    <atom:link href="http://dataexchange.asu.edu:80/uploaded/thumbs/layer-e90503c2-92c8-11e9-be18-0242ac120003-thumb.png" title="Heat Deaths and Utility Assistance in Maricopa County (Thumbnail Format)" type="WWW:DOWNLOAD-1.0-http--download"/>
    <atom:link href="http://dataexchange.asu.edu:80/gs/ows?outputFormat=excel&amp;service=WFS&amp;srs=EPSG%3A2868&amp;request=GetFeature&amp;typename=geonode%3Adata_summary_by_tract&amp;version=1.0.0" title="Heat Deaths and Utility Assistance in Maricopa County (Excel Format)" type="WWW:DOWNLOAD-1.0-http--download"/>
    <atom:link href="http://dataexchange.asu.edu:80/gs/ows?srsName=EPSG%3A2868&amp;outputFormat=json&amp;service=WFS&amp;srs=EPSG%3A2868&amp;request=GetFeature&amp;typename=geonode%3Adata_summary_by_tract&amp;version=1.0.0" title="Heat Deaths and Utility Assistance in Maricopa County (GeoJSON Format)" type="WWW:DOWNLOAD-1.0-http--download"/>
    <atom:link href="http://dataexchange.asu.edu:80/gs/ows?outputFormat=excel&amp;service=WFS&amp;srs=EPSG%3A2868&amp;request=GetFeature&amp;typename=geonode%3Adata_summary_by_tract&amp;version=1.0.0" title="Heat Deaths and Utility Assistance in Maricopa County (Excel Format)" type="WWW:DOWNLOAD-1.0-http--download"/>
    <atom:link href="http://dataexchange.asu.edu:80/gs/ows?outputFormat=csv&amp;service=WFS&amp;srs=EPSG%3A2868&amp;request=GetFeature&amp;typename=geonode%3Adata_summary_by_tract&amp;version=1.0.0" title="Heat Deaths and Utility Assistance in Maricopa County (CSV Format)" type="WWW:DOWNLOAD-1.0-http--download"/>
    <atom:link href="http://dataexchange.asu.edu:80/gs/ows?outputFormat=text%2Fxml%3B+subtype%3Dgml%2F3.1.1&amp;service=WFS&amp;srs=EPSG%3A2868&amp;request=GetFeature&amp;typename=geonode%3Adata_summary_by_tract&amp;version=1.0.0" title="Heat Deaths and Utility Assistance in Maricopa County (GML 3.1.1 Format)" type="WWW:DOWNLOAD-1.0-http--download"/>
    <atom:link href="http://dataexchange.asu.edu:80/gs/ows?outputFormat=gml2&amp;service=WFS&amp;srs=EPSG%3A2868&amp;request=GetFeature&amp;typename=geonode%3Adata_summary_by_tract&amp;version=1.0.0" title="Heat Deaths and Utility Assistance in Maricopa County (GML 2.0 Format)" type="WWW:DOWNLOAD-1.0-http--download"/>
    <atom:link href="http://dataexchange.asu.edu:80/gs/ows?outputFormat=SHAPE-ZIP&amp;service=WFS&amp;srs=EPSG%3A2868&amp;request=GetFeature&amp;format_options=charset%3AUTF-8&amp;typename=geonode%3Adata_summary_by_tract&amp;version=1.0.0" title="Heat Deaths and Utility Assistance in Maricopa County (Zipped Shapefile Format)" type="WWW:DOWNLOAD-1.0-http--download"/>
    <atom:link href="http://dataexchange.asu.edu:80/download/37" title="Heat Deaths and Utility Assistance in Maricopa County (Original Dataset Format)" type="WWW:DOWNLOAD-1.0-http--download"/>
    <atom:link href="http://dataexchange.asu.edu:80/catalogue/csw?service=CSW&amp;version=2.0.2&amp;request=GetRepositoryItem&amp;id=e90503c2-92c8-11e9-be18-0242ac120003"/>
    <atom:title>Heat Deaths and Utility Assistance in Maricopa County</atom:title>
    <atom:updated>2019-06-19T19:32:00Z</atom:updated>
    <atom:published>2019-06-19T19:32:00Z</atom:published>
    <atom:summary>Maricopa County census tracts attributed with heat deaths per tract (count), population per tract (count), and number of homes receiving utility assistance per tract (count). Data collected between 2012-2016.</atom:summary>
    <georss:where>
      <gml:Envelope srsName="http://www.opengis.net/def/crs/EPSG/0/4326">
        <gml:lowerCorner>32.4987772407 -113.358920907</gml:lowerCorner>
        <gml:upperCorner>34.0452515211 -111.033989163</gml:upperCorner>
      </gml:Envelope>
    </georss:where>
  </atom:entry>
</csw:GetRecordByIdResponse>
