<metadata xml:lang="en"><mdLang><languageCode value="eng"/><countryCode value="USA"/></mdLang><mdChar><CharSetCd value="004"/></mdChar><mdHrLv><ScopeCd value="005"/></mdHrLv><mdContact><rpIndName>Ted Cochin</rpIndName><rpOrgName>U.S. Environmental Protection Agency, Office of Sustainable Communities</rpOrgName><rpPosName>Environmental Protection Specialist</rpPosName><rpCntInfo><cntPhone><voiceNum>202-566-2181</voiceNum></cntPhone><cntAddress addressType="both"><delPoint>1200 Pennsylvania Avenue, N.W.</delPoint><delPoint>Mail Code 1807T</delPoint><city>Washington</city><adminArea>DC</adminArea><postCode>20460</postCode><eMailAdd>cochin.ted@epa.gov</eMailAdd></cntAddress><cntInstr>http://www.epa.gov/smartgrowth</cntInstr></rpCntInfo><role><RoleCd value="007"/></role></mdContact><mdDateSt>20160301</mdDateSt><mdStanName>ArcGIS Metadata</mdStanName><mdStanVer>1.0</mdStanVer><distInfo><distributor><distorCont><rpIndName>Ted Cochin</rpIndName><rpOrgName>U.S. Environmental Protection Agency, Office of Sustainable Communities</rpOrgName><rpPosName>Environmental Protection Specialist</rpPosName><rpCntInfo><cntPhone><voiceNum>202-566-2181</voiceNum></cntPhone><cntAddress addressType="both"><delPoint>1200 Pennsylvania Avenue, N.W.</delPoint><delPoint>Mail Code 1807T</delPoint><city>Washington</city><adminArea>DC</adminArea><postCode>20460</postCode><eMailAdd>cochin.ted@epa.gov</eMailAdd></cntAddress><cntInstr>http://www.epa.gov/smartgrowth</cntInstr></rpCntInfo><role><RoleCd value="005"/></role></distorCont></distributor><distTranOps><onLineSrc><linkage>https://edg.epa.gov/data/Public/OP/WalkabilityIndex.zip</linkage></onLineSrc><transSize Sync="TRUE">0.000</transSize></distTranOps><distFormat><formatName>File Geodatabase Feature Class</formatName></distFormat></distInfo><dataIdInfo><idCitation><resTitle>NationalWalkabilityIndex</resTitle><date><pubDate>2015-12-23</pubDate></date><citRespParty><rpOrgName>U.S. Environmental Protection Agency, Office of Sustainable Communities</rpOrgName><rpCntInfo><cntAddress><delPoint>Washington, DC</delPoint></cntAddress></rpCntInfo><role><RoleCd value="010"/></role></citRespParty><citRespParty><rpOrgName>US Environmental Protection Agency</rpOrgName><role><RoleCd value="006"/></role></citRespParty><presForm><PresFormCd value="005"/></presForm></idCitation><idAbs>The Walkabiliy Index dataset characterizes every Census 2010 block group in the U.S. based on its relative walkability. Walkability depends upon characteristics of the built environment that influence the likelihood of walking being used as a mode of travel. The Walkability Index is based on the EPA's previous data product, the Smart Location Database (SLD). Block group data from the SLD was the only input into the Walkability Index, and consisted of four variables from the SLD weighted in a formula to create the new Walkability Index. This dataset shares the SLD's block group boundary definitions from Census 2010. The methodology describing the process of creating the Walkability Index can be found in the documents located at https://edg.epa.gov/data/Public/OP/WalkabilityIndex.zip. You can also learn more about the Smart Location Database at https://edg.epa.gov/data/Public/OP/Smart_Location_DB_v02b.zip.</idAbs><idPurp>The Walkability Index is intended to help address a growing demand for data products and tools that enable users to consistently compare multiple places based on their suitability for walking as a means of travel. It may be of use as source data for transportation or land use sketch planning tools.</idPurp><idStatus><ProgCd value="001"/></idStatus><idPoC><rpIndName>Ted Cochin</rpIndName><rpOrgName>U.S. Environmental Protection Agency, Office of Sustainable Communities</rpOrgName><rpPosName>Environmental Protection Specialist</rpPosName><rpCntInfo><cntPhone><voiceNum>202-566-2181</voiceNum></cntPhone><cntAddress addressType="both"><delPoint>Mail Code 1807T</delPoint><delPoint>1200 Pennsylvania Avenue, N.W.</delPoint><city>Washington</city><adminArea>DC</adminArea><postCode>20460</postCode><eMailAdd>cochin.ted@epa.gov</eMailAdd></cntAddress><cntInstr>http://www.epa.gov/smartgrowth</cntInstr></rpCntInfo><role><RoleCd value="007"/></role></idPoC><resMaint><maintFreq><MaintFreqCd value="010"/></maintFreq></resMaint><placeKeys><keyword>Minnesota</keyword><keyword>Mexico</keyword><keyword>Chesapeake Bay Watershed</keyword><keyword>American Samoa</keyword><keyword>Michigan</keyword><keyword>New Jersey</keyword><keyword>New Mexico</keyword><keyword>North Carolina</keyword><keyword>Washington DC</keyword><keyword>Pennsylvania</keyword><keyword>Arizona</keyword><keyword>California</keyword><keyword>Mississippi</keyword><keyword>Nebraska</keyword><keyword>Louisiana</keyword><keyword>Maryland</keyword><keyword>South Carolina</keyword><keyword>Massachusetts</keyword><keyword>Wyoming</keyword><keyword>New York</keyword><keyword>Nevada</keyword><keyword>Idaho</keyword><keyword>Alabama</keyword><keyword>Indiana</keyword><keyword>Alaska</keyword><keyword>Maine</keyword><keyword>Tennessee</keyword><keyword>Vermont</keyword><keyword>Washington</keyword><keyword>Utah</keyword><keyword>United States</keyword><keyword>Missouri</keyword><keyword>Iowa</keyword><keyword>Colorado</keyword><keyword>Georgia</keyword><keyword>Ohio</keyword><keyword>Texas</keyword><keyword>Kansas</keyword><keyword>Wisconsin</keyword><keyword>Kentucky</keyword><keyword>West Virginia</keyword><keyword>Delaware</keyword><keyword>Oklahoma</keyword><keyword>Montana</keyword><keyword>Virginia</keyword><keyword>Puerto Rico</keyword><keyword>Illinois</keyword><keyword>Hawaii</keyword><keyword>Connecticut</keyword><keyword>Florida</keyword><keyword>Rhode Island</keyword><keyword>South Dakota</keyword><keyword>Chesapeake Bay</keyword><keyword>Arkansas</keyword><keyword>North Dakota</keyword><keyword>Canada</keyword><keyword>New Hampshire</keyword><keyword>Oregon</keyword></placeKeys><themeKeys><keyword>Transportation</keyword><keyword>Health</keyword><keyword>Environment</keyword><keyword>Human</keyword><keyword>Land</keyword><keyword>Recreation</keyword><thesaName><resTitle>EPA GIS Keyword Thesaurus</resTitle></thesaName></themeKeys><themeKeys><keyword>transportation</keyword><keyword>health</keyword><keyword>society</keyword><thesaName><resTitle>ISO 19115 Topic Category</resTitle></thesaName></themeKeys><searchKeys><keyword>Minnesota</keyword><keyword>Mexico</keyword><keyword>Chesapeake Bay Watershed</keyword><keyword>transportation</keyword><keyword>American Samoa</keyword><keyword>Transportation</keyword><keyword>Michigan</keyword><keyword>New Jersey</keyword><keyword>New Mexico</keyword><keyword>North Carolina</keyword><keyword>Health</keyword><keyword>Washington DC</keyword><keyword>Pennsylvania</keyword><keyword>health</keyword><keyword>Arizona</keyword><keyword>California</keyword><keyword>Mississippi</keyword><keyword>Nebraska</keyword><keyword>Louisiana</keyword><keyword>society</keyword><keyword>Maryland</keyword><keyword>South Carolina</keyword><keyword>Massachusetts</keyword><keyword>Wyoming</keyword><keyword>New York</keyword><keyword>Nevada</keyword><keyword>Idaho</keyword><keyword>Alabama</keyword><keyword>Indiana</keyword><keyword>Alaska</keyword><keyword>Maine</keyword><keyword>Environment</keyword><keyword>Tennessee</keyword><keyword>Vermont</keyword><keyword>Washington</keyword><keyword>Utah</keyword><keyword>United States</keyword><keyword>Missouri</keyword><keyword>Iowa</keyword><keyword>Colorado</keyword><keyword>Georgia</keyword><keyword>Ohio</keyword><keyword>Texas</keyword><keyword>Kansas</keyword><keyword>Wisconsin</keyword><keyword>Kentucky</keyword><keyword>West Virginia</keyword><keyword>Delaware</keyword><keyword>Oklahoma</keyword><keyword>Montana</keyword><keyword>Virginia</keyword><keyword>Puerto Rico</keyword><keyword>Illinois</keyword><keyword>Hawaii</keyword><keyword>Human</keyword><keyword>Land</keyword><keyword>Connecticut</keyword><keyword>Florida</keyword><keyword>Rhode Island</keyword><keyword>South Dakota</keyword><keyword>Chesapeake Bay</keyword><keyword>Recreation</keyword><keyword>Arkansas</keyword><keyword>North Dakota</keyword><keyword>Canada</keyword><keyword>New Hampshire</keyword><keyword>Oregon</keyword></searchKeys><resConst><LegConsts><useLimit>https://edg.epa.gov/EPA_Data_License.html</useLimit></LegConsts></resConst><resConst><SecConsts><classSys>http://project-open-data.github.io/schema/#accessLevel</classSys><handDesc>Standard Technical Controls</handDesc></SecConsts></resConst><resConst><Consts><useLimit>None. Please check sources, scale, accuracy, currentness and other available information. Please confirm that you are using the most recent copy of both data and metadata. Acknowledgement of the EPA would be appreciated.</useLimit></Consts></resConst><dataLang><languageCode value="eng"/><countryCode value="USA"/></dataLang><tpCat><TopicCatCd value="016"/></tpCat><tpCat><TopicCatCd value="009"/></tpCat><tpCat><TopicCatCd value="018"/></tpCat><tpCat><TopicCatCd value="007"/></tpCat><dataExt><geoEle><GeoBndBox><westBL>-180</westBL><eastBL>180</eastBL><southBL>2.969871</southBL><northBL>90</northBL></GeoBndBox></geoEle></dataExt><dataExt><exDesc>Ground condition</exDesc><tempEle><TempExtent><exTemp><TM_Period><tmBegin>2006-01-01</tmBegin><tmEnd>2013-01-01</tmEnd></TM_Period></exTemp></TempExtent></tempEle><geoEle/></dataExt><suppInfo>See documentation available at https://edg.epa.gov/data/Public/OP/WalkabilityIndex_docs.zip</suppInfo><envirDesc>Microsoft Windows 7 Version 6.1 (Build 7601) Service Pack 1; Esri ArcGIS 10.3.0.4322</envirDesc><spatRpType><SpatRepTypCd value="001"/></spatRpType><dataExt><geoEle><GeoBndBox esriExtentType="search"><exTypeCode>1</exTypeCode><westBL>-179.231101</westBL><eastBL>179.859666</eastBL><northBL>71.441059</northBL><southBL>-14.601806</southBL></GeoBndBox></geoEle></dataExt></dataIdInfo><mdMaint><maintFreq><MaintFreqCd value="012"/></maintFreq><dateNext>20191223</dateNext></mdMaint><dqInfo><dqScope><scpLvl><ScopeCd value="005"/></scpLvl></dqScope><report type="DQConcConsis"><measDesc>Attribute value ranges were tested for validity. See report for full discussion of corrective measures taken.</measDesc></report><report type="DQCompOm"><measDesc>See report for full discussion of data completeness.</measDesc></report><report type="DQAbsExtPosAcc" dimension="horizontal"><measDesc>Data were collected using methods that have unknown accuracy (EPA National Geospatial Data Policy [NGDP] Accuracy Tier 10). For more information, please see EPA's NGDP at http://epa.gov/geospatial/policies.html</measDesc></report><dataLineage><prcStep><stepDesc>See report for full description of processing steps.</stepDesc><stepDateTm>2015-12-23</stepDateTm><stepProc><rpIndName>Ted Cochin</rpIndName><rpOrgName>U.S. Environmental Protection Agency, Office of Sustainable Communities</rpOrgName><rpPosName>Environmental Protection Specialist</rpPosName><rpCntInfo><cntPhone><voiceNum>202-566-2181</voiceNum></cntPhone><cntAddress addressType="both"><delPoint>Mail Code 1807T</delPoint><delPoint>1200 Pennsylvania Avenue, N.W.</delPoint><city>Washington</city><adminArea>DC</adminArea><postCode>20460</postCode><eMailAdd>cochin.ted@epa.gov</eMailAdd></cntAddress><cntInstr>http://www.epa.gov/smartgrowth</cntInstr></rpCntInfo><role><RoleCd value="009"/></role></stepProc></prcStep></dataLineage></dqInfo><eainfo><detailed Name="AZwalkabilityIndex"><enttyp><enttypl>NationalWalkabilityIndex</enttypl><enttypd>A census block group is a geographical unit used by the US Census that is smaller than a census tract but larger than a census block. Each block groups is a cluster of census blocks having the same first digit of their four-digit identifying numbers within a census tract.</enttypd><enttypds>Smart Location Database (SLD)</enttypds><enttypt Sync="TRUE">Feature Class</enttypt><enttypc Sync="TRUE">0</enttypc></enttyp><attr><attrlabl Sync="TRUE">FID</attrlabl><attalias Sync="TRUE">FID</attalias><attrtype Sync="TRUE">OID</attrtype><attwidth Sync="TRUE">4</attwidth><atprecis Sync="TRUE">0</atprecis><attscale Sync="TRUE">0</attscale><attrdef Sync="TRUE">Internal feature number.</attrdef><attrdefs Sync="TRUE">Esri</attrdefs><attrdomv><udom Sync="TRUE">Sequential unique whole numbers that are automatically generated.</udom></attrdomv></attr><attr><attrlabl>CSA_Name</attrlabl><attrdef>Name of CSA in which block group resides</attrdef><attrdefs>US Census</attrdefs><attrdomv><udom>Text</udom></attrdomv><attalias Sync="TRUE">CSA_Name</attalias><attrtype Sync="TRUE">String</attrtype><attwidth Sync="TRUE">254</attwidth><atprecis Sync="TRUE">0</atprecis><attscale Sync="TRUE">0</attscale></attr><attr><attrlabl>Ac_Land</attrlabl><attrdef>Total land area of block group in acres</attrdef><attrdefs>SLD</attrdefs><attrdomv><rdom><rdommin>0</rdommin><rdommax>38150519</rdommax></rdom></attrdomv><attalias Sync="TRUE">AC_LAND</attalias><attrtype Sync="TRUE">Double</attrtype><attwidth Sync="TRUE">19</attwidth><atprecis Sync="TRUE">0</atprecis><attscale Sync="TRUE">0</attscale></attr><attr><attrlabl>Shape_Area</attrlabl><attrdef>Area of feature in internal units squared.</attrdef><attrdefs>ESRI</attrdefs><attrdomv><udom>Positive real numbers that are automatically generated.</udom></attrdomv><attalias Sync="TRUE">Shape_Area</attalias><attrtype Sync="TRUE">Double</attrtype><attwidth Sync="TRUE">19</attwidth><atprecis Sync="TRUE">0</atprecis><attscale Sync="TRUE">0</attscale></attr><attr><attrlabl>D2A_Ranked</attrlabl><attrdef>Ranked score of block group's D2a_EPHMM value relative to other block groups</attrdef><attrdefs>Walkability Index</attrdefs><attrdomv><rdom><rdommin>1</rdommin><rdommax>20</rdommax></rdom></attrdomv><attalias Sync="TRUE">D2A_Ranked</attalias><attrtype Sync="TRUE">Integer</attrtype><attwidth Sync="TRUE">10</attwidth><atprecis Sync="TRUE">10</atprecis><attscale Sync="TRUE">0</attscale></attr><attr><attrlabl>GEOID10</attrlabl><attrdef>Census block group 12-digit FIPS code</attrdef><attrdefs>2010 Census TIGER/Line</attrdefs><attrdomv><codesetd><codesetn>2010 TIGER/Line Shapefiles</codesetn><codesets>https://www.census.gov/geo/maps-data/data/tiger-line.html</codesets></codesetd></attrdomv><attalias Sync="TRUE">GEOID10</attalias><attrtype Sync="TRUE">String</attrtype><attwidth Sync="TRUE">12</attwidth><atprecis Sync="TRUE">0</atprecis><attscale Sync="TRUE">0</attscale></attr><attr><attrlabl>Shape</attrlabl><attrdef>Feature geometry.</attrdef><attrdefs>ESRI</attrdefs><attrdomv><udom>Coordinates defining the features.</udom></attrdomv><attalias Sync="TRUE">Shape</attalias><attrtype Sync="TRUE">Geometry</attrtype><attwidth Sync="TRUE">0</attwidth><atprecis Sync="TRUE">0</atprecis><attscale Sync="TRUE">0</attscale></attr><attr><attrlabl>COUNTHU10</attrlabl><attrdef>Housing units, 2010</attrdef><attrdefs>2010 decennial Census</attrdefs><attrdomv><rdom><rdommin>0</rdommin><rdommax>21535</rdommax></rdom></attrdomv><attalias Sync="TRUE">COUNTHU10</attalias><attrtype Sync="TRUE">Double</attrtype><attwidth Sync="TRUE">19</attwidth><atprecis Sync="TRUE">0</atprecis><attscale Sync="TRUE">0</attscale></attr><attr><attrlabl>CBSA</attrlabl><attrdef>FIPS code for Core Based Statistical Area (CBSA) in which block group resides</attrdef><attrdefs>US Census</attrdefs><attrdomv><codesetd><codesetn>2010 TIGER/Line Shapefiles</codesetn><codesets>https://www.census.gov/geo/maps-data/data/tiger-line.html</codesets></codesetd></attrdomv><attalias Sync="TRUE">CBSA</attalias><attrtype Sync="TRUE">Double</attrtype><attwidth Sync="TRUE">19</attwidth><atprecis Sync="TRUE">0</atprecis><attscale Sync="TRUE">0</attscale></attr><attr><attrlabl>CSA</attrlabl><attrdef>FIPS code for Combined Statistical Area (CSA) in which block group resides</attrdef><attrdefs>US Census</attrdefs><attrdomv><codesetd><codesetn>2010 TIGER/Line Shapefiles</codesetn><codesets>https://www.census.gov/geo/maps-data/data/tiger-line.html</codesets></codesetd></attrdomv><attalias Sync="TRUE">CSA</attalias><attrtype Sync="TRUE">String</attrtype><attwidth Sync="TRUE">254</attwidth><atprecis Sync="TRUE">0</atprecis><attscale Sync="TRUE">0</attscale></attr><attr><attrlabl>D4a</attrlabl><attrdef>Distance from population weighted centroid to nearest transit stop (meters)</attrdef><attrdefs>SLD</attrdefs><attrdomv><rdom><rdommin>0</rdommin><rdommax>1207</rdommax></rdom></attrdomv><attalias Sync="TRUE">D4a</attalias><attrtype Sync="TRUE">Double</attrtype><attwidth Sync="TRUE">19</attwidth><atprecis Sync="TRUE">0</atprecis><attscale Sync="TRUE">0</attscale></attr><attr><attrlabl>AC_TOT</attrlabl><attrdef>Total geometric area of block group in acres</attrdef><attrdefs>2010 Census TIGER/Line</attrdefs><attrdomv><rdom><rdommin>1.01</rdommin><rdommax>40526288</rdommax></rdom></attrdomv><attalias Sync="TRUE">AC_TOT</attalias><attrtype Sync="TRUE">Double</attrtype><attwidth Sync="TRUE">19</attwidth><atprecis Sync="TRUE">0</atprecis><attscale Sync="TRUE">0</attscale></attr><attr><attrlabl>D3B_Ranked</attrlabl><attrdef>Ranked score of block group's D3b value relative to other block groups</attrdef><attrdefs>Walkability Index</attrdefs><attrdomv><rdom><rdommin>1</rdommin><rdommax>20</rdommax></rdom></attrdomv><attalias Sync="TRUE">D3B_Ranked</attalias><attrtype Sync="TRUE">Integer</attrtype><attwidth Sync="TRUE">10</attwidth><atprecis Sync="TRUE">10</atprecis><attscale Sync="TRUE">0</attscale></attr><attr><attrlabl>D4A_Ranked</attrlabl><attrdef>Ranked score of block group's D4a value relative to other block groups</attrdef><attrdefs>Walkability Index</attrdefs><attrdomv><rdom><rdommin>1</rdommin><rdommax>20</rdommax></rdom></attrdomv><attalias Sync="TRUE">D4A_Ranked</attalias><attrtype Sync="TRUE">Integer</attrtype><attwidth Sync="TRUE">10</attwidth><atprecis Sync="TRUE">10</atprecis><attscale Sync="TRUE">0</attscale></attr><attr><attrlabl>D2B_Ranked</attrlabl><attrdef>Ranked score of block group's D2b_E8mixA value relative to other block groups</attrdef><attrdefs>Walkability Index</attrdefs><attrdomv><rdom><rdommin>1</rdommin><rdommax>20</rdommax></rdom></attrdomv><attalias Sync="TRUE">D2B_Ranked</attalias><attrtype Sync="TRUE">Integer</attrtype><attwidth Sync="TRUE">10</attwidth><atprecis Sync="TRUE">10</atprecis><attscale Sync="TRUE">0</attscale></attr><attr><attrlabl>SFIPS</attrlabl><attrdef>FIPS code for state in which the block group resides</attrdef><attrdefs>2010 Census TIGER/Line</attrdefs><attrdomv><codesetd><codesetn>2010 TIGER/Line Shapefiles</codesetn><codesets>https://www.census.gov/geo/maps-data/data/tiger-line.html</codesets></codesetd></attrdomv><attalias Sync="TRUE">SFIPS</attalias><attrtype Sync="TRUE">String</attrtype><attwidth Sync="TRUE">254</attwidth><atprecis Sync="TRUE">0</atprecis><attscale Sync="TRUE">0</attscale></attr><attr><attrlabl>TRFIPS</attrlabl><attrdef>FIPS code for Census tract in which block group resides</attrdef><attrdefs>2010 Census TIGER/Line</attrdefs><attrdomv><codesetd><codesetn>2010 TIGER/Line Shapefiles</codesetn><codesets>https://www.census.gov/geo/maps-data/data/tiger-line.html</codesets></codesetd></attrdomv><attalias Sync="TRUE">TRFIPS</attalias><attrtype Sync="TRUE">String</attrtype><attwidth Sync="TRUE">254</attwidth><atprecis Sync="TRUE">0</atprecis><attscale Sync="TRUE">0</attscale></attr><attr><attrlabl>WORKERS</attrlabl><attrdef>Number of workers in block group (home location), 2010</attrdef><attrdefs>Census LEHD, 2010</attrdefs><attrdomv><rdom><rdommin>0</rdommin><rdommax>11453</rdommax></rdom></attrdomv><attalias Sync="TRUE">WORKERS</attalias><attrtype Sync="TRUE">Double</attrtype><attwidth Sync="TRUE">19</attwidth><atprecis Sync="TRUE">0</atprecis><attscale Sync="TRUE">0</attscale></attr><attr><attrlabl>HH</attrlabl><attrdef>Households (occupied housing units), 2010</attrdef><attrdefs>2010 decennial Census</attrdefs><attrdomv><rdom><rdommin>0</rdommin><rdommax>16043</rdommax></rdom></attrdomv><attalias Sync="TRUE">HH</attalias><attrtype Sync="TRUE">Double</attrtype><attwidth Sync="TRUE">19</attwidth><atprecis Sync="TRUE">0</atprecis><attscale Sync="TRUE">0</attscale></attr><attr><attrlabl>CBSA_Name</attrlabl><attrdef>Name of CBSA in which block group resides</attrdef><attrdefs>US Census</attrdefs><attrdomv><udom>Text</udom></attrdomv><attalias Sync="TRUE">CBSA_Name</attalias><attrtype Sync="TRUE">String</attrtype><attwidth Sync="TRUE">254</attwidth><atprecis Sync="TRUE">0</atprecis><attscale Sync="TRUE">0</attscale></attr><attr><attrlabl>D3b</attrlabl><attrdef>Street intersection density (weighted, auto-oriented intersections eliminated)</attrdef><attrdefs>SLD</attrdefs><attrdomv><rdom><rdommin>0</rdommin><rdommax>5173</rdommax></rdom></attrdomv><attalias Sync="TRUE">D3b</attalias><attrtype Sync="TRUE">Double</attrtype><attwidth Sync="TRUE">19</attwidth><atprecis Sync="TRUE">0</atprecis><attscale Sync="TRUE">0</attscale></attr><attr><attrlabl>D2B_E8MIXA</attrlabl><attrdef>8-tier employment entropy (denominator set to the static 8 employment types in the CBG)</attrdef><attrdefs>SLD</attrdefs><attrdomv><rdom><rdommin>0</rdommin><rdommax>1</rdommax></rdom></attrdomv><attalias Sync="TRUE">D2B_E8MIXA</attalias><attrtype Sync="TRUE">Double</attrtype><attwidth Sync="TRUE">19</attwidth><atprecis Sync="TRUE">0</atprecis><attscale Sync="TRUE">0</attscale></attr><attr><attrlabl>D2A_EPHHM</attrlabl><attrdef>Employment and household entropy</attrdef><attrdefs>SLD</attrdefs><attrdomv><rdom><rdommin>0</rdommin><rdommax>1</rdommax></rdom></attrdomv><attalias Sync="TRUE">D2A_EPHHM</attalias><attrtype Sync="TRUE">Double</attrtype><attwidth Sync="TRUE">19</attwidth><atprecis Sync="TRUE">0</atprecis><attscale Sync="TRUE">0</attscale></attr><attr><attrlabl>AC_WATER</attrlabl><attrdef>Total water area of block group in acres</attrdef><attrdefs>SLD</attrdefs><attrdomv><rdom><rdommin>0</rdommin><rdommax>8971070</rdommax></rdom></attrdomv><attalias Sync="TRUE">AC_WATER</attalias><attrtype Sync="TRUE">Double</attrtype><attwidth Sync="TRUE">19</attwidth><atprecis Sync="TRUE">0</atprecis><attscale Sync="TRUE">0</attscale></attr><attr><attrlabl>CFIPS</attrlabl><attrdef>FIPS code for county in which the block group resides</attrdef><attrdefs>2010 Census TIGER/Line</attrdefs><attrdomv><codesetd><codesetn>2010 TIGER/Line Shapefiles</codesetn><codesets>https://www.census.gov/geo/maps-data/data/tiger-line.html</codesets></codesetd></attrdomv><attalias Sync="TRUE">CFIPS</attalias><attrtype Sync="TRUE">String</attrtype><attwidth Sync="TRUE">254</attwidth><atprecis Sync="TRUE">0</atprecis><attscale Sync="TRUE">0</attscale></attr><attr><attrlabl>TOTPOP10</attrlabl><attrdef>Population, 2010</attrdef><attrdefs>2010 decennial Census</attrdefs><attrdomv><rdom><rdommin>0</rdommin><rdommax>37452</rdommax></rdom></attrdomv><attalias Sync="TRUE">TOTPOP10</attalias><attrtype Sync="TRUE">Double</attrtype><attwidth Sync="TRUE">19</attwidth><atprecis Sync="TRUE">0</atprecis><attscale Sync="TRUE">0</attscale></attr><attr><attrlabl>AC_UNPR</attrlabl><attrdef>Total land area that is not protected from development (i.e., not a park or conservation area) of block group in acres</attrdef><attrdefs>SLD</attrdefs><attrdomv><rdom><rdommin>0</rdommin><rdommax>2672260</rdommax></rdom></attrdomv><attalias Sync="TRUE">AC_UNPR</attalias><attrtype Sync="TRUE">Single</attrtype><attwidth Sync="TRUE">13</attwidth><atprecis Sync="TRUE">0</atprecis><attscale Sync="TRUE">0</attscale></attr><attr><attrlabl Sync="TRUE">Shape_Leng</attrlabl><attalias Sync="TRUE">Shape_Leng</attalias><attrtype Sync="TRUE">Double</attrtype><attwidth Sync="TRUE">19</attwidth><atprecis Sync="TRUE">0</atprecis><attscale Sync="TRUE">0</attscale></attr><attr><attrlabl>NatWalkInd</attrlabl><attrdef>The score represents the relative walkability of a block group compared to other block groups</attrdef><attrdefs>Calculated based upon ranking and formula described in documentation</attrdefs><attrdomv><rdom><rdommin>1</rdommin><rdommax>20</rdommax></rdom></attrdomv><attalias Sync="TRUE">NatWalkInd</attalias><attrtype Sync="TRUE">Double</attrtype><attwidth Sync="TRUE">19</attwidth><atprecis Sync="TRUE">0</atprecis><attscale Sync="TRUE">0</attscale></attr></detailed><overview><eaover>All attribute data is summarized by Census 2010 block group boundaries. A detailed overview of the research behind this dataset is available in the technical report available here https://edg.epa.gov/data/Public/OP/WalkabilityIndex_docs.zip</eaover><eadetcit>See report.</eadetcit></overview></eainfo><mdHrLvName>dataset</mdHrLvName><refSysInfo><RefSystem><refSysID><identCode code="4326"/><idCodeSpace>EPSG</idCodeSpace><idVersion>8.2.6</idVersion></refSysID></RefSystem></refSysInfo><spatRepInfo><VectSpatRep><geometObjs Name="AZwalkabilityIndex"><geoObjTyp><GeoObjTypCd value="002" Sync="TRUE"></GeoObjTypCd></geoObjTyp><geoObjCnt Sync="TRUE">0</geoObjCnt></geometObjs><topLvl><TopoLevCd value="001" Sync="TRUE"></TopoLevCd></topLvl></VectSpatRep></spatRepInfo><spdoinfo><ptvctinf><esriterm Name="AZwalkabilityIndex"><efeatyp Sync="TRUE">Simple</efeatyp><efeageom code="4" Sync="TRUE"></efeageom><esritopo Sync="TRUE">FALSE</esritopo><efeacnt Sync="TRUE">0</efeacnt><spindex Sync="TRUE">FALSE</spindex><linrefer Sync="TRUE">FALSE</linrefer></esriterm></ptvctinf></spdoinfo><Esri><DataProperties><itemProps><itemName Sync="TRUE">AZwalkabilityIndex</itemName><imsContentType Sync="TRUE">002</imsContentType><nativeExtBox><westBL Sync="TRUE">-179.231101</westBL><eastBL Sync="TRUE">179.859666</eastBL><southBL Sync="TRUE">-14.601806</southBL><northBL Sync="TRUE">71.441059</northBL><exTypeCode Sync="TRUE">1</exTypeCode></nativeExtBox><itemLocation><linkage Sync="TRUE">file://\\TCLASGS-9G2NCP2\C$\Users\pyager1\Downloads\AZwalkabilityIndex.shp</linkage><protocol Sync="TRUE">Local Area Network</protocol></itemLocation><itemSize Sync="TRUE">0.000</itemSize></itemProps><coordRef><type Sync="TRUE">Geographic</type><geogcsn Sync="TRUE">GCS_WGS_1984</geogcsn><csUnits Sync="TRUE">Angular Unit: Degree (0.017453)</csUnits><peXml Sync="TRUE">&lt;GeographicCoordinateSystem xsi:type='typens:GeographicCoordinateSystem' xmlns:xsi='http://www.w3.org/2001/XMLSchema-instance' xmlns:xs='http://www.w3.org/2001/XMLSchema' xmlns:typens='http://www.esri.com/schemas/ArcGIS/2.1.0'&gt;&lt;WKT&gt;GEOGCS[&amp;quot;GCS_WGS_1984&amp;quot;,DATUM[&amp;quot;D_WGS_1984&amp;quot;,SPHEROID[&amp;quot;WGS_1984&amp;quot;,6378137.0,298.257223563]],PRIMEM[&amp;quot;Greenwich&amp;quot;,0.0],UNIT[&amp;quot;Degree&amp;quot;,0.0174532925199433],AUTHORITY[&amp;quot;EPSG&amp;quot;,4326]]&lt;/WKT&gt;&lt;XOrigin&gt;-400&lt;/XOrigin&gt;&lt;YOrigin&gt;-400&lt;/YOrigin&gt;&lt;XYScale&gt;11258999068426.238&lt;/XYScale&gt;&lt;ZOrigin&gt;-100000&lt;/ZOrigin&gt;&lt;ZScale&gt;10000&lt;/ZScale&gt;&lt;MOrigin&gt;-100000&lt;/MOrigin&gt;&lt;MScale&gt;10000&lt;/MScale&gt;&lt;XYTolerance&gt;8.983152841195215e-09&lt;/XYTolerance&gt;&lt;ZTolerance&gt;0.001&lt;/ZTolerance&gt;&lt;MTolerance&gt;0.001&lt;/MTolerance&gt;&lt;HighPrecision&gt;true&lt;/HighPrecision&gt;&lt;LeftLongitude&gt;-180&lt;/LeftLongitude&gt;&lt;WKID&gt;4326&lt;/WKID&gt;&lt;LatestWKID&gt;4326&lt;/LatestWKID&gt;&lt;/GeographicCoordinateSystem&gt;</peXml></coordRef><lineage><Process ToolSource="c:\program files\arcgis\pro\Resources\ArcToolbox\toolboxes\Data Management Tools.tbx\CopyFeatures" Date="20190618" Time="142111">CopyFeatures "NationalWalkabilityIndex selection" C:\Users\pyager1\Downloads\AZwalkabilityIndex.shp # # # #</Process></lineage></DataProperties><SyncDate>20190618</SyncDate><SyncTime>14211000</SyncTime><ModDate>20190618</ModDate><ModTime>14211000</ModTime></Esri></metadata>
