<?xml version="1.0" encoding="UTF-8" standalone="no"?>
<!-- pycsw 2.4.0 -->
<csw:GetRecordByIdResponse xmlns:atom="http://www.w3.org/2005/Atom" xmlns:csw="http://www.opengis.net/cat/csw/2.0.2" xmlns:dc="http://purl.org/dc/elements/1.1/" xmlns:dct="http://purl.org/dc/terms/" xmlns:gmd="http://www.isotc211.org/2005/gmd" xmlns:gml="http://www.opengis.net/gml" xmlns:ows="http://www.opengis.net/ows" xmlns:xs="http://www.w3.org/2001/XMLSchema" xmlns:xsi="http://www.w3.org/2001/XMLSchema-instance" xsi:schemaLocation="http://www.opengis.net/cat/csw/2.0.2 http://schemas.opengis.net/csw/2.0.2/CSW-discovery.xsd">
  <atom:entry xmlns:georss="http://www.georss.org/georss" xsi:schemaLocation="http://www.w3.org/2005/Atom http://www.kbcafe.com/rss/atom.xsd.xml">
    <atom:author>
      <atom:name>KER123</atom:name>
    </atom:author>
    <atom:category term="boundaries"/>
    <atom:category term="education"/>
    <atom:contributor>KER123</atom:contributor>
    <atom:id>ce1486dc-9921-11e9-892b-0242ac120006</atom:id>
    <dc:identifier>ce1486dc-9921-11e9-892b-0242ac120006</dc:identifier>
    <atom:link href="http://dataexchange.asu.edu:80/gs/ows?outputFormat=SHAPE-ZIP&amp;service=WFS&amp;srs=EPSG%3A2223&amp;request=GetFeature&amp;format_options=charset%3AUTF-8&amp;typename=geonode%3AASU_Tempe_Campus_Bldgs_2017updated&amp;version=1.0.0" title="Arizona State University Buildings (Zipped Shapefile Format)" type="WWW:DOWNLOAD-1.0-http--download"/>
    <atom:link href="http://dataexchange.asu.edu:80/gs/ows?outputFormat=gml2&amp;service=WFS&amp;srs=EPSG%3A2223&amp;request=GetFeature&amp;typename=geonode%3AASU_Tempe_Campus_Bldgs_2017updated&amp;version=1.0.0" title="Arizona State University Buildings (GML 2.0 Format)" type="WWW:DOWNLOAD-1.0-http--download"/>
    <atom:link href="http://dataexchange.asu.edu:80/gs/ows?outputFormat=text%2Fxml%3B+subtype%3Dgml%2F3.1.1&amp;service=WFS&amp;srs=EPSG%3A2223&amp;request=GetFeature&amp;typename=geonode%3AASU_Tempe_Campus_Bldgs_2017updated&amp;version=1.0.0" title="Arizona State University Buildings (GML 3.1.1 Format)" type="WWW:DOWNLOAD-1.0-http--download"/>
    <atom:link href="http://dataexchange.asu.edu:80/gs/ows?outputFormat=csv&amp;service=WFS&amp;srs=EPSG%3A2223&amp;request=GetFeature&amp;typename=geonode%3AASU_Tempe_Campus_Bldgs_2017updated&amp;version=1.0.0" title="Arizona State University Buildings (CSV Format)" type="WWW:DOWNLOAD-1.0-http--download"/>
    <atom:link href="http://dataexchange.asu.edu:80/gs/ows?outputFormat=excel&amp;service=WFS&amp;srs=EPSG%3A2223&amp;request=GetFeature&amp;typename=geonode%3AASU_Tempe_Campus_Bldgs_2017updated&amp;version=1.0.0" title="Arizona State University Buildings (Excel Format)" type="WWW:DOWNLOAD-1.0-http--download"/>
    <atom:link href="http://dataexchange.asu.edu:80/gs/ows?srsName=EPSG%3A2223&amp;outputFormat=json&amp;service=WFS&amp;srs=EPSG%3A2223&amp;request=GetFeature&amp;typename=geonode%3AASU_Tempe_Campus_Bldgs_2017updated&amp;version=1.0.0" title="Arizona State University Buildings (GeoJSON Format)" type="WWW:DOWNLOAD-1.0-http--download"/>
    <atom:link href="http://dataexchange.asu.edu:80/download/59" title="Arizona State University Buildings (Original Dataset Format)" type="WWW:DOWNLOAD-1.0-http--download"/>
    <atom:link href="http://dataexchange.asu.edu:80/layers/geonode:ASU_Tempe_Campus_Bldgs_2017updated" title="Web address (URL)" type="WWW:LINK-1.0-http--link"/>
    <atom:link href="http://dataexchange.asu.edu:80/gs/ows" title="OGC WMS: geonode Service" type="OGC:WMS"/>
    <atom:link href="http://dataexchange.asu.edu:80/gs/ows?layers=geonode%3AASU_Tempe_Campus_Bldgs_2017updated&amp;service=WMS&amp;format=image%2Fjpeg&amp;request=GetMap&amp;height=550&amp;width=555&amp;bbox=692917.189960629000000%2C876778.135498688000000%2C700471.545931760000000%2C884263.705380574000000&amp;srs=EPSG%3A2223" title="Arizona State University Buildings (JPEG Format)" type="WWW:DOWNLOAD-1.0-http--download"/>
    <atom:link href="http://dataexchange.asu.edu:80/gs/ows?layers=geonode%3AASU_Tempe_Campus_Bldgs_2017updated&amp;service=WMS&amp;format=application%2Fpdf&amp;request=GetMap&amp;height=550&amp;width=555&amp;bbox=692917.189960629000000%2C876778.135498688000000%2C700471.545931760000000%2C884263.705380574000000&amp;srs=EPSG%3A2223" title="Arizona State University Buildings (PDF Format)" type="WWW:DOWNLOAD-1.0-http--download"/>
    <atom:link href="http://dataexchange.asu.edu:80/gs/ows?layers=geonode%3AASU_Tempe_Campus_Bldgs_2017updated&amp;service=WMS&amp;format=image%2Fpng&amp;request=GetMap&amp;height=550&amp;width=555&amp;bbox=692917.189960629000000%2C876778.135498688000000%2C700471.545931760000000%2C884263.705380574000000&amp;srs=EPSG%3A2223" title="Arizona State University Buildings (PNG Format)" type="WWW:DOWNLOAD-1.0-http--download"/>
    <atom:link href="http://dataexchange.asu.edu:80/gs/ows?service=WMS&amp;request=GetLegendGraphic&amp;format=image/png&amp;WIDTH=20&amp;HEIGHT=20&amp;LAYER=geonode:ASU_Tempe_Campus_Bldgs_2017updated&amp;STYLE=ASU_Tempe_Campus_Bldgs_2017updated&amp;legend_options=fontAntiAliasing:true;fontSize:12;forceLabels:on" title="Arizona State University Buildings (Legend Format)" type="WWW:DOWNLOAD-1.0-http--download"/>
    <atom:link href="http://dataexchange.asu.edu:80/catalogue/csw?service=CSW&amp;version=2.0.2&amp;request=GetRepositoryItem&amp;id=ce1486dc-9921-11e9-892b-0242ac120006"/>
    <atom:title>Arizona State University Buildings</atom:title>
    <atom:updated>2019-06-27T21:23:00Z</atom:updated>
    <atom:published>2019-06-27T21:23:00Z</atom:published>
    <atom:summary>Tempe Campus Buildings shapefile</atom:summary>
    <georss:where>
      <gml:Envelope srsName="http://www.opengis.net/def/crs/EPSG/0/4326">
        <gml:lowerCorner>33.4102021073 -111.939883216</gml:lowerCorner>
        <gml:upperCorner>33.4307776121 -111.915120999</gml:upperCorner>
      </gml:Envelope>
    </georss:where>
  </atom:entry>
</csw:GetRecordByIdResponse>
