<?xml version="1.0" encoding="UTF-8" standalone="no"?>
<!-- pycsw 2.4.0 -->
<csw:GetRecordByIdResponse xmlns:csw="http://www.opengis.net/cat/csw/2.0.2" xmlns:dc="http://purl.org/dc/elements/1.1/" xmlns:dct="http://purl.org/dc/terms/" xmlns:dif="http://gcmd.gsfc.nasa.gov/Aboutus/xml/dif/" xmlns:gmd="http://www.isotc211.org/2005/gmd" xmlns:gml="http://www.opengis.net/gml" xmlns:ows="http://www.opengis.net/ows" xmlns:xs="http://www.w3.org/2001/XMLSchema" xmlns:xsi="http://www.w3.org/2001/XMLSchema-instance" xsi:schemaLocation="http://www.opengis.net/cat/csw/2.0.2 http://schemas.opengis.net/csw/2.0.2/CSW-discovery.xsd">
  <dif:DIF xsi:schemaLocation="http://gcmd.gsfc.nasa.gov/Aboutus/xml/dif/ http://gcmd.gsfc.nasa.gov/Aboutus/xml/dif/dif.xsd">
    <dif:Entry_ID>ce1486dc-9921-11e9-892b-0242ac120006</dif:Entry_ID>
    <dif:Entry_Title>Arizona State University Buildings</dif:Entry_Title>
    <dif:Data_Set_Citation>
      <dif:Dataset_Creator>KER123</dif:Dataset_Creator>
      <dif:Dataset_Release_Date>2019-06-27T21:23:00Z</dif:Dataset_Release_Date>
      <dif:Dataset_Publisher>KER123</dif:Dataset_Publisher>
      <dif:Data_Presentation_Form>vector</dif:Data_Presentation_Form>
    </dif:Data_Set_Citation>
    <dif:ISO_Topic_Category>boundaries</dif:ISO_Topic_Category>
    <dif:Keyword>boundaries</dif:Keyword>
    <dif:Keyword>education</dif:Keyword>
    <dif:Temporal_Coverage>
      <dif:Start_Date/>
      <dif:End_Date/>
    </dif:Temporal_Coverage>
    <dif:Spatial_Coverage>
      <dif:Southernmost_Latitude>33.4102021073</dif:Southernmost_Latitude>
      <dif:Northernmost_Latitude>33.4307776121</dif:Northernmost_Latitude>
      <dif:Westernmost_Longitude>-111.939883216</dif:Westernmost_Longitude>
      <dif:Easternmost_Longitude>-111.915120999</dif:Easternmost_Longitude>
    </dif:Spatial_Coverage>
    <dif:Access_Constraints/>
    <dif:Data_Set_Language>eng</dif:Data_Set_Language>
    <dif:Originating_Center/>
    <dif:Summary>Tempe Campus Buildings shapefile</dif:Summary>
    <dif:DIF_Creation_Date>2019-06-27T21:23:00Z</dif:DIF_Creation_Date>
    <dif:Related_URL>
      <dif:URL/>
    </dif:Related_URL>
    <dif:Related_URL>
      <dif:URL_Content_Type>
        <dif:Type>WWW:DOWNLOAD-1.0-http--download</dif:Type>
      </dif:URL_Content_Type>
      <dif:URL>http://dataexchange.asu.edu:80/gs/ows?outputFormat=SHAPE-ZIP&amp;service=WFS&amp;srs=EPSG%3A2223&amp;request=GetFeature&amp;format_options=charset%3AUTF-8&amp;typename=geonode%3AASU_Tempe_Campus_Bldgs_2017updated&amp;version=1.0.0</dif:URL>
      <dif:Description>Arizona State University Buildings (Zipped Shapefile Format)</dif:Description>
    </dif:Related_URL>
    <dif:Related_URL>
      <dif:URL_Content_Type>
        <dif:Type>WWW:DOWNLOAD-1.0-http--download</dif:Type>
      </dif:URL_Content_Type>
      <dif:URL>http://dataexchange.asu.edu:80/gs/ows?outputFormat=gml2&amp;service=WFS&amp;srs=EPSG%3A2223&amp;request=GetFeature&amp;typename=geonode%3AASU_Tempe_Campus_Bldgs_2017updated&amp;version=1.0.0</dif:URL>
      <dif:Description>Arizona State University Buildings (GML 2.0 Format)</dif:Description>
    </dif:Related_URL>
    <dif:Related_URL>
      <dif:URL_Content_Type>
        <dif:Type>WWW:DOWNLOAD-1.0-http--download</dif:Type>
      </dif:URL_Content_Type>
      <dif:URL>http://dataexchange.asu.edu:80/gs/ows?outputFormat=text%2Fxml%3B+subtype%3Dgml%2F3.1.1&amp;service=WFS&amp;srs=EPSG%3A2223&amp;request=GetFeature&amp;typename=geonode%3AASU_Tempe_Campus_Bldgs_2017updated&amp;version=1.0.0</dif:URL>
      <dif:Description>Arizona State University Buildings (GML 3.1.1 Format)</dif:Description>
    </dif:Related_URL>
    <dif:Related_URL>
      <dif:URL_Content_Type>
        <dif:Type>WWW:DOWNLOAD-1.0-http--download</dif:Type>
      </dif:URL_Content_Type>
      <dif:URL>http://dataexchange.asu.edu:80/gs/ows?outputFormat=csv&amp;service=WFS&amp;srs=EPSG%3A2223&amp;request=GetFeature&amp;typename=geonode%3AASU_Tempe_Campus_Bldgs_2017updated&amp;version=1.0.0</dif:URL>
      <dif:Description>Arizona State University Buildings (CSV Format)</dif:Description>
    </dif:Related_URL>
    <dif:Related_URL>
      <dif:URL_Content_Type>
        <dif:Type>WWW:DOWNLOAD-1.0-http--download</dif:Type>
      </dif:URL_Content_Type>
      <dif:URL>http://dataexchange.asu.edu:80/gs/ows?outputFormat=excel&amp;service=WFS&amp;srs=EPSG%3A2223&amp;request=GetFeature&amp;typename=geonode%3AASU_Tempe_Campus_Bldgs_2017updated&amp;version=1.0.0</dif:URL>
      <dif:Description>Arizona State University Buildings (Excel Format)</dif:Description>
    </dif:Related_URL>
    <dif:Related_URL>
      <dif:URL_Content_Type>
        <dif:Type>WWW:DOWNLOAD-1.0-http--download</dif:Type>
      </dif:URL_Content_Type>
      <dif:URL>http://dataexchange.asu.edu:80/gs/ows?srsName=EPSG%3A2223&amp;outputFormat=json&amp;service=WFS&amp;srs=EPSG%3A2223&amp;request=GetFeature&amp;typename=geonode%3AASU_Tempe_Campus_Bldgs_2017updated&amp;version=1.0.0</dif:URL>
      <dif:Description>Arizona State University Buildings (GeoJSON Format)</dif:Description>
    </dif:Related_URL>
    <dif:Related_URL>
      <dif:URL_Content_Type>
        <dif:Type>WWW:DOWNLOAD-1.0-http--download</dif:Type>
      </dif:URL_Content_Type>
      <dif:URL>http://dataexchange.asu.edu:80/download/59</dif:URL>
      <dif:Description>Arizona State University Buildings (Original Dataset Format)</dif:Description>
    </dif:Related_URL>
    <dif:Related_URL>
      <dif:URL_Content_Type>
        <dif:Type>WWW:LINK-1.0-http--link</dif:Type>
      </dif:URL_Content_Type>
      <dif:URL>http://dataexchange.asu.edu:80/layers/geonode:ASU_Tempe_Campus_Bldgs_2017updated</dif:URL>
      <dif:Description>Web address (URL)</dif:Description>
    </dif:Related_URL>
    <dif:Related_URL>
      <dif:URL_Content_Type>
        <dif:Type>OGC:WMS</dif:Type>
      </dif:URL_Content_Type>
      <dif:URL>http://dataexchange.asu.edu:80/gs/ows</dif:URL>
      <dif:Description>OGC WMS: geonode Service</dif:Description>
    </dif:Related_URL>
    <dif:Related_URL>
      <dif:URL_Content_Type>
        <dif:Type>WWW:DOWNLOAD-1.0-http--download</dif:Type>
      </dif:URL_Content_Type>
      <dif:URL>http://dataexchange.asu.edu:80/gs/ows?layers=geonode%3AASU_Tempe_Campus_Bldgs_2017updated&amp;service=WMS&amp;format=image%2Fjpeg&amp;request=GetMap&amp;height=550&amp;width=555&amp;bbox=692917.189960629000000%2C876778.135498688000000%2C700471.545931760000000%2C884263.705380574000000&amp;srs=EPSG%3A2223</dif:URL>
      <dif:Description>Arizona State University Buildings (JPEG Format)</dif:Description>
    </dif:Related_URL>
    <dif:Related_URL>
      <dif:URL_Content_Type>
        <dif:Type>WWW:DOWNLOAD-1.0-http--download</dif:Type>
      </dif:URL_Content_Type>
      <dif:URL>http://dataexchange.asu.edu:80/gs/ows?layers=geonode%3AASU_Tempe_Campus_Bldgs_2017updated&amp;service=WMS&amp;format=application%2Fpdf&amp;request=GetMap&amp;height=550&amp;width=555&amp;bbox=692917.189960629000000%2C876778.135498688000000%2C700471.545931760000000%2C884263.705380574000000&amp;srs=EPSG%3A2223</dif:URL>
      <dif:Description>Arizona State University Buildings (PDF Format)</dif:Description>
    </dif:Related_URL>
    <dif:Related_URL>
      <dif:URL_Content_Type>
        <dif:Type>WWW:DOWNLOAD-1.0-http--download</dif:Type>
      </dif:URL_Content_Type>
      <dif:URL>http://dataexchange.asu.edu:80/gs/ows?layers=geonode%3AASU_Tempe_Campus_Bldgs_2017updated&amp;service=WMS&amp;format=image%2Fpng&amp;request=GetMap&amp;height=550&amp;width=555&amp;bbox=692917.189960629000000%2C876778.135498688000000%2C700471.545931760000000%2C884263.705380574000000&amp;srs=EPSG%3A2223</dif:URL>
      <dif:Description>Arizona State University Buildings (PNG Format)</dif:Description>
    </dif:Related_URL>
    <dif:Related_URL>
      <dif:URL_Content_Type>
        <dif:Type>WWW:DOWNLOAD-1.0-http--download</dif:Type>
      </dif:URL_Content_Type>
      <dif:URL>http://dataexchange.asu.edu:80/gs/ows?service=WMS&amp;request=GetLegendGraphic&amp;format=image/png&amp;WIDTH=20&amp;HEIGHT=20&amp;LAYER=geonode:ASU_Tempe_Campus_Bldgs_2017updated&amp;STYLE=ASU_Tempe_Campus_Bldgs_2017updated&amp;legend_options=fontAntiAliasing:true;fontSize:12;forceLabels:on</dif:URL>
      <dif:Description>Arizona State University Buildings (Legend Format)</dif:Description>
    </dif:Related_URL>
    <dif:Metadata_Name>CEOS IDN DIF</dif:Metadata_Name>
    <dif:Metadata_Version>9.7</dif:Metadata_Version>
  </dif:DIF>
</csw:GetRecordByIdResponse>
