<?xml version="1.0" encoding="UTF-8" standalone="no"?>
<!-- pycsw 2.4.0 -->
<csw:GetRecordByIdResponse xmlns:csw="http://www.opengis.net/cat/csw/2.0.2" xmlns:dc="http://purl.org/dc/elements/1.1/" xmlns:dct="http://purl.org/dc/terms/" xmlns:gmd="http://www.isotc211.org/2005/gmd" xmlns:gml="http://www.opengis.net/gml" xmlns:ows="http://www.opengis.net/ows" xmlns:xs="http://www.w3.org/2001/XMLSchema" xmlns:xsi="http://www.w3.org/2001/XMLSchema-instance" xsi:schemaLocation="http://www.opengis.net/cat/csw/2.0.2 http://schemas.opengis.net/csw/2.0.2/CSW-discovery.xsd">
  <csw:Record>
    <dc:identifier>ce1486dc-9921-11e9-892b-0242ac120006</dc:identifier>
    <dc:title>Arizona State University Buildings</dc:title>
    <dc:type>dataset</dc:type>
    <dc:subject>boundaries</dc:subject>
    <dc:subject>education</dc:subject>
    <dc:subject scheme="http://www.isotc211.org/2005/resources/Codelist/gmxCodelists.xml#MD_TopicCategoryCode">boundaries</dc:subject>
    <dc:format>vector</dc:format>
    <dct:references scheme="WWW:DOWNLOAD-1.0-http--download">http://dataexchange.asu.edu:80/gs/ows?outputFormat=SHAPE-ZIP&amp;service=WFS&amp;srs=EPSG%3A2223&amp;request=GetFeature&amp;format_options=charset%3AUTF-8&amp;typename=geonode%3AASU_Tempe_Campus_Bldgs_2017updated&amp;version=1.0.0</dct:references>
    <dct:references scheme="WWW:DOWNLOAD-1.0-http--download">http://dataexchange.asu.edu:80/gs/ows?outputFormat=gml2&amp;service=WFS&amp;srs=EPSG%3A2223&amp;request=GetFeature&amp;typename=geonode%3AASU_Tempe_Campus_Bldgs_2017updated&amp;version=1.0.0</dct:references>
    <dct:references scheme="WWW:DOWNLOAD-1.0-http--download">http://dataexchange.asu.edu:80/gs/ows?outputFormat=text%2Fxml%3B+subtype%3Dgml%2F3.1.1&amp;service=WFS&amp;srs=EPSG%3A2223&amp;request=GetFeature&amp;typename=geonode%3AASU_Tempe_Campus_Bldgs_2017updated&amp;version=1.0.0</dct:references>
    <dct:references scheme="WWW:DOWNLOAD-1.0-http--download">http://dataexchange.asu.edu:80/gs/ows?outputFormat=csv&amp;service=WFS&amp;srs=EPSG%3A2223&amp;request=GetFeature&amp;typename=geonode%3AASU_Tempe_Campus_Bldgs_2017updated&amp;version=1.0.0</dct:references>
    <dct:references scheme="WWW:DOWNLOAD-1.0-http--download">http://dataexchange.asu.edu:80/gs/ows?outputFormat=excel&amp;service=WFS&amp;srs=EPSG%3A2223&amp;request=GetFeature&amp;typename=geonode%3AASU_Tempe_Campus_Bldgs_2017updated&amp;version=1.0.0</dct:references>
    <dct:references scheme="WWW:DOWNLOAD-1.0-http--download">http://dataexchange.asu.edu:80/gs/ows?srsName=EPSG%3A2223&amp;outputFormat=json&amp;service=WFS&amp;srs=EPSG%3A2223&amp;request=GetFeature&amp;typename=geonode%3AASU_Tempe_Campus_Bldgs_2017updated&amp;version=1.0.0</dct:references>
    <dct:references scheme="WWW:DOWNLOAD-1.0-http--download">http://dataexchange.asu.edu:80/download/59</dct:references>
    <dct:references scheme="WWW:LINK-1.0-http--link">http://dataexchange.asu.edu:80/layers/geonode:ASU_Tempe_Campus_Bldgs_2017updated</dct:references>
    <dct:references scheme="OGC:WMS">http://dataexchange.asu.edu:80/gs/ows</dct:references>
    <dct:references scheme="WWW:DOWNLOAD-1.0-http--download">http://dataexchange.asu.edu:80/gs/ows?layers=geonode%3AASU_Tempe_Campus_Bldgs_2017updated&amp;service=WMS&amp;format=image%2Fjpeg&amp;request=GetMap&amp;height=550&amp;width=555&amp;bbox=692917.189960629000000%2C876778.135498688000000%2C700471.545931760000000%2C884263.705380574000000&amp;srs=EPSG%3A2223</dct:references>
    <dct:references scheme="WWW:DOWNLOAD-1.0-http--download">http://dataexchange.asu.edu:80/gs/ows?layers=geonode%3AASU_Tempe_Campus_Bldgs_2017updated&amp;service=WMS&amp;format=application%2Fpdf&amp;request=GetMap&amp;height=550&amp;width=555&amp;bbox=692917.189960629000000%2C876778.135498688000000%2C700471.545931760000000%2C884263.705380574000000&amp;srs=EPSG%3A2223</dct:references>
    <dct:references scheme="WWW:DOWNLOAD-1.0-http--download">http://dataexchange.asu.edu:80/gs/ows?layers=geonode%3AASU_Tempe_Campus_Bldgs_2017updated&amp;service=WMS&amp;format=image%2Fpng&amp;request=GetMap&amp;height=550&amp;width=555&amp;bbox=692917.189960629000000%2C876778.135498688000000%2C700471.545931760000000%2C884263.705380574000000&amp;srs=EPSG%3A2223</dct:references>
    <dct:references scheme="WWW:DOWNLOAD-1.0-http--download">http://dataexchange.asu.edu:80/gs/ows?service=WMS&amp;request=GetLegendGraphic&amp;format=image/png&amp;WIDTH=20&amp;HEIGHT=20&amp;LAYER=geonode:ASU_Tempe_Campus_Bldgs_2017updated&amp;STYLE=ASU_Tempe_Campus_Bldgs_2017updated&amp;legend_options=fontAntiAliasing:true;fontSize:12;forceLabels:on</dct:references>
    <dct:modified>2019-06-27T21:23:00Z</dct:modified>
    <dct:abstract>Tempe Campus Buildings shapefile</dct:abstract>
    <dc:date>2019-06-27T21:23:00Z</dc:date>
    <dc:creator>KER123</dc:creator>
    <dc:publisher>KER123</dc:publisher>
    <dc:contributor>KER123</dc:contributor>
    <dc:language>eng</dc:language>
    <dct:alternative>geonode:ASU_Tempe_Campus_Bldgs_2017updated</dct:alternative>
    <dct:spatial scheme="http://www.opengis.net/def/crs">EPSG:2223</dct:spatial>
    <ows:BoundingBox crs="urn:x-ogc:def:crs:EPSG:6.11:4326" dimensions="2">
      <ows:LowerCorner>33.4102021073 -111.939883216</ows:LowerCorner>
      <ows:UpperCorner>33.4307776121 -111.915120999</ows:UpperCorner>
    </ows:BoundingBox>
  </csw:Record>
</csw:GetRecordByIdResponse>
