<?xml version="1.0" encoding="UTF-8" standalone="no"?>
<!-- pycsw 2.4.0 -->
<csw:GetRecordByIdResponse xmlns:csw="http://www.opengis.net/cat/csw/2.0.2" xmlns:dc="http://purl.org/dc/elements/1.1/" xmlns:dct="http://purl.org/dc/terms/" xmlns:gmd="http://www.isotc211.org/2005/gmd" xmlns:gml="http://www.opengis.net/gml" xmlns:ows="http://www.opengis.net/ows" xmlns:rim="urn:oasis:names:tc:ebxml-regrep:xsd:rim:3.0" xmlns:xs="http://www.w3.org/2001/XMLSchema" xmlns:xsi="http://www.w3.org/2001/XMLSchema-instance" xsi:schemaLocation="http://www.opengis.net/cat/csw/2.0.2 http://schemas.opengis.net/csw/2.0.2/CSW-discovery.xsd">
  <rim:ExtrinsicObject xsi:schemaLocation="http://www.opengis.net/cat/wrs/1.0 http://schemas.opengis.net/csw/2.0.2/profiles/ebrim/1.0/csw-ebrim.xsd" id="ce1486dc-9921-11e9-892b-0242ac120006" lid="ce1486dc-9921-11e9-892b-0242ac120006" objectType="dataset" status="urn:oasis:names:tc:ebxml-regrep:StatusType:Submitted">
    <rim:VersionInfo versionName=""/>
    <rim:ExternalIdentifier id="ce1486dc-9921-11e9-892b-0242ac120006" identificationScheme="foo" registryObject="None" value="ce1486dc-9921-11e9-892b-0242ac120006"/>
    <rim:Name>
      <rim:LocalizedString value="Arizona State University Buildings"/>
    </rim:Name>
    <rim:Description>
      <rim:LocalizedString value="Tempe Campus Buildings shapefile"/>
    </rim:Description>
    <rim:Slot slotType="urn:ogc:def:dataType:ISO-19107:2003:GM_Envelope">
      <rim:ValueList>
        <rim:Value>
          <ows:BoundingBox crs="urn:x-ogc:def:crs:EPSG:6.11:4326" dimensions="2">
            <ows:LowerCorner>33.4102021073 -111.939883216</ows:LowerCorner>
            <ows:UpperCorner>33.4307776121 -111.915120999</ows:UpperCorner>
          </ows:BoundingBox>
        </rim:Value>
      </rim:ValueList>
    </rim:Slot>
    <rim:Slot name="http://purl.org/dc/elements/1.1/subject">
      <rim:ValueList>
        <rim:Value>boundaries</rim:Value>
        <rim:Value>education</rim:Value>
      </rim:ValueList>
    </rim:Slot>
  </rim:ExtrinsicObject>
</csw:GetRecordByIdResponse>
