<?xml version="1.0" encoding="UTF-8" standalone="no"?>
<!-- pycsw 2.4.0 -->
<csw:GetRecordByIdResponse xmlns:atom="http://www.w3.org/2005/Atom" xmlns:csw="http://www.opengis.net/cat/csw/2.0.2" xmlns:dc="http://purl.org/dc/elements/1.1/" xmlns:dct="http://purl.org/dc/terms/" xmlns:gmd="http://www.isotc211.org/2005/gmd" xmlns:gml="http://www.opengis.net/gml" xmlns:ows="http://www.opengis.net/ows" xmlns:xs="http://www.w3.org/2001/XMLSchema" xmlns:xsi="http://www.w3.org/2001/XMLSchema-instance" xsi:schemaLocation="http://www.opengis.net/cat/csw/2.0.2 http://schemas.opengis.net/csw/2.0.2/CSW-discovery.xsd">
  <atom:entry xmlns:georss="http://www.georss.org/georss" xsi:schemaLocation="http://www.w3.org/2005/Atom http://www.kbcafe.com/rss/atom.xsd.xml">
    <atom:author>
      <atom:name>pyager1</atom:name>
    </atom:author>
    <atom:category term="neighborhoods"/>
    <atom:category term="transportation"/>
    <atom:category term="Utilities"/>
    <atom:contributor>pyager1</atom:contributor>
    <atom:id>73278ed0-96c0-11e9-be18-0242ac120003</atom:id>
    <dc:identifier>73278ed0-96c0-11e9-be18-0242ac120003</dc:identifier>
    <atom:link href="http://dataexchange.asu.edu:80/gs/ows?service=WMS&amp;request=GetLegendGraphic&amp;format=image/png&amp;WIDTH=20&amp;HEIGHT=20&amp;LAYER=geonode:Valley_Metro_Transit_Centers_View0&amp;STYLE=Valley_Metro_Transit_Centers_View0&amp;legend_options=fontAntiAliasing:true;fontSize:12;forceLabels:on" title="Valley Metro Transit Centers (Legend Format)" type="WWW:DOWNLOAD-1.0-http--download"/>
    <atom:link href="http://dataexchange.asu.edu:80/gs/ows?layers=geonode%3AValley_Metro_Transit_Centers_View0&amp;service=WMS&amp;format=image%2Fpng&amp;request=GetMap&amp;height=550&amp;width=859&amp;bbox=-112.228648087930000%2C33.298054563137600%2C-111.689104931837000%2C33.643146973750700&amp;srs=EPSG%3A4326" title="Valley Metro Transit Centers (PNG Format)" type="WWW:DOWNLOAD-1.0-http--download"/>
    <atom:link href="http://dataexchange.asu.edu:80/gs/ows?layers=geonode%3AValley_Metro_Transit_Centers_View0&amp;service=WMS&amp;format=application%2Fpdf&amp;request=GetMap&amp;height=550&amp;width=859&amp;bbox=-112.228648087930000%2C33.298054563137600%2C-111.689104931837000%2C33.643146973750700&amp;srs=EPSG%3A4326" title="Valley Metro Transit Centers (PDF Format)" type="WWW:DOWNLOAD-1.0-http--download"/>
    <atom:link href="http://dataexchange.asu.edu:80/gs/ows?layers=geonode%3AValley_Metro_Transit_Centers_View0&amp;service=WMS&amp;format=image%2Fjpeg&amp;request=GetMap&amp;height=550&amp;width=859&amp;bbox=-112.228648087930000%2C33.298054563137600%2C-111.689104931837000%2C33.643146973750700&amp;srs=EPSG%3A4326" title="Valley Metro Transit Centers (JPEG Format)" type="WWW:DOWNLOAD-1.0-http--download"/>
    <atom:link href="http://dataexchange.asu.edu:80/gs/ows" title="OGC WMS: geonode Service" type="OGC:WMS"/>
    <atom:link href="http://dataexchange.asu.edu:80/layers/geonode:Valley_Metro_Transit_Centers_View0" title="Web address (URL)" type="WWW:LINK-1.0-http--link"/>
    <atom:link href="http://dataexchange.asu.edu:80/gs/ows?srsName=EPSG%3A4326&amp;outputFormat=json&amp;service=WFS&amp;srs=EPSG%3A4326&amp;request=GetFeature&amp;typename=geonode%3AValley_Metro_Transit_Centers_View0&amp;version=1.0.0" title="Valley Metro Transit Centers (GeoJSON Format)" type="WWW:DOWNLOAD-1.0-http--download"/>
    <atom:link href="http://dataexchange.asu.edu:80/gs/ows?outputFormat=excel&amp;service=WFS&amp;srs=EPSG%3A4326&amp;request=GetFeature&amp;typename=geonode%3AValley_Metro_Transit_Centers_View0&amp;version=1.0.0" title="Valley Metro Transit Centers (Excel Format)" type="WWW:DOWNLOAD-1.0-http--download"/>
    <atom:link href="http://dataexchange.asu.edu:80/gs/ows?outputFormat=csv&amp;service=WFS&amp;srs=EPSG%3A4326&amp;request=GetFeature&amp;typename=geonode%3AValley_Metro_Transit_Centers_View0&amp;version=1.0.0" title="Valley Metro Transit Centers (CSV Format)" type="WWW:DOWNLOAD-1.0-http--download"/>
    <atom:link href="http://dataexchange.asu.edu:80/gs/ows?outputFormat=text%2Fxml%3B+subtype%3Dgml%2F3.1.1&amp;service=WFS&amp;srs=EPSG%3A4326&amp;request=GetFeature&amp;typename=geonode%3AValley_Metro_Transit_Centers_View0&amp;version=1.0.0" title="Valley Metro Transit Centers (GML 3.1.1 Format)" type="WWW:DOWNLOAD-1.0-http--download"/>
    <atom:link href="http://dataexchange.asu.edu:80/gs/ows?outputFormat=gml2&amp;service=WFS&amp;srs=EPSG%3A4326&amp;request=GetFeature&amp;typename=geonode%3AValley_Metro_Transit_Centers_View0&amp;version=1.0.0" title="Valley Metro Transit Centers (GML 2.0 Format)" type="WWW:DOWNLOAD-1.0-http--download"/>
    <atom:link href="http://dataexchange.asu.edu:80/gs/ows?outputFormat=SHAPE-ZIP&amp;service=WFS&amp;srs=EPSG%3A4326&amp;request=GetFeature&amp;format_options=charset%3AUTF-8&amp;typename=geonode%3AValley_Metro_Transit_Centers_View0&amp;version=1.0.0" title="Valley Metro Transit Centers (Zipped Shapefile Format)" type="WWW:DOWNLOAD-1.0-http--download"/>
    <atom:link href="http://dataexchange.asu.edu:80/download/51" title="Valley Metro Transit Centers (Original Dataset Format)" type="WWW:DOWNLOAD-1.0-http--download"/>
    <atom:link href="http://dataexchange.asu.edu:80/catalogue/csw?service=CSW&amp;version=2.0.2&amp;request=GetRepositoryItem&amp;id=73278ed0-96c0-11e9-be18-0242ac120003"/>
    <atom:title>Valley Metro Transit Centers</atom:title>
    <atom:updated>2019-06-24T20:41:00Z</atom:updated>
    <atom:published>2019-06-24T20:41:00Z</atom:published>
    <atom:summary>Valley Metro Transit Centers are transfer locations serving multiple bus routes.  They are located in strategic areas to provide access for multiple routes that come together, allowing passengers to travel along differing paths while still allowing them to take transit all the way (or as close to) their origin and destination(s).  Transit Centers provide relief from the sun and possibly provide specialized amenities (as identified in the data) such as restrooms, bike storage, benches, food, and/or ticketing for transit services.  An area for parking during transit trips is provided as well.  Valley Metro creates and maintains all of the regional Transit Centers, and often uses them to change riders between shifts.</atom:summary>
    <georss:where>
      <gml:Envelope srsName="http://www.opengis.net/def/crs/EPSG/0/4326">
        <gml:lowerCorner>33.2980545631 -112.228648088</gml:lowerCorner>
        <gml:upperCorner>33.6431469738 -111.689104932</gml:upperCorner>
      </gml:Envelope>
    </georss:where>
  </atom:entry>
</csw:GetRecordByIdResponse>
