<?xml version="1.0" encoding="UTF-8" standalone="no"?>
<!-- pycsw 2.4.0 -->
<csw:GetRecordByIdResponse xmlns:csw="http://www.opengis.net/cat/csw/2.0.2" xmlns:dc="http://purl.org/dc/elements/1.1/" xmlns:dct="http://purl.org/dc/terms/" xmlns:gmd="http://www.isotc211.org/2005/gmd" xmlns:gml="http://www.opengis.net/gml" xmlns:ows="http://www.opengis.net/ows" xmlns:xs="http://www.w3.org/2001/XMLSchema" xmlns:xsi="http://www.w3.org/2001/XMLSchema-instance" xsi:schemaLocation="http://www.opengis.net/cat/csw/2.0.2 http://schemas.opengis.net/csw/2.0.2/CSW-discovery.xsd">
  <metadata xsi:noNamespaceSchemaLocation="http://www.fgdc.gov/metadata/fgdc-std-001-1998.xsd">
    <idinfo>
      <datasetid>73278ed0-96c0-11e9-be18-0242ac120003</datasetid>
      <citation>
        <citeinfo>
          <title>Valley Metro Transit Centers</title>
          <publinfo>
            <publish>pyager1</publish>
          </publinfo>
          <origin>pyager1</origin>
          <geoform>vector</geoform>
          <onlink></onlink>
          <onlink type="WWW:DOWNLOAD-1.0-http--download">http://dataexchange.asu.edu:80/gs/ows?service=WMS&amp;request=GetLegendGraphic&amp;format=image/png&amp;WIDTH=20&amp;HEIGHT=20&amp;LAYER=geonode:Valley_Metro_Transit_Centers_View0&amp;STYLE=Valley_Metro_Transit_Centers_View0&amp;legend_options=fontAntiAliasing:true;fontSize:12;forceLabels:on</onlink>
          <onlink type="WWW:DOWNLOAD-1.0-http--download">http://dataexchange.asu.edu:80/gs/ows?layers=geonode%3AValley_Metro_Transit_Centers_View0&amp;service=WMS&amp;format=image%2Fpng&amp;request=GetMap&amp;height=550&amp;width=859&amp;bbox=-112.228648087930000%2C33.298054563137600%2C-111.689104931837000%2C33.643146973750700&amp;srs=EPSG%3A4326</onlink>
          <onlink type="WWW:DOWNLOAD-1.0-http--download">http://dataexchange.asu.edu:80/gs/ows?layers=geonode%3AValley_Metro_Transit_Centers_View0&amp;service=WMS&amp;format=application%2Fpdf&amp;request=GetMap&amp;height=550&amp;width=859&amp;bbox=-112.228648087930000%2C33.298054563137600%2C-111.689104931837000%2C33.643146973750700&amp;srs=EPSG%3A4326</onlink>
          <onlink type="WWW:DOWNLOAD-1.0-http--download">http://dataexchange.asu.edu:80/gs/ows?layers=geonode%3AValley_Metro_Transit_Centers_View0&amp;service=WMS&amp;format=image%2Fjpeg&amp;request=GetMap&amp;height=550&amp;width=859&amp;bbox=-112.228648087930000%2C33.298054563137600%2C-111.689104931837000%2C33.643146973750700&amp;srs=EPSG%3A4326</onlink>
          <onlink type="OGC:WMS">http://dataexchange.asu.edu:80/gs/ows</onlink>
          <onlink type="WWW:LINK-1.0-http--link">http://dataexchange.asu.edu:80/layers/geonode:Valley_Metro_Transit_Centers_View0</onlink>
          <onlink type="WWW:DOWNLOAD-1.0-http--download">http://dataexchange.asu.edu:80/gs/ows?srsName=EPSG%3A4326&amp;outputFormat=json&amp;service=WFS&amp;srs=EPSG%3A4326&amp;request=GetFeature&amp;typename=geonode%3AValley_Metro_Transit_Centers_View0&amp;version=1.0.0</onlink>
          <onlink type="WWW:DOWNLOAD-1.0-http--download">http://dataexchange.asu.edu:80/gs/ows?outputFormat=excel&amp;service=WFS&amp;srs=EPSG%3A4326&amp;request=GetFeature&amp;typename=geonode%3AValley_Metro_Transit_Centers_View0&amp;version=1.0.0</onlink>
          <onlink type="WWW:DOWNLOAD-1.0-http--download">http://dataexchange.asu.edu:80/gs/ows?outputFormat=csv&amp;service=WFS&amp;srs=EPSG%3A4326&amp;request=GetFeature&amp;typename=geonode%3AValley_Metro_Transit_Centers_View0&amp;version=1.0.0</onlink>
          <onlink type="WWW:DOWNLOAD-1.0-http--download">http://dataexchange.asu.edu:80/gs/ows?outputFormat=text%2Fxml%3B+subtype%3Dgml%2F3.1.1&amp;service=WFS&amp;srs=EPSG%3A4326&amp;request=GetFeature&amp;typename=geonode%3AValley_Metro_Transit_Centers_View0&amp;version=1.0.0</onlink>
          <onlink type="WWW:DOWNLOAD-1.0-http--download">http://dataexchange.asu.edu:80/gs/ows?outputFormat=gml2&amp;service=WFS&amp;srs=EPSG%3A4326&amp;request=GetFeature&amp;typename=geonode%3AValley_Metro_Transit_Centers_View0&amp;version=1.0.0</onlink>
          <onlink type="WWW:DOWNLOAD-1.0-http--download">http://dataexchange.asu.edu:80/gs/ows?outputFormat=SHAPE-ZIP&amp;service=WFS&amp;srs=EPSG%3A4326&amp;request=GetFeature&amp;format_options=charset%3AUTF-8&amp;typename=geonode%3AValley_Metro_Transit_Centers_View0&amp;version=1.0.0</onlink>
          <onlink type="WWW:DOWNLOAD-1.0-http--download">http://dataexchange.asu.edu:80/download/51</onlink>
        </citeinfo>
      </citation>
      <keywords>
        <theme>
          <themekey>neighborhoods</themekey>
          <themekey>transportation</themekey>
          <themekey>Utilities</themekey>
        </theme>
      </keywords>
      <accconst></accconst>
      <descript>
        <abstract>Valley Metro Transit Centers are transfer locations serving multiple bus routes.  They are located in strategic areas to provide access for multiple routes that come together, allowing passengers to travel along differing paths while still allowing them to take transit all the way (or as close to) their origin and destination(s).  Transit Centers provide relief from the sun and possibly provide specialized amenities (as identified in the data) such as restrooms, bike storage, benches, food, and/or ticketing for transit services.  An area for parking during transit trips is provided as well.  Valley Metro creates and maintains all of the regional Transit Centers, and often uses them to change riders between shifts.</abstract>
      </descript>
      <spdom>
        <bounding>
          <westbc>-112.228648088</westbc>
          <eastbc>-111.689104932</eastbc>
          <northbc>33.6431469738</northbc>
          <southbc>33.2980545631</southbc>
        </bounding>
      </spdom>
      <datacred>pyager1</datacred>
      <spdoinfo>
        <direct>dataset</direct>
      </spdoinfo>
    </idinfo>
    <distinfo>
      <stdorder>
        <digform>
          <digtinfo>
            <formname>vector</formname>
          </digtinfo>
        </digform>
      </stdorder>
    </distinfo>
    <lineage>
      <srcinfo>
        <srccite>
          <citeinfo>
            <title></title>
          </citeinfo>
        </srccite>
      </srcinfo>
    </lineage>
    <metainfo>
      <metd>2019-06-24T20:41:00Z</metd>
    </metainfo>
  </metadata>
</csw:GetRecordByIdResponse>
