<?xml version="1.0" encoding="UTF-8" standalone="no"?>
<!-- pycsw 2.4.0 -->
<csw:GetRecordByIdResponse xmlns:csw="http://www.opengis.net/cat/csw/2.0.2" xmlns:dc="http://purl.org/dc/elements/1.1/" xmlns:dct="http://purl.org/dc/terms/" xmlns:gmd="http://www.isotc211.org/2005/gmd" xmlns:gml="http://www.opengis.net/gml" xmlns:ows="http://www.opengis.net/ows" xmlns:xs="http://www.w3.org/2001/XMLSchema" xmlns:xsi="http://www.w3.org/2001/XMLSchema-instance" xsi:schemaLocation="http://www.opengis.net/cat/csw/2.0.2 http://schemas.opengis.net/csw/2.0.2/CSW-discovery.xsd">
  <csw:Record>
    <dc:identifier>1018f6a6-c1d7-11ea-888a-0242ac120006</dc:identifier>
    <dc:title>Valley Metro Light Rail Ridership</dc:title>
    <dc:type>dataset</dc:type>
    <dc:subject>Mobility</dc:subject>
    <dc:subject>Public Transportation</dc:subject>
    <dc:subject>Transit Centers</dc:subject>
    <dc:subject scheme="http://www.isotc211.org/2005/resources/Codelist/gmxCodelists.xml#MD_TopicCategoryCode">transportation</dc:subject>
    <dc:format>vector</dc:format>
    <dct:references scheme="WWW:DOWNLOAD-1.0-http--download">http://dataexchange.asu.edu:80/gs/ows?service=WMS&amp;request=GetLegendGraphic&amp;format=image/png&amp;WIDTH=20&amp;HEIGHT=20&amp;LAYER=geonode:Valley_Metro_Light_Rail_Ridership&amp;STYLE=Valley_Metro_Light_Rail_Ridership&amp;legend_options=fontAntiAliasing:true;fontSize:12;forceLabels:on</dct:references>
    <dct:references scheme="WWW:DOWNLOAD-1.0-http--download">http://dataexchange.asu.edu:80/uploaded/thumbs/layer-1018f6a6-c1d7-11ea-888a-0242ac120006-thumb.png</dct:references>
    <dct:references scheme="WWW:DOWNLOAD-1.0-http--download">33.567397497099900</dct:references>
    <dct:references scheme="OGC:WMS">http://dataexchange.asu.edu:80/gs/ows</dct:references>
    <dct:references scheme="WWW:LINK-1.0-http--link">http://dataexchange.asu.edu:80/layers/geonode:Valley_Metro_Light_Rail_Ridership</dct:references>
    <dct:references scheme="WWW:DOWNLOAD-1.0-http--download">http://dataexchange.asu.edu:80/gs/ows?srsName=EPSG%3A4326&amp;outputFormat=json&amp;service=WFS&amp;srs=EPSG%3A4326&amp;request=GetFeature&amp;typename=geonode%3AValley_Metro_Light_Rail_Ridership&amp;version=1.0.0</dct:references>
    <dct:references scheme="WWW:DOWNLOAD-1.0-http--download">http://dataexchange.asu.edu:80/gs/ows?outputFormat=excel&amp;service=WFS&amp;srs=EPSG%3A4326&amp;request=GetFeature&amp;typename=geonode%3AValley_Metro_Light_Rail_Ridership&amp;version=1.0.0</dct:references>
    <dct:references scheme="WWW:DOWNLOAD-1.0-http--download">http://dataexchange.asu.edu:80/gs/ows?outputFormat=csv&amp;service=WFS&amp;srs=EPSG%3A4326&amp;request=GetFeature&amp;typename=geonode%3AValley_Metro_Light_Rail_Ridership&amp;version=1.0.0</dct:references>
    <dct:references scheme="WWW:DOWNLOAD-1.0-http--download">http://dataexchange.asu.edu:80/gs/ows?outputFormat=text%2Fxml%3B+subtype%3Dgml%2F3.1.1&amp;service=WFS&amp;srs=EPSG%3A4326&amp;request=GetFeature&amp;typename=geonode%3AValley_Metro_Light_Rail_Ridership&amp;version=1.0.0</dct:references>
    <dct:references scheme="WWW:DOWNLOAD-1.0-http--download">http://dataexchange.asu.edu:80/gs/ows?outputFormat=gml2&amp;service=WFS&amp;srs=EPSG%3A4326&amp;request=GetFeature&amp;typename=geonode%3AValley_Metro_Light_Rail_Ridership&amp;version=1.0.0</dct:references>
    <dct:references scheme="WWW:DOWNLOAD-1.0-http--download">http://dataexchange.asu.edu:80/gs/ows?outputFormat=SHAPE-ZIP&amp;service=WFS&amp;srs=EPSG%3A4326&amp;request=GetFeature&amp;format_options=charset%3AUTF-8&amp;typename=geonode%3AValley_Metro_Light_Rail_Ridership&amp;version=1.0.0</dct:references>
    <dct:references scheme="WWW:DOWNLOAD-1.0-http--download">http://dataexchange.asu.edu:80/gs/ows?layers=geonode%3AValley_Metro_Light_Rail_Ridership&amp;service=WMS&amp;format=image%2Fpng&amp;request=GetMap&amp;height=550&amp;width=1100&amp;bbox=-180.000000000000000%2C-90.000000000000000%2C180.000000000000000%2C90.000000000000000&amp;srs=EPSG%3A4326</dct:references>
    <dct:references scheme="WWW:DOWNLOAD-1.0-http--download">http://dataexchange.asu.edu:80/gs/ows?layers=geonode%3AValley_Metro_Light_Rail_Ridership&amp;service=WMS&amp;format=application%2Fpdf&amp;request=GetMap&amp;height=550&amp;width=1100&amp;bbox=-180.000000000000000%2C-90.000000000000000%2C180.000000000000000%2C90.000000000000000&amp;srs=EPSG%3A4326</dct:references>
    <dct:references scheme="WWW:DOWNLOAD-1.0-http--download">http://dataexchange.asu.edu:80/gs/ows?layers=geonode%3AValley_Metro_Light_Rail_Ridership&amp;service=WMS&amp;format=image%2Fjpeg&amp;request=GetMap&amp;height=550&amp;width=1100&amp;bbox=-180.000000000000000%2C-90.000000000000000%2C180.000000000000000%2C90.000000000000000&amp;srs=EPSG%3A4326</dct:references>
    <dct:references scheme="WWW:DOWNLOAD-1.0-http--download">http://dataexchange.asu.edu:80/download/171</dct:references>
    <dct:modified>2018-07-12T17:13:00Z</dct:modified>
    <dct:abstract>Average daily ridership for each light rail station by quarter on the Valley Metro light rail system.</dct:abstract>
    <dc:date>2018-07-12T17:13:00Z</dc:date>
    <dc:creator>Sarbeswar Praharaj</dc:creator>
    <dc:publisher>Sarbeswar Praharaj</dc:publisher>
    <dc:contributor>Sarbeswar Praharaj</dc:contributor>
    <dc:language>eng</dc:language>
    <dc:rights>formal permission to do something</dc:rights>
    <dct:alternative>geonode:Valley_Metro_Light_Rail_Ridership</dct:alternative>
    <dct:spatial scheme="http://www.opengis.net/def/crs">EPSG:4326</dct:spatial>
    <ows:BoundingBox crs="urn:x-ogc:def:crs:EPSG:6.11:4326" dimensions="2">
      <ows:LowerCorner>33.4147258671 -112.100759466</ows:LowerCorner>
      <ows:UpperCorner>33.5673974971 -111.822144321</ows:UpperCorner>
    </ows:BoundingBox>
  </csw:Record>
</csw:GetRecordByIdResponse>
