<?xml version="1.0" encoding="UTF-8" standalone="no"?>
<!-- pycsw 2.4.0 -->
<csw:GetRecordByIdResponse xmlns:atom="http://www.w3.org/2005/Atom" xmlns:csw="http://www.opengis.net/cat/csw/2.0.2" xmlns:dc="http://purl.org/dc/elements/1.1/" xmlns:dct="http://purl.org/dc/terms/" xmlns:gmd="http://www.isotc211.org/2005/gmd" xmlns:gml="http://www.opengis.net/gml" xmlns:ows="http://www.opengis.net/ows" xmlns:xs="http://www.w3.org/2001/XMLSchema" xmlns:xsi="http://www.w3.org/2001/XMLSchema-instance" xsi:schemaLocation="http://www.opengis.net/cat/csw/2.0.2 http://schemas.opengis.net/csw/2.0.2/CSW-discovery.xsd">
  <atom:entry xmlns:georss="http://www.georss.org/georss" xsi:schemaLocation="http://www.w3.org/2005/Atom http://www.kbcafe.com/rss/atom.xsd.xml">
    <atom:author>
      <atom:name>pmshea</atom:name>
    </atom:author>
    <atom:category term="_2014_Arizona_Golf_Courses"/>
    <atom:category term="ArizonaBoundary"/>
    <atom:category term="Arizona_cities_Oct2016"/>
    <atom:category term="features"/>
    <atom:contributor>pmshea</atom:contributor>
    <atom:id>bb8f790a-b55e-11e9-acea-0242ac120004</atom:id>
    <dc:identifier>bb8f790a-b55e-11e9-acea-0242ac120004</dc:identifier>
    <atom:link href="http://dataexchange.asu.edu:80/gs/ows?service=WMS&amp;request=GetLegendGraphic&amp;format=image/png&amp;WIDTH=20&amp;HEIGHT=20&amp;LAYER=geonode:Arizona_cities_Oct2016&amp;STYLE=Arizona_cities_Oct2016&amp;legend_options=fontAntiAliasing:true;fontSize:12;forceLabels:on" title="Arizona Cities (October 2016) (Legend Format)" type="WWW:DOWNLOAD-1.0-http--download"/>
    <atom:link href="http://dataexchange.asu.edu:80/gs/ows?layers=geonode%3AArizona_cities_Oct2016&amp;service=WMS&amp;format=image%2Fpng&amp;request=GetMap&amp;height=550&amp;width=469&amp;bbox=141686.616865412000000%2C3466476.374904340000000%2C680109.350290515000000%2C4096759.591689120000000&amp;srs=EPSG%3A3742" title="Arizona Cities (October 2016) (PNG Format)" type="WWW:DOWNLOAD-1.0-http--download"/>
    <atom:link href="http://dataexchange.asu.edu:80/gs/ows?layers=geonode%3AArizona_cities_Oct2016&amp;service=WMS&amp;format=application%2Fpdf&amp;request=GetMap&amp;height=550&amp;width=469&amp;bbox=141686.616865412000000%2C3466476.374904340000000%2C680109.350290515000000%2C4096759.591689120000000&amp;srs=EPSG%3A3742" title="Arizona Cities (October 2016) (PDF Format)" type="WWW:DOWNLOAD-1.0-http--download"/>
    <atom:link href="http://dataexchange.asu.edu:80/gs/ows?layers=geonode%3AArizona_cities_Oct2016&amp;service=WMS&amp;format=image%2Fjpeg&amp;request=GetMap&amp;height=550&amp;width=469&amp;bbox=141686.616865412000000%2C3466476.374904340000000%2C680109.350290515000000%2C4096759.591689120000000&amp;srs=EPSG%3A3742" title="Arizona Cities (October 2016) (JPEG Format)" type="WWW:DOWNLOAD-1.0-http--download"/>
    <atom:link href="http://dataexchange.asu.edu:80/gs/ows" title="OGC WMS: geonode Service" type="OGC:WMS"/>
    <atom:link href="http://dataexchange.asu.edu:80/layers/geonode:Arizona_cities_Oct2016" title="Web address (URL)" type="WWW:LINK-1.0-http--link"/>
    <atom:link href="http://dataexchange.asu.edu:80/gs/ows?srsName=EPSG%3A3742&amp;outputFormat=json&amp;service=WFS&amp;srs=EPSG%3A3742&amp;request=GetFeature&amp;typename=geonode%3AArizona_cities_Oct2016&amp;version=1.0.0" title="Arizona Cities (October 2016) (GeoJSON Format)" type="WWW:DOWNLOAD-1.0-http--download"/>
    <atom:link href="http://dataexchange.asu.edu:80/gs/ows?outputFormat=excel&amp;service=WFS&amp;srs=EPSG%3A3742&amp;request=GetFeature&amp;typename=geonode%3AArizona_cities_Oct2016&amp;version=1.0.0" title="Arizona Cities (October 2016) (Excel Format)" type="WWW:DOWNLOAD-1.0-http--download"/>
    <atom:link href="http://dataexchange.asu.edu:80/gs/ows?outputFormat=csv&amp;service=WFS&amp;srs=EPSG%3A3742&amp;request=GetFeature&amp;typename=geonode%3AArizona_cities_Oct2016&amp;version=1.0.0" title="Arizona Cities (October 2016) (CSV Format)" type="WWW:DOWNLOAD-1.0-http--download"/>
    <atom:link href="http://dataexchange.asu.edu:80/gs/ows?outputFormat=text%2Fxml%3B+subtype%3Dgml%2F3.1.1&amp;service=WFS&amp;srs=EPSG%3A3742&amp;request=GetFeature&amp;typename=geonode%3AArizona_cities_Oct2016&amp;version=1.0.0" title="Arizona Cities (October 2016) (GML 3.1.1 Format)" type="WWW:DOWNLOAD-1.0-http--download"/>
    <atom:link href="http://dataexchange.asu.edu:80/gs/ows?outputFormat=gml2&amp;service=WFS&amp;srs=EPSG%3A3742&amp;request=GetFeature&amp;typename=geonode%3AArizona_cities_Oct2016&amp;version=1.0.0" title="Arizona Cities (October 2016) (GML 2.0 Format)" type="WWW:DOWNLOAD-1.0-http--download"/>
    <atom:link href="http://dataexchange.asu.edu:80/gs/ows?outputFormat=SHAPE-ZIP&amp;service=WFS&amp;srs=EPSG%3A3742&amp;request=GetFeature&amp;format_options=charset%3AUTF-8&amp;typename=geonode%3AArizona_cities_Oct2016&amp;version=1.0.0" title="Arizona Cities (October 2016) (Zipped Shapefile Format)" type="WWW:DOWNLOAD-1.0-http--download"/>
    <atom:link href="http://dataexchange.asu.edu:80/download/61" title="Arizona Cities (October 2016) (Original Dataset Format)" type="WWW:DOWNLOAD-1.0-http--download"/>
    <atom:link href="http://dataexchange.asu.edu:80/catalogue/csw?service=CSW&amp;version=2.0.2&amp;request=GetRepositoryItem&amp;id=bb8f790a-b55e-11e9-acea-0242ac120004"/>
    <atom:title>Arizona Cities (October 2016)</atom:title>
    <atom:updated>2019-08-02T19:50:00Z</atom:updated>
    <atom:published>2019-08-02T19:50:00Z</atom:published>
    <atom:summary>Municipal boundaries for cities in Arizona as of October 2016.</atom:summary>
    <georss:where>
      <gml:Envelope srsName="http://www.opengis.net/def/crs/EPSG/0/4326">
        <gml:lowerCorner>31.2775487667 -115.023453475</gml:lowerCorner>
        <gml:upperCorner>36.9997489746 -108.975878907</gml:upperCorner>
      </gml:Envelope>
    </georss:where>
  </atom:entry>
</csw:GetRecordByIdResponse>
