<?xml version="1.0" encoding="UTF-8" standalone="no"?>
<!-- pycsw 2.4.0 -->
<csw:GetRecordByIdResponse xmlns:csw="http://www.opengis.net/cat/csw/2.0.2" xmlns:dc="http://purl.org/dc/elements/1.1/" xmlns:dct="http://purl.org/dc/terms/" xmlns:gmd="http://www.isotc211.org/2005/gmd" xmlns:gml="http://www.opengis.net/gml" xmlns:ows="http://www.opengis.net/ows" xmlns:rim="urn:oasis:names:tc:ebxml-regrep:xsd:rim:3.0" xmlns:xs="http://www.w3.org/2001/XMLSchema" xmlns:xsi="http://www.w3.org/2001/XMLSchema-instance" xsi:schemaLocation="http://www.opengis.net/cat/csw/2.0.2 http://schemas.opengis.net/csw/2.0.2/CSW-discovery.xsd">
  <rim:ExtrinsicObject xsi:schemaLocation="http://www.opengis.net/cat/wrs/1.0 http://schemas.opengis.net/csw/2.0.2/profiles/ebrim/1.0/csw-ebrim.xsd" id="bb8f790a-b55e-11e9-acea-0242ac120004" lid="bb8f790a-b55e-11e9-acea-0242ac120004" objectType="dataset" status="urn:oasis:names:tc:ebxml-regrep:StatusType:Submitted">
    <rim:VersionInfo versionName=""/>
    <rim:ExternalIdentifier id="bb8f790a-b55e-11e9-acea-0242ac120004" identificationScheme="foo" registryObject="None" value="bb8f790a-b55e-11e9-acea-0242ac120004"/>
    <rim:Name>
      <rim:LocalizedString value="Arizona Cities (October 2016)"/>
    </rim:Name>
    <rim:Description>
      <rim:LocalizedString value="Municipal boundaries for cities in Arizona as of October 2016."/>
    </rim:Description>
    <rim:Slot slotType="urn:ogc:def:dataType:ISO-19107:2003:GM_Envelope">
      <rim:ValueList>
        <rim:Value>
          <ows:BoundingBox crs="urn:x-ogc:def:crs:EPSG:6.11:4326" dimensions="2">
            <ows:LowerCorner>31.2775487667 -115.023453475</ows:LowerCorner>
            <ows:UpperCorner>36.9997489746 -108.975878907</ows:UpperCorner>
          </ows:BoundingBox>
        </rim:Value>
      </rim:ValueList>
    </rim:Slot>
    <rim:Slot name="http://purl.org/dc/elements/1.1/subject">
      <rim:ValueList>
        <rim:Value>_2014_Arizona_Golf_Courses</rim:Value>
        <rim:Value>ArizonaBoundary</rim:Value>
        <rim:Value>Arizona_cities_Oct2016</rim:Value>
        <rim:Value>features</rim:Value>
      </rim:ValueList>
    </rim:Slot>
  </rim:ExtrinsicObject>
</csw:GetRecordByIdResponse>
