<?xml version="1.0" encoding="UTF-8" standalone="no"?>
<!-- pycsw 2.4.0 -->
<csw:GetRecordByIdResponse xmlns:atom="http://www.w3.org/2005/Atom" xmlns:csw="http://www.opengis.net/cat/csw/2.0.2" xmlns:dc="http://purl.org/dc/elements/1.1/" xmlns:dct="http://purl.org/dc/terms/" xmlns:gmd="http://www.isotc211.org/2005/gmd" xmlns:gml="http://www.opengis.net/gml" xmlns:ows="http://www.opengis.net/ows" xmlns:xs="http://www.w3.org/2001/XMLSchema" xmlns:xsi="http://www.w3.org/2001/XMLSchema-instance" xsi:schemaLocation="http://www.opengis.net/cat/csw/2.0.2 http://schemas.opengis.net/csw/2.0.2/CSW-discovery.xsd">
  <atom:entry xmlns:georss="http://www.georss.org/georss" xsi:schemaLocation="http://www.w3.org/2005/Atom http://www.kbcafe.com/rss/atom.xsd.xml">
    <atom:author>
      <atom:name>pmshea</atom:name>
    </atom:author>
    <atom:category term="boundaries"/>
    <atom:category term="neighborhoods"/>
    <atom:category term="Social Cohesion"/>
    <atom:contributor>pmshea</atom:contributor>
    <atom:id>54fe9e60-92c6-11e9-9366-0242ac120003</atom:id>
    <dc:identifier>54fe9e60-92c6-11e9-9366-0242ac120003</dc:identifier>
    <atom:link href="http://dataexchange.asu.edu:80/gs/ows?service=WMS&amp;request=GetLegendGraphic&amp;format=image/png&amp;WIDTH=20&amp;HEIGHT=20&amp;LAYER=geonode:a__2015_Phx_Police_Beats&amp;STYLE=a__2015_Phx_Police_Beats&amp;legend_options=fontAntiAliasing:true;fontSize:12;forceLabels:on" title="Phoenix Police Beats (Legend Format)" type="WWW:DOWNLOAD-1.0-http--download"/>
    <atom:link href="http://dataexchange.asu.edu:80/gs/ows?layers=geonode%3Aa__2015_Phx_Police_Beats&amp;service=WMS&amp;format=image%2Fpng&amp;request=GetMap&amp;height=550&amp;width=292&amp;bbox=575833.696562600000000%2C833267.213132924000000%2C697312.122753081000000%2C1061795.138483590000000&amp;srs=EPSG%3A2868" title="Phoenix Police Beats (PNG Format)" type="WWW:DOWNLOAD-1.0-http--download"/>
    <atom:link href="http://dataexchange.asu.edu:80/gs/ows?layers=geonode%3Aa__2015_Phx_Police_Beats&amp;service=WMS&amp;format=application%2Fpdf&amp;request=GetMap&amp;height=550&amp;width=292&amp;bbox=575833.696562600000000%2C833267.213132924000000%2C697312.122753081000000%2C1061795.138483590000000&amp;srs=EPSG%3A2868" title="Phoenix Police Beats (PDF Format)" type="WWW:DOWNLOAD-1.0-http--download"/>
    <atom:link href="http://dataexchange.asu.edu:80/gs/ows?layers=geonode%3Aa__2015_Phx_Police_Beats&amp;service=WMS&amp;format=image%2Fjpeg&amp;request=GetMap&amp;height=550&amp;width=292&amp;bbox=575833.696562600000000%2C833267.213132924000000%2C697312.122753081000000%2C1061795.138483590000000&amp;srs=EPSG%3A2868" title="Phoenix Police Beats (JPEG Format)" type="WWW:DOWNLOAD-1.0-http--download"/>
    <atom:link href="http://dataexchange.asu.edu:80/gs/ows" title="OGC WMS: geonode Service" type="OGC:WMS"/>
    <atom:link href="http://dataexchange.asu.edu:80/layers/geonode:a__2015_Phx_Police_Beats" title="Web address (URL)" type="WWW:LINK-1.0-http--link"/>
    <atom:link href="http://dataexchange.asu.edu:80/gs/ows?srsName=EPSG%3A2868&amp;outputFormat=json&amp;service=WFS&amp;srs=EPSG%3A2868&amp;request=GetFeature&amp;typename=geonode%3Aa__2015_Phx_Police_Beats&amp;version=1.0.0" title="Phoenix Police Beats (GeoJSON Format)" type="WWW:DOWNLOAD-1.0-http--download"/>
    <atom:link href="http://dataexchange.asu.edu:80/gs/ows?outputFormat=excel&amp;service=WFS&amp;srs=EPSG%3A2868&amp;request=GetFeature&amp;typename=geonode%3Aa__2015_Phx_Police_Beats&amp;version=1.0.0" title="Phoenix Police Beats (Excel Format)" type="WWW:DOWNLOAD-1.0-http--download"/>
    <atom:link href="http://dataexchange.asu.edu:80/gs/ows?outputFormat=csv&amp;service=WFS&amp;srs=EPSG%3A2868&amp;request=GetFeature&amp;typename=geonode%3Aa__2015_Phx_Police_Beats&amp;version=1.0.0" title="Phoenix Police Beats (CSV Format)" type="WWW:DOWNLOAD-1.0-http--download"/>
    <atom:link href="http://dataexchange.asu.edu:80/gs/ows?outputFormat=text%2Fxml%3B+subtype%3Dgml%2F3.1.1&amp;service=WFS&amp;srs=EPSG%3A2868&amp;request=GetFeature&amp;typename=geonode%3Aa__2015_Phx_Police_Beats&amp;version=1.0.0" title="Phoenix Police Beats (GML 3.1.1 Format)" type="WWW:DOWNLOAD-1.0-http--download"/>
    <atom:link href="http://dataexchange.asu.edu:80/gs/ows?outputFormat=gml2&amp;service=WFS&amp;srs=EPSG%3A2868&amp;request=GetFeature&amp;typename=geonode%3Aa__2015_Phx_Police_Beats&amp;version=1.0.0" title="Phoenix Police Beats (GML 2.0 Format)" type="WWW:DOWNLOAD-1.0-http--download"/>
    <atom:link href="http://dataexchange.asu.edu:80/gs/ows?outputFormat=SHAPE-ZIP&amp;service=WFS&amp;srs=EPSG%3A2868&amp;request=GetFeature&amp;format_options=charset%3AUTF-8&amp;typename=geonode%3Aa__2015_Phx_Police_Beats&amp;version=1.0.0" title="Phoenix Police Beats (Zipped Shapefile Format)" type="WWW:DOWNLOAD-1.0-http--download"/>
    <atom:link href="http://dataexchange.asu.edu:80/download/34" title="Phoenix Police Beats (Original Dataset Format)" type="WWW:DOWNLOAD-1.0-http--download"/>
    <atom:link href="http://dataexchange.asu.edu:80/catalogue/csw?service=CSW&amp;version=2.0.2&amp;request=GetRepositoryItem&amp;id=54fe9e60-92c6-11e9-9366-0242ac120003"/>
    <atom:title>Phoenix Police Beats</atom:title>
    <atom:updated>2019-06-19T19:13:00Z</atom:updated>
    <atom:published>2019-06-19T19:13:00Z</atom:published>
    <atom:summary>Boundary shapefile of police beats ranging over the City of Phoenix for year 2015</atom:summary>
    <georss:where>
      <gml:Envelope srsName="http://www.opengis.net/def/crs/EPSG/0/4326">
        <gml:lowerCorner>33.2899532668 -112.325968459</gml:lowerCorner>
        <gml:upperCorner>33.9186846851 -111.925463074</gml:upperCorner>
      </gml:Envelope>
    </georss:where>
  </atom:entry>
</csw:GetRecordByIdResponse>
