<?xml version="1.0" encoding="UTF-8" standalone="no"?>
<!-- pycsw 2.4.0 -->
<csw:GetRecordByIdResponse xmlns:atom="http://www.w3.org/2005/Atom" xmlns:csw="http://www.opengis.net/cat/csw/2.0.2" xmlns:dc="http://purl.org/dc/elements/1.1/" xmlns:dct="http://purl.org/dc/terms/" xmlns:gmd="http://www.isotc211.org/2005/gmd" xmlns:gml="http://www.opengis.net/gml" xmlns:ows="http://www.opengis.net/ows" xmlns:xs="http://www.w3.org/2001/XMLSchema" xmlns:xsi="http://www.w3.org/2001/XMLSchema-instance" xsi:schemaLocation="http://www.opengis.net/cat/csw/2.0.2 http://schemas.opengis.net/csw/2.0.2/CSW-discovery.xsd">
  <atom:entry xmlns:georss="http://www.georss.org/georss" xsi:schemaLocation="http://www.w3.org/2005/Atom http://www.kbcafe.com/rss/atom.xsd.xml">
    <atom:author>
      <atom:name>Sarbeswar Praharaj</atom:name>
    </atom:author>
    <atom:category term="features"/>
    <atom:category term="InitialUnemployment0"/>
    <atom:contributor>Sarbeswar Praharaj</atom:contributor>
    <atom:id>8f4c9164-c27a-11ea-9017-0242ac120006</atom:id>
    <dc:identifier>8f4c9164-c27a-11ea-9017-0242ac120006</dc:identifier>
    <atom:link href="http://dataexchange.asu.edu:80/gs/ows?outputFormat=excel&amp;service=WFS&amp;srs=EPSG%3A3742&amp;request=GetFeature&amp;typename=geonode%3AInitialUnemployment0&amp;version=1.0.0" title="Initial Unemployment Claims (Excel Format)" type="WWW:DOWNLOAD-1.0-http--download"/>
    <atom:link href="http://dataexchange.asu.edu:80/gs/ows?srsName=EPSG%3A3742&amp;outputFormat=json&amp;service=WFS&amp;srs=EPSG%3A3742&amp;request=GetFeature&amp;typename=geonode%3AInitialUnemployment0&amp;version=1.0.0" title="Initial Unemployment Claims (GeoJSON Format)" type="WWW:DOWNLOAD-1.0-http--download"/>
    <atom:link href="http://dataexchange.asu.edu:80/download/194" title="Initial Unemployment Claims (Original Dataset Format)" type="WWW:DOWNLOAD-1.0-http--download"/>
    <atom:link href="http://dataexchange.asu.edu:80/gs/ows?layers=geonode%3AInitialUnemployment0&amp;service=WMS&amp;format=image%2Fjpeg&amp;request=GetMap&amp;height=550&amp;width=1100&amp;bbox=-180.000000000000000%2C-90.000000000000000%2C180.000000000000000%2C90.000000000000000&amp;srs=EPSG%3A4326" title="Initial Unemployment Claims (JPEG Format)" type="WWW:DOWNLOAD-1.0-http--download"/>
    <atom:link href="http://dataexchange.asu.edu:80/gs/ows?layers=geonode%3AInitialUnemployment0&amp;service=WMS&amp;format=application%2Fpdf&amp;request=GetMap&amp;height=550&amp;width=1100&amp;bbox=-180.000000000000000%2C-90.000000000000000%2C180.000000000000000%2C90.000000000000000&amp;srs=EPSG%3A4326" title="Initial Unemployment Claims (PDF Format)" type="WWW:DOWNLOAD-1.0-http--download"/>
    <atom:link href="http://dataexchange.asu.edu:80/gs/ows?layers=geonode%3AInitialUnemployment0&amp;service=WMS&amp;format=image%2Fpng&amp;request=GetMap&amp;height=550&amp;width=1100&amp;bbox=-180.000000000000000%2C-90.000000000000000%2C180.000000000000000%2C90.000000000000000&amp;srs=EPSG%3A4326" title="Initial Unemployment Claims (PNG Format)" type="WWW:DOWNLOAD-1.0-http--download"/>
    <atom:link href="http://dataexchange.asu.edu:80/gs/ows?outputFormat=SHAPE-ZIP&amp;service=WFS&amp;srs=EPSG%3A4326&amp;request=GetFeature&amp;format_options=charset%3AUTF-8&amp;typename=geonode%3AInitialUnemployment0&amp;version=1.0.0" title="Initial Unemployment Claims (Zipped Shapefile Format)" type="WWW:DOWNLOAD-1.0-http--download"/>
    <atom:link href="http://dataexchange.asu.edu:80/gs/ows?outputFormat=gml2&amp;service=WFS&amp;srs=EPSG%3A4326&amp;request=GetFeature&amp;typename=geonode%3AInitialUnemployment0&amp;version=1.0.0" title="Initial Unemployment Claims (GML 2.0 Format)" type="WWW:DOWNLOAD-1.0-http--download"/>
    <atom:link href="http://dataexchange.asu.edu:80/gs/ows?outputFormat=text%2Fxml%3B+subtype%3Dgml%2F3.1.1&amp;service=WFS&amp;srs=EPSG%3A4326&amp;request=GetFeature&amp;typename=geonode%3AInitialUnemployment0&amp;version=1.0.0" title="Initial Unemployment Claims (GML 3.1.1 Format)" type="WWW:DOWNLOAD-1.0-http--download"/>
    <atom:link href="http://dataexchange.asu.edu:80/gs/ows?outputFormat=csv&amp;service=WFS&amp;srs=EPSG%3A4326&amp;request=GetFeature&amp;typename=geonode%3AInitialUnemployment0&amp;version=1.0.0" title="Initial Unemployment Claims (CSV Format)" type="WWW:DOWNLOAD-1.0-http--download"/>
    <atom:link href="http://dataexchange.asu.edu:80/gs/ows?outputFormat=excel&amp;service=WFS&amp;srs=EPSG%3A4326&amp;request=GetFeature&amp;typename=geonode%3AInitialUnemployment0&amp;version=1.0.0" title="Initial Unemployment Claims (Excel Format)" type="WWW:DOWNLOAD-1.0-http--download"/>
    <atom:link href="http://dataexchange.asu.edu:80/gs/ows?srsName=EPSG%3A4326&amp;outputFormat=json&amp;service=WFS&amp;srs=EPSG%3A4326&amp;request=GetFeature&amp;typename=geonode%3AInitialUnemployment0&amp;version=1.0.0" title="Initial Unemployment Claims (GeoJSON Format)" type="WWW:DOWNLOAD-1.0-http--download"/>
    <atom:link href="http://dataexchange.asu.edu:80/layers/geonode:InitialUnemployment0" title="Web address (URL)" type="WWW:LINK-1.0-http--link"/>
    <atom:link href="http://dataexchange.asu.edu:80/gs/ows" title="OGC WMS: geonode Service" type="OGC:WMS"/>
    <atom:link href="37.0210181795" title="Initial Unemployment Claims (Remote Thumbnail Format)" type="WWW:DOWNLOAD-1.0-http--download"/>
    <atom:link href="http://dataexchange.asu.edu:80/uploaded/thumbs/layer-8f4c9164-c27a-11ea-9017-0242ac120006-thumb.png" title="Initial Unemployment Claims (Thumbnail Format)" type="WWW:DOWNLOAD-1.0-http--download"/>
    <atom:link href="http://dataexchange.asu.edu:80/gs/ows?outputFormat=SHAPE-ZIP&amp;service=WFS&amp;srs=EPSG%3A3742&amp;request=GetFeature&amp;format_options=charset%3AUTF-8&amp;typename=geonode%3AInitialUnemployment0&amp;version=1.0.0" title="Initial Unemployment Claims (Zipped Shapefile Format)" type="WWW:DOWNLOAD-1.0-http--download"/>
    <atom:link href="http://dataexchange.asu.edu:80/gs/ows?outputFormat=gml2&amp;service=WFS&amp;srs=EPSG%3A3742&amp;request=GetFeature&amp;typename=geonode%3AInitialUnemployment0&amp;version=1.0.0" title="Initial Unemployment Claims (GML 2.0 Format)" type="WWW:DOWNLOAD-1.0-http--download"/>
    <atom:link href="http://dataexchange.asu.edu:80/gs/ows?outputFormat=text%2Fxml%3B+subtype%3Dgml%2F3.1.1&amp;service=WFS&amp;srs=EPSG%3A3742&amp;request=GetFeature&amp;typename=geonode%3AInitialUnemployment0&amp;version=1.0.0" title="Initial Unemployment Claims (GML 3.1.1 Format)" type="WWW:DOWNLOAD-1.0-http--download"/>
    <atom:link href="http://dataexchange.asu.edu:80/gs/ows?outputFormat=csv&amp;service=WFS&amp;srs=EPSG%3A3742&amp;request=GetFeature&amp;typename=geonode%3AInitialUnemployment0&amp;version=1.0.0" title="Initial Unemployment Claims (CSV Format)" type="WWW:DOWNLOAD-1.0-http--download"/>
    <atom:link href="http://dataexchange.asu.edu:80/gs/ows?service=WMS&amp;request=GetLegendGraphic&amp;format=image/png&amp;WIDTH=20&amp;HEIGHT=20&amp;LAYER=geonode:InitialUnemployment0&amp;STYLE=InitialUnemployment0&amp;legend_options=fontAntiAliasing:true;fontSize:12;forceLabels:on" title="Initial Unemployment Claims (Legend Format)" type="WWW:DOWNLOAD-1.0-http--download"/>
    <atom:link href="http://dataexchange.asu.edu:80/catalogue/csw?service=CSW&amp;version=2.0.2&amp;request=GetRepositoryItem&amp;id=8f4c9164-c27a-11ea-9017-0242ac120006"/>
    <atom:title>Initial Unemployment Claims</atom:title>
    <atom:updated>2020-07-10T06:57:00Z</atom:updated>
    <atom:published>2020-07-10T06:57:00Z</atom:published>
    <atom:summary>No abstract provided</atom:summary>
    <georss:where>
      <gml:Envelope srsName="http://www.opengis.net/def/crs/EPSG/0/4326">
        <gml:lowerCorner>31.2771390426 -115.027296413</gml:lowerCorner>
        <gml:upperCorner>37.0210181795 -108.914334846</gml:upperCorner>
      </gml:Envelope>
    </georss:where>
  </atom:entry>
</csw:GetRecordByIdResponse>
