<?xml version="1.0" encoding="UTF-8" standalone="no"?>
<!-- pycsw 2.4.0 -->
<csw:GetRecordByIdResponse xmlns:atom="http://www.w3.org/2005/Atom" xmlns:csw="http://www.opengis.net/cat/csw/2.0.2" xmlns:dc="http://purl.org/dc/elements/1.1/" xmlns:dct="http://purl.org/dc/terms/" xmlns:gmd="http://www.isotc211.org/2005/gmd" xmlns:gml="http://www.opengis.net/gml" xmlns:ows="http://www.opengis.net/ows" xmlns:xs="http://www.w3.org/2001/XMLSchema" xmlns:xsi="http://www.w3.org/2001/XMLSchema-instance" xsi:schemaLocation="http://www.opengis.net/cat/csw/2.0.2 http://schemas.opengis.net/csw/2.0.2/CSW-discovery.xsd">
  <atom:entry xmlns:georss="http://www.georss.org/georss" xsi:schemaLocation="http://www.w3.org/2005/Atom http://www.kbcafe.com/rss/atom.xsd.xml">
    <atom:author>
      <atom:name>pyager1</atom:name>
    </atom:author>
    <atom:category term="Healthy Lifestyles to Grow Social Resilience"/>
    <atom:category term="neighborhoods"/>
    <atom:contributor>pyager1</atom:contributor>
    <atom:id>a74b6dc2-92be-11e9-b350-0242ac120008</atom:id>
    <dc:identifier>a74b6dc2-92be-11e9-b350-0242ac120008</dc:identifier>
    <atom:link href="http://dataexchange.asu.edu:80/gs/ows?service=WMS&amp;request=GetLegendGraphic&amp;format=image/png&amp;WIDTH=20&amp;HEIGHT=20&amp;LAYER=geonode:ArizonaPharmaciesProjected&amp;STYLE=ArizonaPharmaciesProjected&amp;legend_options=fontAntiAliasing:true;fontSize:12;forceLabels:on" title="Arizona Pharmacies (Legend Format)" type="WWW:DOWNLOAD-1.0-http--download"/>
    <atom:link href="http://dataexchange.asu.edu:80/gs/ows?layers=geonode%3AArizonaPharmaciesProjected&amp;service=WMS&amp;format=image%2Fpng&amp;request=GetMap&amp;height=550&amp;width=542&amp;bbox=-114.786445403000000%2C31.337386953000100%2C-109.285437434000000%2C36.918482641000000&amp;srs=EPSG%3A4326" title="Arizona Pharmacies (PNG Format)" type="WWW:DOWNLOAD-1.0-http--download"/>
    <atom:link href="http://dataexchange.asu.edu:80/gs/ows?layers=geonode%3AArizonaPharmaciesProjected&amp;service=WMS&amp;format=application%2Fpdf&amp;request=GetMap&amp;height=550&amp;width=542&amp;bbox=-114.786445403000000%2C31.337386953000100%2C-109.285437434000000%2C36.918482641000000&amp;srs=EPSG%3A4326" title="Arizona Pharmacies (PDF Format)" type="WWW:DOWNLOAD-1.0-http--download"/>
    <atom:link href="http://dataexchange.asu.edu:80/gs/ows?layers=geonode%3AArizonaPharmaciesProjected&amp;service=WMS&amp;format=image%2Fjpeg&amp;request=GetMap&amp;height=550&amp;width=542&amp;bbox=-114.786445403000000%2C31.337386953000100%2C-109.285437434000000%2C36.918482641000000&amp;srs=EPSG%3A4326" title="Arizona Pharmacies (JPEG Format)" type="WWW:DOWNLOAD-1.0-http--download"/>
    <atom:link href="http://dataexchange.asu.edu:80/gs/ows" title="OGC WMS: geonode Service" type="OGC:WMS"/>
    <atom:link href="http://dataexchange.asu.edu:80/layers/geonode:ArizonaPharmaciesProjected" title="Web address (URL)" type="WWW:LINK-1.0-http--link"/>
    <atom:link href="http://dataexchange.asu.edu:80/gs/ows?srsName=EPSG%3A4326&amp;outputFormat=json&amp;service=WFS&amp;srs=EPSG%3A4326&amp;request=GetFeature&amp;typename=geonode%3AArizonaPharmaciesProjected&amp;version=1.0.0" title="Arizona Pharmacies (GeoJSON Format)" type="WWW:DOWNLOAD-1.0-http--download"/>
    <atom:link href="http://dataexchange.asu.edu:80/gs/ows?outputFormat=excel&amp;service=WFS&amp;srs=EPSG%3A4326&amp;request=GetFeature&amp;typename=geonode%3AArizonaPharmaciesProjected&amp;version=1.0.0" title="Arizona Pharmacies (Excel Format)" type="WWW:DOWNLOAD-1.0-http--download"/>
    <atom:link href="http://dataexchange.asu.edu:80/gs/ows?outputFormat=csv&amp;service=WFS&amp;srs=EPSG%3A4326&amp;request=GetFeature&amp;typename=geonode%3AArizonaPharmaciesProjected&amp;version=1.0.0" title="Arizona Pharmacies (CSV Format)" type="WWW:DOWNLOAD-1.0-http--download"/>
    <atom:link href="http://dataexchange.asu.edu:80/gs/ows?outputFormat=text%2Fxml%3B+subtype%3Dgml%2F3.1.1&amp;service=WFS&amp;srs=EPSG%3A4326&amp;request=GetFeature&amp;typename=geonode%3AArizonaPharmaciesProjected&amp;version=1.0.0" title="Arizona Pharmacies (GML 3.1.1 Format)" type="WWW:DOWNLOAD-1.0-http--download"/>
    <atom:link href="http://dataexchange.asu.edu:80/gs/ows?outputFormat=gml2&amp;service=WFS&amp;srs=EPSG%3A4326&amp;request=GetFeature&amp;typename=geonode%3AArizonaPharmaciesProjected&amp;version=1.0.0" title="Arizona Pharmacies (GML 2.0 Format)" type="WWW:DOWNLOAD-1.0-http--download"/>
    <atom:link href="http://dataexchange.asu.edu:80/gs/ows?outputFormat=SHAPE-ZIP&amp;service=WFS&amp;srs=EPSG%3A4326&amp;request=GetFeature&amp;format_options=charset%3AUTF-8&amp;typename=geonode%3AArizonaPharmaciesProjected&amp;version=1.0.0" title="Arizona Pharmacies (Zipped Shapefile Format)" type="WWW:DOWNLOAD-1.0-http--download"/>
    <atom:link href="http://dataexchange.asu.edu:80/download/31" title="Arizona Pharmacies (Original Dataset Format)" type="WWW:DOWNLOAD-1.0-http--download"/>
    <atom:link href="http://dataexchange.asu.edu:80/catalogue/csw?service=CSW&amp;version=2.0.2&amp;request=GetRepositoryItem&amp;id=a74b6dc2-92be-11e9-b350-0242ac120008"/>
    <atom:title>Arizona Pharmacies</atom:title>
    <atom:updated>2019-06-19T18:18:00Z</atom:updated>
    <atom:published>2019-06-19T18:18:00Z</atom:published>
    <atom:summary>Location and supplemental information for open pharmacies that have been granted a permit from the Arizona State Board of Pharmacy.</atom:summary>
    <georss:where>
      <gml:Envelope srsName="http://www.opengis.net/def/crs/EPSG/0/4326">
        <gml:lowerCorner>31.337386953 -114.786445403</gml:lowerCorner>
        <gml:upperCorner>36.918482641 -109.285437434</gml:upperCorner>
      </gml:Envelope>
    </georss:where>
  </atom:entry>
</csw:GetRecordByIdResponse>
