<?xml version="1.0" encoding="UTF-8" standalone="no"?>
<!-- pycsw 2.4.0 -->
<csw:GetRecordByIdResponse xmlns:csw="http://www.opengis.net/cat/csw/2.0.2" xmlns:dc="http://purl.org/dc/elements/1.1/" xmlns:dct="http://purl.org/dc/terms/" xmlns:gmd="http://www.isotc211.org/2005/gmd" xmlns:gml="http://www.opengis.net/gml" xmlns:ows="http://www.opengis.net/ows" xmlns:xs="http://www.w3.org/2001/XMLSchema" xmlns:xsi="http://www.w3.org/2001/XMLSchema-instance" xsi:schemaLocation="http://www.opengis.net/cat/csw/2.0.2 http://schemas.opengis.net/csw/2.0.2/CSW-discovery.xsd">
  <csw:Record>
    <dc:identifier>b55f9406-9615-11e9-a5b1-0242ac120003</dc:identifier>
    <dc:title>Arizona Wind Turbines</dc:title>
    <dc:type>dataset</dc:type>
    <dc:subject>Economy</dc:subject>
    <dc:subject>environment</dc:subject>
    <dc:subject>Utilities</dc:subject>
    <dc:subject scheme="http://www.isotc211.org/2005/resources/Codelist/gmxCodelists.xml#MD_TopicCategoryCode">utilitiesCommunication</dc:subject>
    <dc:format>vector</dc:format>
    <dct:references scheme="WWW:DOWNLOAD-1.0-http--download">http://dataexchange.asu.edu:80/gs/ows?service=WMS&amp;request=GetLegendGraphic&amp;format=image/png&amp;WIDTH=20&amp;HEIGHT=20&amp;LAYER=geonode:azwind&amp;STYLE=azwind&amp;legend_options=fontAntiAliasing:true;fontSize:12;forceLabels:on</dct:references>
    <dct:references scheme="WWW:DOWNLOAD-1.0-http--download">http://dataexchange.asu.edu:80/gs/ows?layers=geonode%3Aazwind&amp;service=WMS&amp;format=image%2Fpng&amp;request=GetMap&amp;height=550&amp;width=551&amp;bbox=-114.071091000000000%2C31.505396000000000%2C-110.086136000000000%2C35.482895000000000&amp;srs=EPSG%3A4269</dct:references>
    <dct:references scheme="WWW:DOWNLOAD-1.0-http--download">http://dataexchange.asu.edu:80/gs/ows?layers=geonode%3Aazwind&amp;service=WMS&amp;format=application%2Fpdf&amp;request=GetMap&amp;height=550&amp;width=551&amp;bbox=-114.071091000000000%2C31.505396000000000%2C-110.086136000000000%2C35.482895000000000&amp;srs=EPSG%3A4269</dct:references>
    <dct:references scheme="WWW:DOWNLOAD-1.0-http--download">http://dataexchange.asu.edu:80/gs/ows?layers=geonode%3Aazwind&amp;service=WMS&amp;format=image%2Fjpeg&amp;request=GetMap&amp;height=550&amp;width=551&amp;bbox=-114.071091000000000%2C31.505396000000000%2C-110.086136000000000%2C35.482895000000000&amp;srs=EPSG%3A4269</dct:references>
    <dct:references scheme="OGC:WMS">http://dataexchange.asu.edu:80/gs/ows</dct:references>
    <dct:references scheme="WWW:LINK-1.0-http--link">http://dataexchange.asu.edu:80/layers/geonode:azwind</dct:references>
    <dct:references scheme="WWW:DOWNLOAD-1.0-http--download">http://dataexchange.asu.edu:80/gs/ows?srsName=EPSG%3A4269&amp;outputFormat=json&amp;service=WFS&amp;srs=EPSG%3A4269&amp;request=GetFeature&amp;typename=geonode%3Aazwind&amp;version=1.0.0</dct:references>
    <dct:references scheme="WWW:DOWNLOAD-1.0-http--download">http://dataexchange.asu.edu:80/gs/ows?outputFormat=excel&amp;service=WFS&amp;srs=EPSG%3A4269&amp;request=GetFeature&amp;typename=geonode%3Aazwind&amp;version=1.0.0</dct:references>
    <dct:references scheme="WWW:DOWNLOAD-1.0-http--download">http://dataexchange.asu.edu:80/gs/ows?outputFormat=csv&amp;service=WFS&amp;srs=EPSG%3A4269&amp;request=GetFeature&amp;typename=geonode%3Aazwind&amp;version=1.0.0</dct:references>
    <dct:references scheme="WWW:DOWNLOAD-1.0-http--download">http://dataexchange.asu.edu:80/gs/ows?outputFormat=text%2Fxml%3B+subtype%3Dgml%2F3.1.1&amp;service=WFS&amp;srs=EPSG%3A4269&amp;request=GetFeature&amp;typename=geonode%3Aazwind&amp;version=1.0.0</dct:references>
    <dct:references scheme="WWW:DOWNLOAD-1.0-http--download">http://dataexchange.asu.edu:80/gs/ows?outputFormat=gml2&amp;service=WFS&amp;srs=EPSG%3A4269&amp;request=GetFeature&amp;typename=geonode%3Aazwind&amp;version=1.0.0</dct:references>
    <dct:references scheme="WWW:DOWNLOAD-1.0-http--download">http://dataexchange.asu.edu:80/gs/ows?outputFormat=SHAPE-ZIP&amp;service=WFS&amp;srs=EPSG%3A4269&amp;request=GetFeature&amp;format_options=charset%3AUTF-8&amp;typename=geonode%3Aazwind&amp;version=1.0.0</dct:references>
    <dct:references scheme="WWW:DOWNLOAD-1.0-http--download">http://dataexchange.asu.edu:80/download/39</dct:references>
    <dct:modified>2019-06-24T00:19:00Z</dct:modified>
    <dct:abstract>This dataset provides locations and technical specifications of wind turbines in the United States, almost all of which are utility-scale. Utility-scale turbines are ones that generate power and feed it into the grid, supplying a utility with energy. They are usually much larger than turbines that would feed a homeowner or business.</dct:abstract>
    <dc:date>2019-06-24T00:19:00Z</dc:date>
    <dc:creator>pyager1</dc:creator>
    <dc:publisher>pyager1</dc:publisher>
    <dc:contributor>pyager1</dc:contributor>
    <dc:language>eng</dc:language>
    <dct:alternative>geonode:azwind</dct:alternative>
    <dct:spatial scheme="http://www.opengis.net/def/crs">EPSG:4269</dct:spatial>
    <ows:BoundingBox crs="urn:x-ogc:def:crs:EPSG:6.11:4326" dimensions="2">
      <ows:LowerCorner>31.505396 -114.071091</ows:LowerCorner>
      <ows:UpperCorner>35.482895 -110.086136</ows:UpperCorner>
    </ows:BoundingBox>
  </csw:Record>
</csw:GetRecordByIdResponse>
