<?xml version="1.0" encoding="UTF-8" standalone="no"?>
<!-- pycsw 2.4.0 -->
<csw:GetRecordByIdResponse xmlns:atom="http://www.w3.org/2005/Atom" xmlns:csw="http://www.opengis.net/cat/csw/2.0.2" xmlns:dc="http://purl.org/dc/elements/1.1/" xmlns:dct="http://purl.org/dc/terms/" xmlns:gmd="http://www.isotc211.org/2005/gmd" xmlns:gml="http://www.opengis.net/gml" xmlns:ows="http://www.opengis.net/ows" xmlns:xs="http://www.w3.org/2001/XMLSchema" xmlns:xsi="http://www.w3.org/2001/XMLSchema-instance" xsi:schemaLocation="http://www.opengis.net/cat/csw/2.0.2 http://schemas.opengis.net/csw/2.0.2/CSW-discovery.xsd">
  <atom:entry xmlns:georss="http://www.georss.org/georss" xsi:schemaLocation="http://www.w3.org/2005/Atom http://www.kbcafe.com/rss/atom.xsd.xml">
    <atom:author>
      <atom:name>pyager1</atom:name>
    </atom:author>
    <atom:category term="environment"/>
    <atom:category term="neighborhoods"/>
    <atom:category term="Society"/>
    <atom:contributor>pyager1</atom:contributor>
    <atom:id>a28f73aa-8ef4-11e9-a014-0242ac120003</atom:id>
    <dc:identifier>a28f73aa-8ef4-11e9-a014-0242ac120003</dc:identifier>
    <atom:link href="http://dataexchange.asu.edu:80/gs/ows?layers=geonode%3Aa__2014_Arizona_Golf_Courses&amp;service=WMS&amp;format=image%2Fpng&amp;request=GetMap&amp;height=550&amp;width=460&amp;bbox=-159928.466507658000000%2C129227.196769834000000%2C1538263.920457550000000%2C2156472.506561690000000&amp;srs=EPSG%3A2868" title="Arizona Golf Courses (PNG Format)" type="WWW:DOWNLOAD-1.0-http--download"/>
    <atom:link href="http://dataexchange.asu.edu:80/gs/ows?layers=geonode%3Aa__2014_Arizona_Golf_Courses&amp;service=WMS&amp;format=application%2Fpdf&amp;request=GetMap&amp;height=550&amp;width=460&amp;bbox=-159928.466507658000000%2C129227.196769834000000%2C1538263.920457550000000%2C2156472.506561690000000&amp;srs=EPSG%3A2868" title="Arizona Golf Courses (PDF Format)" type="WWW:DOWNLOAD-1.0-http--download"/>
    <atom:link href="http://dataexchange.asu.edu:80/gs/ows?layers=geonode%3Aa__2014_Arizona_Golf_Courses&amp;service=WMS&amp;format=image%2Fjpeg&amp;request=GetMap&amp;height=550&amp;width=460&amp;bbox=-159928.466507658000000%2C129227.196769834000000%2C1538263.920457550000000%2C2156472.506561690000000&amp;srs=EPSG%3A2868" title="Arizona Golf Courses (JPEG Format)" type="WWW:DOWNLOAD-1.0-http--download"/>
    <atom:link href="http://dataexchange.asu.edu:80/gs/ows" title="OGC WMS: geonode Service" type="OGC:WMS"/>
    <atom:link href="http://dataexchange.asu.edu:80/layers/geonode:a__2014_Arizona_Golf_Courses" title="Web address (URL)" type="WWW:LINK-1.0-http--link"/>
    <atom:link href="http://dataexchange.asu.edu:80/gs/ows?srsName=EPSG%3A2868&amp;outputFormat=json&amp;service=WFS&amp;srs=EPSG%3A2868&amp;request=GetFeature&amp;typename=geonode%3Aa__2014_Arizona_Golf_Courses&amp;version=1.0.0" title="Arizona Golf Courses (GeoJSON Format)" type="WWW:DOWNLOAD-1.0-http--download"/>
    <atom:link href="http://dataexchange.asu.edu:80/gs/ows?outputFormat=excel&amp;service=WFS&amp;srs=EPSG%3A2868&amp;request=GetFeature&amp;typename=geonode%3Aa__2014_Arizona_Golf_Courses&amp;version=1.0.0" title="Arizona Golf Courses (Excel Format)" type="WWW:DOWNLOAD-1.0-http--download"/>
    <atom:link href="http://dataexchange.asu.edu:80/gs/ows?outputFormat=csv&amp;service=WFS&amp;srs=EPSG%3A2868&amp;request=GetFeature&amp;typename=geonode%3Aa__2014_Arizona_Golf_Courses&amp;version=1.0.0" title="Arizona Golf Courses (CSV Format)" type="WWW:DOWNLOAD-1.0-http--download"/>
    <atom:link href="http://dataexchange.asu.edu:80/gs/ows?outputFormat=text%2Fxml%3B+subtype%3Dgml%2F3.1.1&amp;service=WFS&amp;srs=EPSG%3A2868&amp;request=GetFeature&amp;typename=geonode%3Aa__2014_Arizona_Golf_Courses&amp;version=1.0.0" title="Arizona Golf Courses (GML 3.1.1 Format)" type="WWW:DOWNLOAD-1.0-http--download"/>
    <atom:link href="http://dataexchange.asu.edu:80/gs/ows?outputFormat=gml2&amp;service=WFS&amp;srs=EPSG%3A2868&amp;request=GetFeature&amp;typename=geonode%3Aa__2014_Arizona_Golf_Courses&amp;version=1.0.0" title="Arizona Golf Courses (GML 2.0 Format)" type="WWW:DOWNLOAD-1.0-http--download"/>
    <atom:link href="http://dataexchange.asu.edu:80/gs/ows?outputFormat=SHAPE-ZIP&amp;service=WFS&amp;srs=EPSG%3A2868&amp;request=GetFeature&amp;format_options=charset%3AUTF-8&amp;typename=geonode%3Aa__2014_Arizona_Golf_Courses&amp;version=1.0.0" title="Arizona Golf Courses (Zipped Shapefile Format)" type="WWW:DOWNLOAD-1.0-http--download"/>
    <atom:link href="http://dataexchange.asu.edu:80/download/4" title="Arizona Golf Courses (Original Dataset Format)" type="WWW:DOWNLOAD-1.0-http--download"/>
    <atom:link href="http://dataexchange.asu.edu:80/catalogue/csw?service=CSW&amp;version=2.0.2&amp;request=GetRepositoryItem&amp;id=a28f73aa-8ef4-11e9-a014-0242ac120003"/>
    <atom:title>Arizona Golf Courses</atom:title>
    <atom:updated>2014-01-01</atom:updated>
    <atom:published>2014-01-01</atom:published>
    <atom:rights>formal permission to do something</atom:rights>
    <atom:summary>A polygon layer of golf course boundaries. The original data came from Maricopa County. The original data was edited for location and content and golf courses for other counties were added based on ESRI and Bing aerials as well as individual county parcel spatial layers. Generally, the polygons follow parcel boundaries where appropriate. In other cases, the boundary was drawn based on the general tee box and greens for the course based on aerial photos. Some tabular data was obtained by web research from a number of various sites.</atom:summary>
    <georss:where>
      <gml:Envelope srsName="http://www.opengis.net/def/crs/EPSG/0/4326">
        <gml:lowerCorner>31.325743591 -114.856990469</gml:lowerCorner>
        <gml:upperCorner>36.8917170771 -109.050334378</gml:upperCorner>
      </gml:Envelope>
    </georss:where>
  </atom:entry>
</csw:GetRecordByIdResponse>
