<?xml version="1.0" encoding="UTF-8" standalone="no"?>
<!-- pycsw 2.4.0 -->
<csw:GetRecordByIdResponse xmlns:csw="http://www.opengis.net/cat/csw/2.0.2" xmlns:dc="http://purl.org/dc/elements/1.1/" xmlns:dct="http://purl.org/dc/terms/" xmlns:gmd="http://www.isotc211.org/2005/gmd" xmlns:gml="http://www.opengis.net/gml" xmlns:ows="http://www.opengis.net/ows" xmlns:rim="urn:oasis:names:tc:ebxml-regrep:xsd:rim:3.0" xmlns:xs="http://www.w3.org/2001/XMLSchema" xmlns:xsi="http://www.w3.org/2001/XMLSchema-instance" xsi:schemaLocation="http://www.opengis.net/cat/csw/2.0.2 http://schemas.opengis.net/csw/2.0.2/CSW-discovery.xsd">
  <rim:ExtrinsicObject xsi:schemaLocation="http://www.opengis.net/cat/wrs/1.0 http://schemas.opengis.net/csw/2.0.2/profiles/ebrim/1.0/csw-ebrim.xsd" id="a28f73aa-8ef4-11e9-a014-0242ac120003" lid="a28f73aa-8ef4-11e9-a014-0242ac120003" objectType="dataset" status="urn:oasis:names:tc:ebxml-regrep:StatusType:Submitted">
    <rim:VersionInfo versionName=""/>
    <rim:ExternalIdentifier id="a28f73aa-8ef4-11e9-a014-0242ac120003" identificationScheme="foo" registryObject="None" value="a28f73aa-8ef4-11e9-a014-0242ac120003"/>
    <rim:Name>
      <rim:LocalizedString value="Arizona Golf Courses"/>
    </rim:Name>
    <rim:Description>
      <rim:LocalizedString value="A polygon layer of golf course boundaries. The original data came from Maricopa County. The original data was edited for location and content and golf courses for other counties were added based on ESRI and Bing aerials as well as individual county parcel spatial layers. Generally, the polygons follow parcel boundaries where appropriate. In other cases, the boundary was drawn based on the general tee box and greens for the course based on aerial photos. Some tabular data was obtained by web research from a number of various sites."/>
    </rim:Description>
    <rim:Slot slotType="urn:ogc:def:dataType:ISO-19107:2003:GM_Envelope">
      <rim:ValueList>
        <rim:Value>
          <ows:BoundingBox crs="urn:x-ogc:def:crs:EPSG:6.11:4326" dimensions="2">
            <ows:LowerCorner>31.325743591 -114.856990469</ows:LowerCorner>
            <ows:UpperCorner>36.8917170771 -109.050334378</ows:UpperCorner>
          </ows:BoundingBox>
        </rim:Value>
      </rim:ValueList>
    </rim:Slot>
    <rim:Slot name="http://purl.org/dc/elements/1.1/subject">
      <rim:ValueList>
        <rim:Value>environment</rim:Value>
        <rim:Value>neighborhoods</rim:Value>
        <rim:Value>Society</rim:Value>
      </rim:ValueList>
    </rim:Slot>
  </rim:ExtrinsicObject>
</csw:GetRecordByIdResponse>
