<?xml version="1.0" encoding="UTF-8" standalone="no"?>
<!-- pycsw 2.4.0 -->
<csw:GetRecordByIdResponse xmlns:csw="http://www.opengis.net/cat/csw/2.0.2" xmlns:dc="http://purl.org/dc/elements/1.1/" xmlns:dct="http://purl.org/dc/terms/" xmlns:gmd="http://www.isotc211.org/2005/gmd" xmlns:gml="http://www.opengis.net/gml" xmlns:ows="http://www.opengis.net/ows" xmlns:xs="http://www.w3.org/2001/XMLSchema" xmlns:xsi="http://www.w3.org/2001/XMLSchema-instance" xsi:schemaLocation="http://www.opengis.net/cat/csw/2.0.2 http://schemas.opengis.net/csw/2.0.2/CSW-discovery.xsd">
  <metadata xsi:noNamespaceSchemaLocation="http://www.fgdc.gov/metadata/fgdc-std-001-1998.xsd">
    <idinfo>
      <datasetid>a28f73aa-8ef4-11e9-a014-0242ac120003</datasetid>
      <citation>
        <citeinfo>
          <title>Arizona Golf Courses</title>
          <publinfo>
            <publish>pyager1</publish>
          </publinfo>
          <origin>pyager1</origin>
          <geoform>vector</geoform>
          <onlink></onlink>
          <onlink type="WWW:DOWNLOAD-1.0-http--download">http://dataexchange.asu.edu:80/gs/ows?layers=geonode%3Aa__2014_Arizona_Golf_Courses&amp;service=WMS&amp;format=image%2Fpng&amp;request=GetMap&amp;height=550&amp;width=460&amp;bbox=-159928.466507658000000%2C129227.196769834000000%2C1538263.920457550000000%2C2156472.506561690000000&amp;srs=EPSG%3A2868</onlink>
          <onlink type="WWW:DOWNLOAD-1.0-http--download">http://dataexchange.asu.edu:80/gs/ows?layers=geonode%3Aa__2014_Arizona_Golf_Courses&amp;service=WMS&amp;format=application%2Fpdf&amp;request=GetMap&amp;height=550&amp;width=460&amp;bbox=-159928.466507658000000%2C129227.196769834000000%2C1538263.920457550000000%2C2156472.506561690000000&amp;srs=EPSG%3A2868</onlink>
          <onlink type="WWW:DOWNLOAD-1.0-http--download">http://dataexchange.asu.edu:80/gs/ows?layers=geonode%3Aa__2014_Arizona_Golf_Courses&amp;service=WMS&amp;format=image%2Fjpeg&amp;request=GetMap&amp;height=550&amp;width=460&amp;bbox=-159928.466507658000000%2C129227.196769834000000%2C1538263.920457550000000%2C2156472.506561690000000&amp;srs=EPSG%3A2868</onlink>
          <onlink type="OGC:WMS">http://dataexchange.asu.edu:80/gs/ows</onlink>
          <onlink type="WWW:LINK-1.0-http--link">http://dataexchange.asu.edu:80/layers/geonode:a__2014_Arizona_Golf_Courses</onlink>
          <onlink type="WWW:DOWNLOAD-1.0-http--download">http://dataexchange.asu.edu:80/gs/ows?srsName=EPSG%3A2868&amp;outputFormat=json&amp;service=WFS&amp;srs=EPSG%3A2868&amp;request=GetFeature&amp;typename=geonode%3Aa__2014_Arizona_Golf_Courses&amp;version=1.0.0</onlink>
          <onlink type="WWW:DOWNLOAD-1.0-http--download">http://dataexchange.asu.edu:80/gs/ows?outputFormat=excel&amp;service=WFS&amp;srs=EPSG%3A2868&amp;request=GetFeature&amp;typename=geonode%3Aa__2014_Arizona_Golf_Courses&amp;version=1.0.0</onlink>
          <onlink type="WWW:DOWNLOAD-1.0-http--download">http://dataexchange.asu.edu:80/gs/ows?outputFormat=csv&amp;service=WFS&amp;srs=EPSG%3A2868&amp;request=GetFeature&amp;typename=geonode%3Aa__2014_Arizona_Golf_Courses&amp;version=1.0.0</onlink>
          <onlink type="WWW:DOWNLOAD-1.0-http--download">http://dataexchange.asu.edu:80/gs/ows?outputFormat=text%2Fxml%3B+subtype%3Dgml%2F3.1.1&amp;service=WFS&amp;srs=EPSG%3A2868&amp;request=GetFeature&amp;typename=geonode%3Aa__2014_Arizona_Golf_Courses&amp;version=1.0.0</onlink>
          <onlink type="WWW:DOWNLOAD-1.0-http--download">http://dataexchange.asu.edu:80/gs/ows?outputFormat=gml2&amp;service=WFS&amp;srs=EPSG%3A2868&amp;request=GetFeature&amp;typename=geonode%3Aa__2014_Arizona_Golf_Courses&amp;version=1.0.0</onlink>
          <onlink type="WWW:DOWNLOAD-1.0-http--download">http://dataexchange.asu.edu:80/gs/ows?outputFormat=SHAPE-ZIP&amp;service=WFS&amp;srs=EPSG%3A2868&amp;request=GetFeature&amp;format_options=charset%3AUTF-8&amp;typename=geonode%3Aa__2014_Arizona_Golf_Courses&amp;version=1.0.0</onlink>
          <onlink type="WWW:DOWNLOAD-1.0-http--download">http://dataexchange.asu.edu:80/download/4</onlink>
        </citeinfo>
      </citation>
      <keywords>
        <theme>
          <themekey>environment</themekey>
          <themekey>neighborhoods</themekey>
          <themekey>Society</themekey>
        </theme>
      </keywords>
      <accconst>formal permission to do something</accconst>
      <descript>
        <abstract>A polygon layer of golf course boundaries. The original data came from Maricopa County. The original data was edited for location and content and golf courses for other counties were added based on ESRI and Bing aerials as well as individual county parcel spatial layers. Generally, the polygons follow parcel boundaries where appropriate. In other cases, the boundary was drawn based on the general tee box and greens for the course based on aerial photos. Some tabular data was obtained by web research from a number of various sites.</abstract>
      </descript>
      <spdom>
        <bounding>
          <westbc>-114.856990469</westbc>
          <eastbc>-109.050334378</eastbc>
          <northbc>36.8917170771</northbc>
          <southbc>31.325743591</southbc>
        </bounding>
      </spdom>
      <datacred>pyager1</datacred>
      <spdoinfo>
        <direct>dataset</direct>
      </spdoinfo>
    </idinfo>
    <distinfo>
      <stdorder>
        <digform>
          <digtinfo>
            <formname>vector</formname>
          </digtinfo>
        </digform>
      </stdorder>
    </distinfo>
    <lineage>
      <srcinfo>
        <srccite>
          <citeinfo>
            <title></title>
          </citeinfo>
        </srccite>
      </srcinfo>
    </lineage>
    <metainfo>
      <metd>2014-01-01</metd>
    </metainfo>
  </metadata>
</csw:GetRecordByIdResponse>
