<?xml version="1.0" encoding="UTF-8" standalone="no"?>
<!-- pycsw 2.4.0 -->
<csw:GetRecordByIdResponse xmlns:csw="http://www.opengis.net/cat/csw/2.0.2" xmlns:dc="http://purl.org/dc/elements/1.1/" xmlns:dct="http://purl.org/dc/terms/" xmlns:gco="http://www.isotc211.org/2005/gco" xmlns:gmd="http://www.isotc211.org/2005/gmd" xmlns:gml="http://www.opengis.net/gml" xmlns:ows="http://www.opengis.net/ows" xmlns:xlink="http://www.w3.org/1999/xlink" xmlns:xs="http://www.w3.org/2001/XMLSchema" xmlns:xsi="http://www.w3.org/2001/XMLSchema-instance" xsi:schemaLocation="http://www.opengis.net/cat/csw/2.0.2 http://schemas.opengis.net/csw/2.0.2/CSW-discovery.xsd">
  <gmd:MD_Metadata xsi:schemaLocation="http://www.isotc211.org/2005/gmd http://www.isotc211.org/2005/gmd/gmd.xsd">
   <gmd:fileIdentifier>
     <gco:CharacterString>a28f73aa-8ef4-11e9-a014-0242ac120003</gco:CharacterString>
   </gmd:fileIdentifier>
   <gmd:language>
     <gco:CharacterString>eng</gco:CharacterString>
   </gmd:language>
   <gmd:characterSet>
     <gmd:MD_CharacterSetCode codeSpace="ISOTC211/19115" codeList="http://www.isotc211.org/2005/resources/Codelist/gmxCodelists.xml#MD_CharacterSetCode" codeListValue="utf8">utf8</gmd:MD_CharacterSetCode>
   </gmd:characterSet>
   <gmd:hierarchyLevel>
    <gmd:MD_ScopeCode codeSpace="ISOTC211/19115" codeList="http://www.isotc211.org/2005/resources/Codelist/gmxCodelists.xml#MD_ScopeCode" codeListValue="dataset">dataset</gmd:MD_ScopeCode>
   </gmd:hierarchyLevel>


   
   <gmd:contact>
     <gmd:CI_ResponsibleParty>
       <gmd:individualName gco:nilReason="missing">
         
       </gmd:individualName>
       <gmd:organisationName gco:nilReason="missing">
         
       </gmd:organisationName>
       <gmd:positionName gco:nilReason="missing">
         
       </gmd:positionName>
       <gmd:contactInfo>
         <gmd:CI_Contact>
           <gmd:phone>
             <gmd:CI_Telephone>
               <gmd:voice gco:nilReason="missing">
                 
               </gmd:voice>
               <gmd:facsimile gco:nilReason="missing">
                 
               </gmd:facsimile>
             </gmd:CI_Telephone>
           </gmd:phone>
           <gmd:address>
             <gmd:CI_Address>
               <gmd:deliveryPoint gco:nilReason="missing">
                 
               </gmd:deliveryPoint>
               <gmd:city gco:nilReason="missing">
                 
               </gmd:city>
               <gmd:administrativeArea gco:nilReason="missing">
                 
               </gmd:administrativeArea>
               <gmd:postalCode gco:nilReason="missing">
                 
               </gmd:postalCode>
               <gmd:country gco:nilReason="missing">
                 
               </gmd:country>
               <gmd:electronicMailAddress>
                 <gco:CharacterString>pyager1@asu.edu</gco:CharacterString>
               </gmd:electronicMailAddress>
             </gmd:CI_Address>
           </gmd:address>
           
         </gmd:CI_Contact>
       </gmd:contactInfo>
       <gmd:role>
         <gmd:CI_RoleCode codeSpace="ISOTC211/19115" codeList="http://www.isotc211.org/2005/resources/Codelist/gmxCodelists.xml#CI_RoleCode" codeListValue="pointOfContact">pointOfContact</gmd:CI_RoleCode>
       </gmd:role>
     </gmd:CI_ResponsibleParty>
   </gmd:contact>
   

   
   <gmd:contact>
     <gmd:CI_ResponsibleParty>
       <gmd:individualName gco:nilReason="missing">
         
       </gmd:individualName>
       <gmd:organisationName gco:nilReason="missing">
         
       </gmd:organisationName>
       <gmd:positionName gco:nilReason="missing">
         
       </gmd:positionName>
       <gmd:contactInfo>
         <gmd:CI_Contact>
           <gmd:phone>
             <gmd:CI_Telephone>
               <gmd:voice gco:nilReason="missing">
                 
               </gmd:voice>
               <gmd:facsimile gco:nilReason="missing">
                 
               </gmd:facsimile>
             </gmd:CI_Telephone>
           </gmd:phone>
           <gmd:address>
             <gmd:CI_Address>
               <gmd:deliveryPoint gco:nilReason="missing">
                 
               </gmd:deliveryPoint>
               <gmd:city gco:nilReason="missing">
                 
               </gmd:city>
               <gmd:administrativeArea gco:nilReason="missing">
                 
               </gmd:administrativeArea>
               <gmd:postalCode gco:nilReason="missing">
                 
               </gmd:postalCode>
               <gmd:country gco:nilReason="missing">
                 
               </gmd:country>
               <gmd:electronicMailAddress>
                 <gco:CharacterString>pyager1@asu.edu</gco:CharacterString>
               </gmd:electronicMailAddress>
             </gmd:CI_Address>
           </gmd:address>
           
         </gmd:CI_Contact>
       </gmd:contactInfo>
       <gmd:role>
         <gmd:CI_RoleCode codeSpace="ISOTC211/19115" codeList="http://www.isotc211.org/2005/resources/Codelist/gmxCodelists.xml#CI_RoleCode" codeListValue="author">author</gmd:CI_RoleCode>
       </gmd:role>
     </gmd:CI_ResponsibleParty>
   </gmd:contact>
   


   <gmd:dateStamp>
     <gco:DateTime>2019-07-18T21:29:07Z</gco:DateTime>
   </gmd:dateStamp>
   <gmd:metadataStandardName>
     <gco:CharacterString>ISO 19115:2003 - Geographic information - Metadata</gco:CharacterString>
   </gmd:metadataStandardName>
   <gmd:metadataStandardVersion>
     <gco:CharacterString>ISO 19115:2003</gco:CharacterString>
   </gmd:metadataStandardVersion>
   <gmd:spatialRepresentationInfo/>
   <gmd:referenceSystemInfo>
     <gmd:MD_ReferenceSystem>
       <gmd:referenceSystemIdentifier>
         <gmd:RS_Identifier>
           <gmd:code>
             <gco:CharacterString>4326</gco:CharacterString>
           </gmd:code>
           <gmd:codeSpace>
             <gco:CharacterString>EPSG</gco:CharacterString>
           </gmd:codeSpace>
           <gmd:version>
             <gco:CharacterString>6.11</gco:CharacterString>
           </gmd:version>
         </gmd:RS_Identifier>
       </gmd:referenceSystemIdentifier>
     </gmd:MD_ReferenceSystem>
   </gmd:referenceSystemInfo>

   <gmd:identificationInfo>
     <gmd:MD_DataIdentification>
       <gmd:citation>
         <gmd:CI_Citation>
           
           <gmd:name>
             <gco:CharacterString>geonode:a__2014_Arizona_Golf_Courses</gco:CharacterString>
           </gmd:name>
           
           <gmd:title>
             <gco:CharacterString>Arizona Golf Courses</gco:CharacterString>
           </gmd:title>
           <gmd:date>
             <gmd:CI_Date>
               <gmd:date>
                 <gco:DateTime>2014-01-01T00:00:00Z</gco:DateTime>
               </gmd:date>
               <gmd:dateType>
                 <gmd:CI_DateTypeCode codeSpace="ISOTC211/19115" codeList="http://www.isotc211.org/2005/resources/Codelist/gmxCodelists.xml#CI_DateTypeCode" codeListValue="publication">publication</gmd:CI_DateTypeCode>
               </gmd:dateType>
             </gmd:CI_Date>
           </gmd:date>
           <gmd:edition gco:nilReason="missing">
                 
           </gmd:edition>
           <gmd:presentationForm>
             <gmd:CI_PresentationFormCode codeSpace="ISOTC211/19115" codeList="http://www.isotc211.org/2005/resources/Codelist/gmxCodelists.xml#CI_PresentationFormCode" codeListValue="mapDigital">mapDigital</gmd:CI_PresentationFormCode>
           </gmd:presentationForm>
         </gmd:CI_Citation>
       </gmd:citation>
       <gmd:abstract>
         <gco:CharacterString>A polygon layer of golf course boundaries. The original data came from Maricopa County. The original data was edited for location and content and golf courses for other counties were added based on ESRI and Bing aerials as well as individual county parcel spatial layers. Generally, the polygons follow parcel boundaries where appropriate. In other cases, the boundary was drawn based on the general tee box and greens for the course based on aerial photos. Some tabular data was obtained by web research from a number of various sites.</gco:CharacterString>
       </gmd:abstract>
       <gmd:purpose gco:nilReason="missing">
             
       </gmd:purpose>
       <gmd:status>
         <gmd:MD_ProgressCode codeSpace="ISOTC211/19115" codeList="http://www.isotc211.org/2005/resources/Codelist/gmxCodelists.xml#MD_ProgressCode" codeListValue="completed">completed</gmd:MD_ProgressCode>
       </gmd:status>

       
       <gmd:pointOfContact>
         <gmd:CI_ResponsibleParty>
           <gmd:individualName gco:nilReason="missing">
             
           </gmd:individualName>
           <gmd:organisationName gco:nilReason="missing">
             
           </gmd:organisationName>
           <gmd:positionName gco:nilReason="missing">
             
           </gmd:positionName>
           <gmd:contactInfo>
             <gmd:CI_Contact>
               <gmd:phone>
                 <gmd:CI_Telephone>
                   <gmd:voice gco:nilReason="missing">
                     
                   </gmd:voice>
                   <gmd:facsimile gco:nilReason="missing">
                     
                   </gmd:facsimile>
                 </gmd:CI_Telephone>
               </gmd:phone>
               <gmd:address>
                 <gmd:CI_Address>
                   <gmd:deliveryPoint gco:nilReason="missing">
                     
                   </gmd:deliveryPoint>
                   <gmd:city gco:nilReason="missing">
                     
                   </gmd:city>
                   <gmd:administrativeArea gco:nilReason="missing">
                     
                   </gmd:administrativeArea>
                   <gmd:postalCode gco:nilReason="missing">
                     
                   </gmd:postalCode>
                   <gmd:country gco:nilReason="missing">
                     
                   </gmd:country>
                   <gmd:electronicMailAddress>
                     <gco:CharacterString>pyager1@asu.edu</gco:CharacterString>
                   </gmd:electronicMailAddress>
                 </gmd:CI_Address>
               </gmd:address>
               
             </gmd:CI_Contact>
           </gmd:contactInfo>
           <gmd:role>
             <gmd:CI_RoleCode codeSpace="ISOTC211/19115" codeList="http://www.isotc211.org/2005/resources/Codelist/gmxCodelists.xml#CI_RoleCode" codeListValue="originator">originator</gmd:CI_RoleCode>
           </gmd:role>
         </gmd:CI_ResponsibleParty>
       </gmd:pointOfContact>
       

       
       <gmd:resourceMaintenance>
         <gmd:MD_MaintenanceInformation>
           <gmd:maintenanceAndUpdateFrequency>
             <gmd:MD_MaintenanceFrequencyCode codeSpace="ISOTC211/19115" codeList="http://www.isotc211.org/2005/resources/Codelist/gmxCodelists.xml#MD_MaintenanceFrequencyCode" codeListValue="notPlanned">notPlanned</gmd:MD_MaintenanceFrequencyCode>
           </gmd:maintenanceAndUpdateFrequency>
         </gmd:MD_MaintenanceInformation>
       </gmd:resourceMaintenance>
       
       <gmd:graphicOverview>
         <gmd:MD_BrowseGraphic>
           <gmd:fileName>
             <gco:CharacterString>/static/geonode/img/missing_thumb.png</gco:CharacterString>
           </gmd:fileName>
           <gmd:fileDescription>
             <gco:CharacterString>Thumbnail for 'Arizona Golf Courses'</gco:CharacterString>
           </gmd:fileDescription>
           <gmd:fileType>
             <gco:CharacterString>image/png</gco:CharacterString>
           </gmd:fileType>
         </gmd:MD_BrowseGraphic>
       </gmd:graphicOverview>
       <gmd:resourceFormat>
         <gmd:MD_Format>
           <gmd:name>
             
             <gco:CharacterString>ESRI Shapefile</gco:CharacterString>
             
           </gmd:name>
           <gmd:version>
             <gco:CharacterString>1.0</gco:CharacterString>
           </gmd:version>
         </gmd:MD_Format>
       </gmd:resourceFormat>
       
       <gmd:descriptiveKeywords>
         <gmd:MD_Keywords>
           
           <gmd:keyword>
             <gco:CharacterString>environment</gco:CharacterString>
           </gmd:keyword>
           
           <gmd:keyword>
             <gco:CharacterString>neighborhoods</gco:CharacterString>
           </gmd:keyword>
           
           <gmd:keyword>
             <gco:CharacterString>Society</gco:CharacterString>
           </gmd:keyword>
           
           <gmd:type>
              <gmd:MD_KeywordTypeCode codeSpace="ISOTC211/19115" codeList="http://www.isotc211.org/2005/resources/Codelist/gmxCodelists.xml#MD_KeywordTypeCode" codeListValue="theme">theme</gmd:MD_KeywordTypeCode>
            </gmd:type>
         </gmd:MD_Keywords>
       </gmd:descriptiveKeywords>
       
       
       <gmd:descriptiveKeywords>
         <gmd:MD_Keywords>
           <gmd:keyword>
             <gco:CharacterString>United States of America</gco:CharacterString>
           </gmd:keyword>
           <gmd:type>
              <gmd:MD_KeywordTypeCode codeSpace="ISOTC211/19115" codeList="http://www.isotc211.org/2005/resources/Codelist/gmxCodelists.xml#MD_KeywordTypeCode" codeListValue="place">place</gmd:MD_KeywordTypeCode>
            </gmd:type>
         </gmd:MD_Keywords>
       </gmd:descriptiveKeywords>
       
       
       
       <gmd:resourceConstraints>
         <gmd:MD_LegalConstraints>
           <gmd:useConstraints>
             <gmd:MD_RestrictionCode codeSpace="ISOTC211/19115" codeList="http://www.isotc211.org/2005/resources/Codelist/gmxCodelists.xml#MD_RestrictionCode" codeListValue="license">license</gmd:MD_RestrictionCode>
           </gmd:useConstraints>
           <gmd:otherConstraints>
             <gco:CharacterString>Not Specified: The original author did not specify a license.</gco:CharacterString>
           </gmd:otherConstraints>
         </gmd:MD_LegalConstraints>
       </gmd:resourceConstraints>
       
       <gmd:resourceConstraints>
         <gmd:MD_LegalConstraints>
           <gmd:useConstraints>
              <gmd:MD_RestrictionCode codeSpace="ISOTC211/19115" codeList="http://www.isotc211.org/2005/resources/Codelist/gmxCodelists.xml#MD_RestrictionCode" codeListValue="license">license</gmd:MD_RestrictionCode>
           </gmd:useConstraints>
           <gmd:otherConstraints>
             <gco:CharacterString>Any redistribution of this data in strictly prohibited unless with the previous written consent of Central Arizona Project.</gco:CharacterString>
           </gmd:otherConstraints>
         </gmd:MD_LegalConstraints>
       </gmd:resourceConstraints>
       <gmd:spatialRepresentationType>
         <gmd:MD_SpatialRepresentationTypeCode codeSpace="ISOTC211/19115" codeList="http://www.isotc211.org/2005/resources/Codelist/gmxCodelists.xml#MD_SpatialRepresentationTypeCode" codeListValue="vector">vector</gmd:MD_SpatialRepresentationTypeCode>
       </gmd:spatialRepresentationType>
       <gmd:language>
         <gco:CharacterString>eng</gco:CharacterString>
       </gmd:language>
       <gmd:characterSet>
         <gmd:MD_CharacterSetCode codeSpace="ISOTC211/19115" codeList="http://www.isotc211.org/2005/resources/Codelist/gmxCodelists.xml#MD_CharacterSetCode" codeListValue="utf8">utf8</gmd:MD_CharacterSetCode>
       </gmd:characterSet>
       <gmd:topicCategory>
         
         <gmd:MD_TopicCategoryCode>society</gmd:MD_TopicCategoryCode>
         
       </gmd:topicCategory>
       <gmd:extent>
         <gmd:EX_Extent>
           <gmd:geographicElement>
             <gmd:EX_GeographicBoundingBox>
               <gmd:westBoundLongitude>
                 <gco:Decimal>-114.856990469</gco:Decimal>
               </gmd:westBoundLongitude>
               <gmd:eastBoundLongitude>
                 <gco:Decimal>-109.050334378</gco:Decimal>
               </gmd:eastBoundLongitude>
               <gmd:southBoundLatitude>
                 <gco:Decimal>31.325743591</gco:Decimal>
               </gmd:southBoundLatitude>
               <gmd:northBoundLatitude>
                 <gco:Decimal>36.8917170771</gco:Decimal>
               </gmd:northBoundLatitude>
             </gmd:EX_GeographicBoundingBox>
           </gmd:geographicElement>
         </gmd:EX_Extent>
       </gmd:extent>
       
       <gmd:supplementalInformation>
         <gco:CharacterString>No information provided</gco:CharacterString>
       </gmd:supplementalInformation>
     </gmd:MD_DataIdentification>
   </gmd:identificationInfo>

   <gmd:contentInfo>
     
     <gmd:includedWithDataset>
       <gco:Boolean>0</gco:Boolean>
     </gmd:includedWithDataset>
     <gmd:MD_FeatureCatalogueDescription>
       <gmd:featureCatalogueCitation uuidref="a28f73aa-8ef4-11e9-a014-0242ac120003" xlink:href="http://dataexchange.asu.edu:80/layers/geonode:a__2014_Arizona_Golf_Courses/feature_catalogue"/>
     </gmd:MD_FeatureCatalogueDescription>
     
   </gmd:contentInfo>
   <gmd:distributionInfo>
     <gmd:MD_Distribution>
       <gmd:transferOptions>
         <gmd:MD_DigitalTransferOptions>
           <gmd:onLine>
             <gmd:CI_OnlineResource>
               <gmd:linkage>
                   <gmd:URL>http://dataexchange.asu.edu:80/layers/geonode:a__2014_Arizona_Golf_Courses</gmd:URL>
               </gmd:linkage>
               <gmd:protocol>
                 <gco:CharacterString>WWW:LINK-1.0-http--link</gco:CharacterString>
               </gmd:protocol>
               <gmd:description>
                 <gco:CharacterString>Online link to the 'Arizona Golf Courses' description on GeoNode</gco:CharacterString>
               </gmd:description>
             </gmd:CI_OnlineResource>
           </gmd:onLine>
           
           <gmd:onLine>
             <gmd:CI_OnlineResource>
               <gmd:linkage>
                 <gmd:URL>http://dataexchange.asu.edu:80/gs/ows?layers=geonode%3Aa__2014_Arizona_Golf_Courses&amp;service=WMS&amp;format=image%2Fpng&amp;request=GetMap&amp;height=550&amp;width=460&amp;bbox=-159928.466507658000000%2C129227.196769834000000%2C1538263.920457550000000%2C2156472.506561690000000&amp;srs=EPSG%3A2868</gmd:URL>
               </gmd:linkage>
               <gmd:protocol>
                 <gco:CharacterString>WWW:DOWNLOAD-1.0-http--download</gco:CharacterString>
               </gmd:protocol>
               <gmd:name>
                 <gco:CharacterString>a__2014_Arizona_Golf_Courses.png</gco:CharacterString>
               </gmd:name>
               <gmd:description>
                 <gco:CharacterString>Arizona Golf Courses (PNG Format)</gco:CharacterString>
               </gmd:description>
             </gmd:CI_OnlineResource>
           </gmd:onLine>
           
           <gmd:onLine>
             <gmd:CI_OnlineResource>
               <gmd:linkage>
                 <gmd:URL>http://dataexchange.asu.edu:80/gs/ows?layers=geonode%3Aa__2014_Arizona_Golf_Courses&amp;service=WMS&amp;format=application%2Fpdf&amp;request=GetMap&amp;height=550&amp;width=460&amp;bbox=-159928.466507658000000%2C129227.196769834000000%2C1538263.920457550000000%2C2156472.506561690000000&amp;srs=EPSG%3A2868</gmd:URL>
               </gmd:linkage>
               <gmd:protocol>
                 <gco:CharacterString>WWW:DOWNLOAD-1.0-http--download</gco:CharacterString>
               </gmd:protocol>
               <gmd:name>
                 <gco:CharacterString>a__2014_Arizona_Golf_Courses.pdf</gco:CharacterString>
               </gmd:name>
               <gmd:description>
                 <gco:CharacterString>Arizona Golf Courses (PDF Format)</gco:CharacterString>
               </gmd:description>
             </gmd:CI_OnlineResource>
           </gmd:onLine>
           
           <gmd:onLine>
             <gmd:CI_OnlineResource>
               <gmd:linkage>
                 <gmd:URL>http://dataexchange.asu.edu:80/gs/ows?layers=geonode%3Aa__2014_Arizona_Golf_Courses&amp;service=WMS&amp;format=image%2Fjpeg&amp;request=GetMap&amp;height=550&amp;width=460&amp;bbox=-159928.466507658000000%2C129227.196769834000000%2C1538263.920457550000000%2C2156472.506561690000000&amp;srs=EPSG%3A2868</gmd:URL>
               </gmd:linkage>
               <gmd:protocol>
                 <gco:CharacterString>WWW:DOWNLOAD-1.0-http--download</gco:CharacterString>
               </gmd:protocol>
               <gmd:name>
                 <gco:CharacterString>a__2014_Arizona_Golf_Courses.jpg</gco:CharacterString>
               </gmd:name>
               <gmd:description>
                 <gco:CharacterString>Arizona Golf Courses (JPEG Format)</gco:CharacterString>
               </gmd:description>
             </gmd:CI_OnlineResource>
           </gmd:onLine>
           
           <gmd:onLine>
             <gmd:CI_OnlineResource>
               <gmd:linkage>
                 <gmd:URL>http://dataexchange.asu.edu:80/gs/ows?srsName=EPSG%3A2868&amp;outputFormat=json&amp;service=WFS&amp;srs=EPSG%3A2868&amp;request=GetFeature&amp;typename=geonode%3Aa__2014_Arizona_Golf_Courses&amp;version=1.0.0</gmd:URL>
               </gmd:linkage>
               <gmd:protocol>
                 <gco:CharacterString>WWW:DOWNLOAD-1.0-http--download</gco:CharacterString>
               </gmd:protocol>
               <gmd:name>
                 <gco:CharacterString>a__2014_Arizona_Golf_Courses.json</gco:CharacterString>
               </gmd:name>
               <gmd:description>
                 <gco:CharacterString>Arizona Golf Courses (GeoJSON Format)</gco:CharacterString>
               </gmd:description>
             </gmd:CI_OnlineResource>
           </gmd:onLine>
           
           <gmd:onLine>
             <gmd:CI_OnlineResource>
               <gmd:linkage>
                 <gmd:URL>http://dataexchange.asu.edu:80/gs/ows?outputFormat=excel&amp;service=WFS&amp;srs=EPSG%3A2868&amp;request=GetFeature&amp;typename=geonode%3Aa__2014_Arizona_Golf_Courses&amp;version=1.0.0</gmd:URL>
               </gmd:linkage>
               <gmd:protocol>
                 <gco:CharacterString>WWW:DOWNLOAD-1.0-http--download</gco:CharacterString>
               </gmd:protocol>
               <gmd:name>
                 <gco:CharacterString>a__2014_Arizona_Golf_Courses.excel</gco:CharacterString>
               </gmd:name>
               <gmd:description>
                 <gco:CharacterString>Arizona Golf Courses (Excel Format)</gco:CharacterString>
               </gmd:description>
             </gmd:CI_OnlineResource>
           </gmd:onLine>
           
           <gmd:onLine>
             <gmd:CI_OnlineResource>
               <gmd:linkage>
                 <gmd:URL>http://dataexchange.asu.edu:80/gs/ows?outputFormat=csv&amp;service=WFS&amp;srs=EPSG%3A2868&amp;request=GetFeature&amp;typename=geonode%3Aa__2014_Arizona_Golf_Courses&amp;version=1.0.0</gmd:URL>
               </gmd:linkage>
               <gmd:protocol>
                 <gco:CharacterString>WWW:DOWNLOAD-1.0-http--download</gco:CharacterString>
               </gmd:protocol>
               <gmd:name>
                 <gco:CharacterString>a__2014_Arizona_Golf_Courses.csv</gco:CharacterString>
               </gmd:name>
               <gmd:description>
                 <gco:CharacterString>Arizona Golf Courses (CSV Format)</gco:CharacterString>
               </gmd:description>
             </gmd:CI_OnlineResource>
           </gmd:onLine>
           
           <gmd:onLine>
             <gmd:CI_OnlineResource>
               <gmd:linkage>
                 <gmd:URL>http://dataexchange.asu.edu:80/gs/ows?outputFormat=text%2Fxml%3B+subtype%3Dgml%2F3.1.1&amp;service=WFS&amp;srs=EPSG%3A2868&amp;request=GetFeature&amp;typename=geonode%3Aa__2014_Arizona_Golf_Courses&amp;version=1.0.0</gmd:URL>
               </gmd:linkage>
               <gmd:protocol>
                 <gco:CharacterString>WWW:DOWNLOAD-1.0-http--download</gco:CharacterString>
               </gmd:protocol>
               <gmd:name>
                 <gco:CharacterString>a__2014_Arizona_Golf_Courses.gml</gco:CharacterString>
               </gmd:name>
               <gmd:description>
                 <gco:CharacterString>Arizona Golf Courses (GML 3.1.1 Format)</gco:CharacterString>
               </gmd:description>
             </gmd:CI_OnlineResource>
           </gmd:onLine>
           
           <gmd:onLine>
             <gmd:CI_OnlineResource>
               <gmd:linkage>
                 <gmd:URL>http://dataexchange.asu.edu:80/gs/ows?outputFormat=gml2&amp;service=WFS&amp;srs=EPSG%3A2868&amp;request=GetFeature&amp;typename=geonode%3Aa__2014_Arizona_Golf_Courses&amp;version=1.0.0</gmd:URL>
               </gmd:linkage>
               <gmd:protocol>
                 <gco:CharacterString>WWW:DOWNLOAD-1.0-http--download</gco:CharacterString>
               </gmd:protocol>
               <gmd:name>
                 <gco:CharacterString>a__2014_Arizona_Golf_Courses.gml</gco:CharacterString>
               </gmd:name>
               <gmd:description>
                 <gco:CharacterString>Arizona Golf Courses (GML 2.0 Format)</gco:CharacterString>
               </gmd:description>
             </gmd:CI_OnlineResource>
           </gmd:onLine>
           
           <gmd:onLine>
             <gmd:CI_OnlineResource>
               <gmd:linkage>
                 <gmd:URL>http://dataexchange.asu.edu:80/gs/ows?outputFormat=SHAPE-ZIP&amp;service=WFS&amp;srs=EPSG%3A2868&amp;request=GetFeature&amp;format_options=charset%3AUTF-8&amp;typename=geonode%3Aa__2014_Arizona_Golf_Courses&amp;version=1.0.0</gmd:URL>
               </gmd:linkage>
               <gmd:protocol>
                 <gco:CharacterString>WWW:DOWNLOAD-1.0-http--download</gco:CharacterString>
               </gmd:protocol>
               <gmd:name>
                 <gco:CharacterString>a__2014_Arizona_Golf_Courses.zip</gco:CharacterString>
               </gmd:name>
               <gmd:description>
                 <gco:CharacterString>Arizona Golf Courses (Zipped Shapefile Format)</gco:CharacterString>
               </gmd:description>
             </gmd:CI_OnlineResource>
           </gmd:onLine>
           
           <gmd:onLine>
             <gmd:CI_OnlineResource>
               <gmd:linkage>
                 <gmd:URL>http://dataexchange.asu.edu:80/download/4</gmd:URL>
               </gmd:linkage>
               <gmd:protocol>
                 <gco:CharacterString>WWW:DOWNLOAD-1.0-http--download</gco:CharacterString>
               </gmd:protocol>
               <gmd:name>
                 <gco:CharacterString>a__2014_Arizona_Golf_Courses.zip</gco:CharacterString>
               </gmd:name>
               <gmd:description>
                 <gco:CharacterString>Arizona Golf Courses (Original Dataset Format)</gco:CharacterString>
               </gmd:description>
             </gmd:CI_OnlineResource>
           </gmd:onLine>
           
           
           <gmd:onLine>
             <gmd:CI_OnlineResource>
               <gmd:linkage>
                 <gmd:URL>http://dataexchange.asu.edu:80/gs/ows</gmd:URL>
               </gmd:linkage>
               <gmd:protocol>
                 <gco:CharacterString>OGC:WMS</gco:CharacterString>
               </gmd:protocol>
               <gmd:name>
                 <gco:CharacterString>geonode:a__2014_Arizona_Golf_Courses</gco:CharacterString>
               </gmd:name>
               <gmd:description>
                 <gco:CharacterString>geonode Service - Provides Layer: Arizona Golf Courses</gco:CharacterString>
               </gmd:description>
             </gmd:CI_OnlineResource>
           </gmd:onLine>
           
         </gmd:MD_DigitalTransferOptions>
       </gmd:transferOptions>
     </gmd:MD_Distribution>
   </gmd:distributionInfo>
   <gmd:dataQualityInfo>
     <gmd:DQ_DataQuality>
       <gmd:scope>
         <gmd:DQ_Scope>
           <gmd:level>
             <gmd:MD_ScopeCode codeSpace="ISOTC211/19115" codeList="http://www.isotc211.org/2005/resources/Codelist/gmxCodelists.xml#MD_ScopeCode" codeListValue="dataset">dataset</gmd:MD_ScopeCode>
           </gmd:level>
         </gmd:DQ_Scope>
       </gmd:scope>
       <gmd:lineage>
         <gmd:LI_Lineage>
           <gmd:statement><gco:CharacterString>This data is subject to change and portions may be incorrect or not current. It is the sole responsibility of the user to determine the suitability of this information. No warranty or guarantee of fitness is implied. Central Arizona Project shall have neither liability nor responsibility to any person or entity with respect to any loss or damage in connection with or arising from the information contained.</gco:CharacterString></gmd:statement>
         </gmd:LI_Lineage>
       </gmd:lineage>
     </gmd:DQ_DataQuality>
   </gmd:dataQualityInfo>
 </gmd:MD_Metadata>
</csw:GetRecordByIdResponse>
